{
  "shop": [
    {
      "id": 19481,
      "amount": 1,
      "maxAmount": 2,
      "price": 10000,
      "effect": "NOTHING",
      "bonus": 0
    },
    {
      "id": 1033,
      "amount": 3,
      "maxAmount": 3,
      "price": 250000,
      "effect": "NOTHING",
      "bonus": 0
    },
    {
      "id": 19483,
      "amount": 1,
      "maxAmount": 1,
      "price": 50000,
      "effect": "NOTHING",
      "bonus": 0
    },
    {
      "id": 23124,
      "amount": 2,
      "maxAmount": 2,
      "price": 300000,
      "effect": "NOTHING",
      "bonus": 0
    },
    {
      "id": 15355,
      "amount": 1,
      "maxAmount": 1,
      "price": 3000000,
      "effect": "NOTHING",
      "bonus": 0
    },
    {
      "id": 19485,
      "amount": 1,
      "maxAmount": 1,
      "price": 200000,
      "effect": "NOTHING",
      "bonus": 0
    },
    {
      "id": 20427,
      "amount": 1,
      "maxAmount": 1,
      "price": 300000,
      "effect": "MAGIC_DAMAGE",
      "bonus": 1
    },
    {
      "id": 19489,
      "amount": 1,
      "maxAmount": 1,
      "price": 500000,
      "effect": "NOTHING",
      "bonus": 0
    },
    {
      "id": 23118,
      "amount": 1,
      "maxAmount": 1,
      "price": 300000,
      "effect": "NOTHING",
      "bonus": 0
    },
    {
      "id": 1027,
      "amount": 1,
      "maxAmount": 1,
      "price": 400000,
      "effect": "NOTHING",
      "bonus": 0
    },
    {
      "id": 23120,
      "amount": 1,
      "maxAmount": 1,
      "price": 1000000,
      "effect": "NOTHING",
      "bonus": 0
    },
    {
      "id": 17694,
      "amount": 1,
      "maxAmount": 1,
      "price": 300000,
      "effect": "NOTHING",
      "bonus": 0
    },
    {
      "id": 15358,
      "amount": 1,
      "maxAmount": 1,
      "price": 1500000,
      "effect": "NOTHING",
      "bonus": 0
    },
    {
      "id": 11195,
      "amount": 1,
      "maxAmount": 1,
      "price": 2000000,
      "effect": "NOTHING",
      "bonus": 0
    },
    {
      "id": 17702,
      "amount": 1,
      "maxAmount": 1,
      "price": 1000000,
      "effect": "NOTHING",
      "bonus": 0
    },
    {
      "id": 23020,
      "amount": 21,
      "maxAmount": 21,
      "price": 300000,
      "effect": "NOTHING",
      "bonus": 0
    },
    null,
    null,
    null,
    null,
    null,
    null,
    null,
    null,
    null,
    null,
    null,
    null,
    null,
    null,
    null,
    null
  ],
  "earnings": 9000000
}