{
  "shop": [
    {
      "id": 15647,
      "amount": 1,
      "maxAmount": 2,
      "price": 450000,
      "effect": "TRIPLE_KILLS",
      "bonus": 1
    },
    {
      "id": 15645,
      "amount": 2,
      "maxAmount": 2,
      "price": 450000,
      "effect": "TRIPLE_KILLS",
      "bonus": 1
    },
    {
      "id": 15647,
      "amount": 1,
      "maxAmount": 2,
      "price": 950000,
      "effect": "ALL_DAMAGE_HIGH",
      "bonus": 3
    },
    {
      "id": 15647,
      "amount": 2,
      "maxAmount": 2,
      "price": 950000,
      "effect": "TRIPLE_KILLS",
      "bonus": 2
    },
    {
      "id": 22135,
      "amount": 2,
      "maxAmount": 3,
      "price": 950000,
      "effect": "ALL_DAMAGE_HIGH",
      "bonus": 3
    },
    {
      "id": 21036,
      "amount": 1,
      "maxAmount": 1,
      "price": 100000,
      "effect": "DROP_RATE_LOW",
      "bonus": 10
    },
    {
      "id": 21047,
      "amount": 1,
      "maxAmount": 1,
      "price": 300000,
      "effect": "DOUBLE_DROP",
      "bonus": 19
    },
    {
      "id": 23022,
      "amount": 1,
      "maxAmount": 1,
      "price": 150000,
      "effect": "ALL_DAMAGE_LOW",
      "bonus": 1
    },
    {
      "id": 21043,
      "amount": 1,
      "maxAmount": 1,
      "price": 100000,
      "effect": "DOUBLE_DROP",
      "bonus": 17
    },
    null,
    null,
    null,
    null,
    null,
    null,
    null,
    null,
    null,
    null,
    null,
    null,
    null,
    null,
    null,
    null,
    null,
    null,
    null,
    null,
    null,
    null,
    null
  ],
  "earnings": 4100000
}