{
  "shop": [
    {
      "id": 19487,
      "amount": 1,
      "maxAmount": 3,
      "price": 10000,
      "effect": "NOTHING",
      "bonus": 0
    },
    {
      "id": 20590,
      "amount": 2,
      "maxAmount": 3,
      "price": 500000,
      "effect": "NOTHING",
      "bonus": 0
    },
    {
      "id": 20552,
      "amount": 1,
      "maxAmount": 1,
      "price": 1500000,
      "effect": "TRIPLE_KILLS",
      "bonus": 1
    },
    {
      "id": 20552,
      "amount": 1,
      "maxAmount": 1,
      "price": 800000,
      "effect": "NOTHING",
      "bonus": 0
    },
    {
      "id": 15585,
      "amount": 1,
      "maxAmount": 1,
      "price": 2500000,
      "effect": "NOTHING",
      "bonus": 0
    },
    {
      "id": 13332,
      "amount": 1,
      "maxAmount": 2,
      "price": 3000000,
      "effect": "NOTHING",
      "bonus": 0
    },
    {
      "id": 13328,
      "amount": 2,
      "maxAmount": 2,
      "price": 3500000,
      "effect": "NOTHING",
      "bonus": 0
    },
    {
      "id": 13328,
      "amount": 1,
      "maxAmount": 1,
      "price": 4000000,
      "effect": "DOUBLE_DROP",
      "bonus": 9
    },
    {
      "id": 13775,
      "amount": 2,
      "maxAmount": 2,
      "price": 6000000,
      "effect": "NOTHING",
      "bonus": 0
    },
    {
      "id": 13333,
      "amount": 1,
      "maxAmount": 1,
      "price": 3000000,
      "effect": "NOTHING",
      "bonus": 0
    },
    null,
    null,
    null,
    null,
    null,
    null,
    null,
    null,
    null,
    null,
    null,
    null,
    null,
    null,
    null,
    null,
    null,
    null,
    null,
    null,
    null,
    null
  ],
  "earnings": 21000000
}