{
  "shop": [
    {
      "id": 22132,
      "amount": 1,
      "maxAmount": 1,
      "price": 100000000,
      "effect": "NOTHING",
      "bonus": 0
    },
    {
      "id": 22130,
      "amount": 1,
      "maxAmount": 1,
      "price": 100000000,
      "effect": "NOTHING",
      "bonus": 0
    },
    {
      "id": 22131,
      "amount": 1,
      "maxAmount": 1,
      "price": 100000000,
      "effect": "NOTHING",
      "bonus": 0
    },
    {
      "id": 22129,
      "amount": 1,
      "maxAmount": 1,
      "price": 100000000,
      "effect": "NOTHING",
      "bonus": 0
    },
    {
      "id": 22128,
      "amount": 1,
      "maxAmount": 1,
      "price": 100000000,
      "effect": "NOTHING",
      "bonus": 0
    },
    {
      "id": 8410,
      "amount": 1,
      "maxAmount": 2,
      "price": 3000000,
      "effect": "ALL_DAMAGE_HIGH",
      "bonus": 3
    },
    {
      "id": 8410,
      "amount": 1,
      "maxAmount": 1,
      "price": 3000000,
      "effect": "MAGIC_DAMAGE",
      "bonus": 1
    },
    {
      "id": 8410,
      "amount": 1,
      "maxAmount": 1,
      "price": 3000000,
      "effect": "NOTHING",
      "bonus": 0
    },
    {
      "id": 13775,
      "amount": 4,
      "maxAmount": 4,
      "price": 10000000,
      "effect": "NOTHING",
      "bonus": 0
    },
    {
      "id": 20605,
      "amount": 1,
      "maxAmount": 2,
      "price": 7500000,
      "effect": "NOTHING",
      "bonus": 0
    },
    {
      "id": 1055,
      "amount": 2,
      "maxAmount": 2,
      "price": 2000000,
      "effect": "NOTHING",
      "bonus": 0
    },
    {
      "id": 1053,
      "amount": 2,
      "maxAmount": 2,
      "price": 2000000,
      "effect": "NOTHING",
      "bonus": 0
    },
    {
      "id": 1057,
      "amount": 5,
      "maxAmount": 5,
      "price": 2000000,
      "effect": "NOTHING",
      "bonus": 0
    },
    {
      "id": 13333,
      "amount": 1,
      "maxAmount": 1,
      "price": 4000000,
      "effect": "NOTHING",
      "bonus": 0
    },
    {
      "id": 20552,
      "amount": 1,
      "maxAmount": 2,
      "price": 750000,
      "effect": "NOTHING",
      "bonus": 0
    },
    {
      "id": 23170,
      "amount": 1,
      "maxAmount": 1,
      "price": 15000000,
      "effect": "NOTHING",
      "bonus": 0
    },
    {
      "id": 22135,
      "amount": 3,
      "maxAmount": 3,
      "price": 12500000,
      "effect": "AOE_EFFECT",
      "bonus": 1
    },
    {
      "id": 3082,
      "amount": 16,
      "maxAmount": 27,
      "price": 2500000,
      "effect": "NOTHING",
      "bonus": 0
    },
    {
      "id": 3086,
      "amount": 5,
      "maxAmount": 5,
      "price": 3500000,
      "effect": "NOTHING",
      "bonus": 0
    },
    {
      "id": 3088,
      "amount": 3,
      "maxAmount": 3,
      "price": 7000000,
      "effect": "NOTHING",
      "bonus": 0
    },
    {
      "id": 17544,
      "amount": 5,
      "maxAmount": 6,
      "price": 2000000,
      "effect": "NOTHING",
      "bonus": 0
    },
    {
      "id": 23168,
      "amount": 2,
      "maxAmount": 2,
      "price": 1000000,
      "effect": "NOTHING",
      "bonus": 0
    },
    null,
    null,
    null,
    null,
    null,
    null,
    null,
    null,
    null,
    null
  ],
  "earnings": 22650000
}