{
  "shop": [
    {
      "id": 4022,
      "amount": 1,
      "maxAmount": 1,
      "price": 1800000,
      "effect": "NOTHING",
      "bonus": 0
    },
    {
      "id": 20602,
      "amount": 1,
      "maxAmount": 1,
      "price": 1900000,
      "effect": "NOTHING",
      "bonus": 0
    },
    {
      "id": 2734,
      "amount": 30,
      "maxAmount": 30,
      "price": 400000,
      "effect": "NOTHING",
      "bonus": 0
    },
    null,
    null,
    null,
    null,
    null,
    null,
    null,
    null,
    null,
    null,
    null,
    null,
    null,
    null,
    null,
    null,
    null,
    null,
    null,
    null,
    null,
    null,
    null,
    null,
    null,
    null,
    null,
    null,
    null
  ],
  "earnings": 35845000
}