{
  "total-play-time-ms": 207725820,
  "username": "Celiss",
  "seed": [
    73,
    -128,
    -50,
    49,
    56,
    -36,
    -40,
    42,
    -17,
    44,
    -105,
    -108,
    -72,
    38,
    -14,
    -26,
    110,
    -98,
    -38,
    26,
    -73,
    1,
    -14,
    -50,
    42,
    15,
    -81,
    -2,
    101,
    -28,
    -38,
    -32
  ],
  "auth": [
    -8,
    -89,
    -123,
    -74,
    -45,
    61,
    -35,
    -78,
    30,
    -70,
    82,
    -3,
    89,
    26,
    0,
    -20,
    -33,
    12,
    -124,
    70,
    -17,
    111,
    21,
    10,
    -95,
    -39,
    -60,
    -18,
    28,
    45,
    123,
    -95
  ],
  "email": "null",
  "staff-rights": "TORMENTED_DONATOR",
  "game-mode": "NORMAL",
  "loyalty-title": "NONE",
  "yellhexcolor": "ffffff",
  "position": {
    "x": 2207,
    "y": 3746,
    "z": 0
  },
  "online-status": "ON",
  "given-starter": true,
  "has-pin2": true,
  "saved-pin2": "6701",
  "saved-ip": "68.83.169.58",
  "donated": 325,
  "current-boss-task": 0,
  "current-boss-amount": 0,
  "global-rate": 0,
  "peng-rate": 0,
  "slayer-rate": 0,
  "has-completed-boss-task": false,
  "current-daily-task-amount": 0,
  "current-daily-task-x-pos": 0,
  "current-daily-task-y-pos": 0,
  "current-daily-task-z-pos": 0,
  "current-daily-task-reward": 0,
  "uim-bank": {},
  "dg-floor": 0,
  "dg-prestige": 0,
  "clue-task": "NO_TASK",
  "clue-kc": 0,
  "daysVoted": 0,
  "totalTimesClaimed": 0,
  "longestDaysVoted": 0,
  "timeUntilNextReward": 0,
  "current-voting-streak": 0,
  "entriesCurrency": 0.0,
  "amount-donated-today": 325,
  "claimed-first": false,
  "claimed-second": false,
  "claimed-third": false,
  "last-donation": 0,
  "last-time-reset": 0,
  "is-secondary-equipment": false,
  "lastlogin": 1684675835542,
  "lastdailyclaim": 0,
  "lastvotetime": 0,
  "hasvotedtoday": false,
  "day1claimed": false,
  "day2claimed": false,
  "day3claimed": false,
  "day4claimed": false,
  "day5claimed": false,
  "day6claimed": false,
  "day7claimed": false,
  "minutes-bonus-exp": 672,
  "minutes-voting-dr": -1,
  "minutes-voting-dmg": 0,
  "total-gained-exp": 493665586,
  "barrows-points": 0,
  "donator-points": 275,
  "Skilling-points": 0,
  "prestige-points": 0,
  "achievement-points": 0,
  "dung-tokens": 0,
  "commendations": 0,
  "loyalty-points": 0,
  "total-loyalty-points": 0.0,
  "godmodetime": 0,
  "voting-points": 67,
  "tasks-completion": [
    false,
    false,
    false,
    true,
    true,
    false
  ],
  "tasks-progress": [
    999,
    0,
    0,
    0,
    0,
    0,
    0,
    0,
    0,
    0,
    0,
    0,
    0,
    0,
    0,
    0,
    0,
    0,
    0,
    0,
    0,
    0,
    0,
    0,
    0,
    0,
    0,
    0,
    0,
    0,
    0,
    0,
    0,
    0,
    0,
    0,
    0,
    0,
    0,
    0,
    0,
    0,
    0,
    0,
    0,
    0,
    0,
    0,
    0,
    0,
    0,
    0,
    0,
    0,
    0
  ],
  "total-prestiges": 0,
  "slayer-spree": 109,
  "npc-killcount": 36239,
  "spawn-killcount": 0,
  "lord-killcount": 0,
  "demon-killcount": 474,
  "dragon-killcount": 0,
  "beast-killcount": 0,
  "king-killcount": 0,
  "avatar-killcount": 704,
  "angel-killcount": 0,
  "lucien-killcount": 0,
  "hercules-killcount": 0,
  "satan-killcount": 850,
  "zeus-killcount": 0,
  "mini-lucifer-killcount": 0,
  "lucifer-killcount": 0,
  "event-points": 0,
  "boss-points": 0,
  "shilling-rate": 0,
  "slayer-points": 0,
  "pk-points": 0,
  "player-kills": 0,
  "player-killstreak": 0,
  "player-deaths": 0,
  "target-percentage": 0,
  "bh-rank": -1,
  "gender": "MALE",
  "spell-book": "NORMAL",
  "prayer-book": "CURSES",
  "running": true,
  "run-energy": 100,
  "music": false,
  "sounds": false,
  "auto-retaliate": true,
  "xp-locked": false,
  "veng-cast": false,
  "last-veng": 134006680,
  "fight-type": "LONGBOW_RAPID",
  "sol-effect": 0,
  "skull-timer": 0,
  "fuse-combination-timer": 0,
  "fuse-item-selected": 0,
  "claimed-fuse-item": true,
  "fuse-in-progress": false,
  "accept-aid": false,
  "poison-damage": 0,
  "poison-immunity": 0,
  "overload-timer": 0,
  "aggro-timer": 0,
  "exp-timer": 0,
  "dr-timer": 0,
  "ddr-timer": 0,
  "dmg-timer": 0,
  "double-dr-timer": 0,
  "double-ddr-timer": 0,
  "double-dmg-timer": 0,
  "fire-immunity": 0,
  "fire-damage-mod": 0,
  "prayer-renewal-timer": 0,
  "teleblock-timer": 0,
  "special-amount": 100,
  "entered-gwd-room": false,
  "gwd-altar-delay": 0,
  "gwd-killcount": [
    0,
    0,
    0,
    0
  ],
  "effigy": 0,
  "summon-npc": -1,
  "summon-death": -1,
  "process-farming": false,
  "clanchat": "Help",
  "autocast": false,
  "autocast-spell": -1,
  "dfs-charges": 0,
  "coins-gambled": 0,
  "slayer-master": "HARD_SLAYER",
  "slayer-task": "NO_TASK",
  "prev-slayer-task": "AVATAR_TITAN",
  "task-amount": 0,
  "task-streak": 109,
  "duo-partner": "null",
  "double-slay-xp": false,
  "recoil-deg": 0,
  "blowpipe-deg": 0,
  "brawlers-deg": [
    0,
    0,
    0,
    0,
    0,
    0,
    0,
    0,
    0,
    0,
    0
  ],
  "ancient-deg": [
    0,
    0,
    0,
    0,
    0,
    0,
    0,
    0,
    0,
    0,
    0,
    0,
    0,
    0,
    0
  ],
  "killed-players": [],
  "killed-gods": [
    false,
    false,
    false,
    false,
    false
  ],
  "vod-brother": [
    [
      9029,
      0
    ],
    [
      9028,
      0
    ],
    [
      9030,
      0
    ]
  ],
  "vod-killcount": 0,
  "hov-killcount": 0,
  "barrows-brother": [
    [
      2030,
      0
    ],
    [
      2029,
      0
    ],
    [
      2028,
      0
    ],
    [
      2027,
      0
    ],
    [
      2026,
      0
    ],
    [
      2025,
      0
    ]
  ],
  "random-coffin": 0,
  "barrows-killcount": 0,
  "nomad": [
    false,
    false
  ],
  "recipe-for-disaster": [
    false,
    false,
    false,
    false,
    false,
    false,
    false,
    false,
    false
  ],
  "recipe-for-disaster-wave": 0,
  "clue-progress": 0,
  "dung-items-bound": [
    0,
    0,
    0,
    0,
    0
  ],
  "collection-data": [
    {
      "npcId": 9837,
      "item": 995,
      "amount": 117
    },
    {
      "npcId": 9837,
      "item": 2023,
      "amount": 18
    },
    {
      "npcId": 9027,
      "item": 995,
      "amount": 224
    },
    {
      "npcId": 9027,
      "item": 2023,
      "amount": 25
    },
    {
      "npcId": 9027,
      "item": 19985,
      "amount": 2
    },
    {
      "npcId": 9027,
      "item": 14488,
      "amount": 1
    },
    {
      "npcId": 9835,
      "item": 995,
      "amount": 329
    },
    {
      "npcId": 9835,
      "item": 2023,
      "amount": 30
    },
    {
      "npcId": 9835,
      "item": 14488,
      "amount": 2
    },
    {
      "npcId": 9835,
      "item": 19991,
      "amount": 1
    },
    {
      "npcId": 9835,
      "item": 19985,
      "amount": 1
    },
    {
      "npcId": 9911,
      "item": 995,
      "amount": 442
    },
    {
      "npcId": 9911,
      "item": 2023,
      "amount": 43
    },
    {
      "npcId": 9911,
      "item": 19984,
      "amount": 1
    },
    {
      "npcId": 9911,
      "item": 19991,
      "amount": 1
    },
    {
      "npcId": 9911,
      "item": 19992,
      "amount": 1
    },
    {
      "npcId": 9911,
      "item": 19988,
      "amount": 1
    },
    {
      "npcId": 9922,
      "item": 995,
      "amount": 554
    },
    {
      "npcId": 9922,
      "item": 2023,
      "amount": 55
    },
    {
      "npcId": 9922,
      "item": 19984,
      "amount": 2
    },
    {
      "npcId": 9922,
      "item": 19988,
      "amount": 2
    },
    {
      "npcId": 9922,
      "item": 19992,
      "amount": 3
    },
    {
      "npcId": 9922,
      "item": 19986,
      "amount": 1
    },
    {
      "npcId": 9922,
      "item": 19989,
      "amount": 2
    },
    {
      "npcId": 9838,
      "item": 995,
      "amount": 775
    },
    {
      "npcId": 9838,
      "item": 2023,
      "amount": 176
    },
    {
      "npcId": 9838,
      "item": 20087,
      "amount": 6
    },
    {
      "npcId": 9838,
      "item": 14487,
      "amount": 3
    },
    {
      "npcId": 9838,
      "item": 20093,
      "amount": 5
    },
    {
      "npcId": 9838,
      "item": 20089,
      "amount": 2
    },
    {
      "npcId": 9838,
      "item": 20092,
      "amount": 1
    },
    {
      "npcId": 9838,
      "item": 20091,
      "amount": 3
    },
    {
      "npcId": 9838,
      "item": 20086,
      "amount": 2
    },
    {
      "npcId": 8013,
      "item": 10946,
      "amount": 18
    },
    {
      "npcId": 8013,
      "item": 23020,
      "amount": 16
    },
    {
      "npcId": 9845,
      "item": 995,
      "amount": 1009
    },
    {
      "npcId": 9845,
      "item": 2023,
      "amount": 309
    },
    {
      "npcId": 9845,
      "item": 20092,
      "amount": 13
    },
    {
      "npcId": 9845,
      "item": 20086,
      "amount": 2
    },
    {
      "npcId": 9845,
      "item": 20091,
      "amount": 5
    },
    {
      "npcId": 9845,
      "item": 20088,
      "amount": 5
    },
    {
      "npcId": 9845,
      "item": 20093,
      "amount": 4
    },
    {
      "npcId": 9845,
      "item": 20087,
      "amount": 4
    },
    {
      "npcId": 9910,
      "item": 995,
      "amount": 1179
    },
    {
      "npcId": 9910,
      "item": 2023,
      "amount": 380
    },
    {
      "npcId": 9910,
      "item": 20092,
      "amount": 6
    },
    {
      "npcId": 9910,
      "item": 20087,
      "amount": 4
    },
    {
      "npcId": 9910,
      "item": 20089,
      "amount": 8
    },
    {
      "npcId": 9910,
      "item": 20093,
      "amount": 7
    },
    {
      "npcId": 9910,
      "item": 20091,
      "amount": 7
    },
    {
      "npcId": 9910,
      "item": 20088,
      "amount": 12
    },
    {
      "npcId": 9910,
      "item": 14487,
      "amount": 5
    },
    {
      "npcId": 9910,
      "item": 20086,
      "amount": 5
    },
    {
      "npcId": 9807,
      "item": 995,
      "amount": 1169
    },
    {
      "npcId": 9807,
      "item": 2023,
      "amount": 269
    },
    {
      "npcId": 9807,
      "item": 20087,
      "amount": 6
    },
    {
      "npcId": 9807,
      "item": 20089,
      "amount": 2
    },
    {
      "npcId": 9807,
      "item": 20091,
      "amount": 4
    },
    {
      "npcId": 9807,
      "item": 20093,
      "amount": 9
    },
    {
      "npcId": 9807,
      "item": 20086,
      "amount": 4
    },
    {
      "npcId": 9807,
      "item": 20088,
      "amount": 2
    },
    {
      "npcId": 9807,
      "item": 20092,
      "amount": 1
    },
    {
      "npcId": 6692,
      "item": 995,
      "amount": 1166
    },
    {
      "npcId": 6692,
      "item": 2023,
      "amount": 168
    },
    {
      "npcId": 6692,
      "item": 18001,
      "amount": 7
    },
    {
      "npcId": 6692,
      "item": 18011,
      "amount": 2
    },
    {
      "npcId": 6692,
      "item": 18009,
      "amount": 4
    },
    {
      "npcId": 6692,
      "item": 18003,
      "amount": 3
    },
    {
      "npcId": 6692,
      "item": 18005,
      "amount": 1
    },
    {
      "npcId": 6692,
      "item": 17999,
      "amount": 2
    },
    {
      "npcId": 9028,
      "item": 995,
      "amount": 2534
    },
    {
      "npcId": 9028,
      "item": 2023,
      "amount": 1033
    },
    {
      "npcId": 9028,
      "item": 23022,
      "amount": 7
    },
    {
      "npcId": 9028,
      "item": 23024,
      "amount": 9
    },
    {
      "npcId": 9028,
      "item": 23021,
      "amount": 5
    },
    {
      "npcId": 9906,
      "item": 995,
      "amount": 1596192
    },
    {
      "npcId": 9906,
      "item": 2023,
      "amount": 64
    },
    {
      "npcId": 9028,
      "item": 23023,
      "amount": 6
    },
    {
      "npcId": 9028,
      "item": 23025,
      "amount": 9
    },
    {
      "npcId": 9028,
      "item": 23027,
      "amount": 6
    },
    {
      "npcId": 8014,
      "item": 995,
      "amount": 2475
    },
    {
      "npcId": 8014,
      "item": 2023,
      "amount": 475
    },
    {
      "npcId": 8014,
      "item": 23052,
      "amount": 3
    },
    {
      "npcId": 8014,
      "item": 23051,
      "amount": 2
    },
    {
      "npcId": 8014,
      "item": 23056,
      "amount": 1
    },
    {
      "npcId": 9904,
      "item": 995,
      "amount": 2607842
    },
    {
      "npcId": 9904,
      "item": 2023,
      "amount": 52
    },
    {
      "npcId": 9908,
      "item": 10946,
      "amount": 8
    },
    {
      "npcId": 9908,
      "item": 2023,
      "amount": 306
    },
    {
      "npcId": 8014,
      "item": 23054,
      "amount": 3
    },
    {
      "npcId": 9807,
      "item": 14487,
      "amount": 5
    },
    {
      "npcId": 9845,
      "item": 14487,
      "amount": 1
    },
    {
      "npcId": 8014,
      "item": 23050,
      "amount": 1
    },
    {
      "npcId": 9907,
      "item": 10946,
      "amount": 6
    },
    {
      "npcId": 9907,
      "item": 2023,
      "amount": 106
    },
    {
      "npcId": 8014,
      "item": 23055,
      "amount": 1
    },
    {
      "npcId": 9838,
      "item": 20088,
      "amount": 1
    },
    {
      "npcId": 8003,
      "item": 995,
      "amount": 5090
    },
    {
      "npcId": 8003,
      "item": 2023,
      "amount": 2095
    },
    {
      "npcId": 8003,
      "item": 4367,
      "amount": 9
    },
    {
      "npcId": 8003,
      "item": 8334,
      "amount": 6
    },
    {
      "npcId": 9906,
      "item": 23049,
      "amount": 1
    },
    {
      "npcId": 8003,
      "item": 19135,
      "amount": 8
    },
    {
      "npcId": 9028,
      "item": 23026,
      "amount": 1
    },
    {
      "npcId": 9029,
      "item": 995,
      "amount": 1985
    },
    {
      "npcId": 9029,
      "item": 2023,
      "amount": 487
    },
    {
      "npcId": 9029,
      "item": 23033,
      "amount": 4
    },
    {
      "npcId": 9029,
      "item": 23029,
      "amount": 6
    },
    {
      "npcId": 9029,
      "item": 23028,
      "amount": 2
    },
    {
      "npcId": 9029,
      "item": 23032,
      "amount": 3
    },
    {
      "npcId": 9029,
      "item": 23031,
      "amount": 2
    },
    {
      "npcId": 9029,
      "item": 23030,
      "amount": 1
    },
    {
      "npcId": 9030,
      "item": 995,
      "amount": 1969
    },
    {
      "npcId": 9030,
      "item": 2023,
      "amount": 469
    },
    {
      "npcId": 9030,
      "item": 23038,
      "amount": 2
    },
    {
      "npcId": 9030,
      "item": 23039,
      "amount": 3
    },
    {
      "npcId": 9030,
      "item": 23035,
      "amount": 2
    },
    {
      "npcId": 9030,
      "item": 23036,
      "amount": 5
    },
    {
      "npcId": 9030,
      "item": 23037,
      "amount": 2
    },
    {
      "npcId": 9030,
      "item": 23034,
      "amount": 2
    },
    {
      "npcId": 8003,
      "item": 19892,
      "amount": 3
    },
    {
      "npcId": 8003,
      "item": 20593,
      "amount": 2
    },
    {
      "npcId": 8003,
      "item": 8335,
      "amount": 3
    },
    {
      "npcId": 202,
      "item": 995,
      "amount": 4857
    },
    {
      "npcId": 202,
      "item": 2023,
      "amount": 859
    },
    {
      "npcId": 202,
      "item": 20542,
      "amount": 4
    },
    {
      "npcId": 9025,
      "item": 995,
      "amount": 10063
    },
    {
      "npcId": 9025,
      "item": 2023,
      "amount": 62
    },
    {
      "npcId": 8003,
      "item": 20594,
      "amount": 4
    },
    {
      "npcId": 8003,
      "item": 20592,
      "amount": 3
    },
    {
      "npcId": 8003,
      "item": 11140,
      "amount": 2
    },
    {
      "npcId": 587,
      "item": 23058,
      "amount": 3
    },
    {
      "npcId": 587,
      "item": 23020,
      "amount": 12
    },
    {
      "npcId": 202,
      "item": 13301,
      "amount": 2
    },
    {
      "npcId": 202,
      "item": 13306,
      "amount": 1
    },
    {
      "npcId": 202,
      "item": 13302,
      "amount": 3
    },
    {
      "npcId": 202,
      "item": 13304,
      "amount": 2
    },
    {
      "npcId": 202,
      "item": 13300,
      "amount": 1
    },
    {
      "npcId": 202,
      "item": 18683,
      "amount": 1
    },
    {
      "npcId": 202,
      "item": 13305,
      "amount": 1
    },
    {
      "npcId": 811,
      "item": 995,
      "amount": 5586
    },
    {
      "npcId": 811,
      "item": 2023,
      "amount": 586
    },
    {
      "npcId": 9914,
      "item": 995,
      "amount": 24467
    },
    {
      "npcId": 9914,
      "item": 2023,
      "amount": 1469
    },
    {
      "npcId": 9914,
      "item": 22126,
      "amount": 1
    },
    {
      "npcId": 8002,
      "item": 995,
      "amount": 29830
    },
    {
      "npcId": 9916,
      "item": 995,
      "amount": 20776
    },
    {
      "npcId": 9916,
      "item": 2023,
      "amount": 775
    },
    {
      "npcId": 1906,
      "item": 995,
      "amount": 17210
    },
    {
      "npcId": 1906,
      "item": 2023,
      "amount": 1209
    },
    {
      "npcId": 9903,
      "item": 995,
      "amount": 28262
    },
    {
      "npcId": 811,
      "item": 21062,
      "amount": 1
    },
    {
      "npcId": 811,
      "item": 21068,
      "amount": 2
    },
    {
      "npcId": 811,
      "item": 21066,
      "amount": 2
    },
    {
      "npcId": 9815,
      "item": 995,
      "amount": 6443
    },
    {
      "npcId": 9815,
      "item": 2023,
      "amount": 440
    },
    {
      "npcId": 1906,
      "item": 8806,
      "amount": 3
    },
    {
      "npcId": 9918,
      "item": 995,
      "amount": 21262
    },
    {
      "npcId": 9918,
      "item": 2023,
      "amount": 263
    },
    {
      "npcId": 9845,
      "item": 20089,
      "amount": 1
    },
    {
      "npcId": 9024,
      "item": 995,
      "amount": 19863
    },
    {
      "npcId": 9024,
      "item": 2023,
      "amount": 866
    },
    {
      "npcId": 9915,
      "item": 995,
      "amount": 18108
    },
    {
      "npcId": 9915,
      "item": 2023,
      "amount": 1105
    },
    {
      "npcId": 9915,
      "item": 14052,
      "amount": 1
    },
    {
      "npcId": 2342,
      "item": 995,
      "amount": 18676
    },
    {
      "npcId": 2342,
      "item": 2023,
      "amount": 682
    },
    {
      "npcId": 9024,
      "item": 11183,
      "amount": 1
    },
    {
      "npcId": 9024,
      "item": 11179,
      "amount": 3
    },
    {
      "npcId": 9024,
      "item": 11182,
      "amount": 1
    },
    {
      "npcId": 9916,
      "item": 10887,
      "amount": 1
    },
    {
      "npcId": 9916,
      "item": 23092,
      "amount": 3
    },
    {
      "npcId": 9914,
      "item": 12610,
      "amount": 1
    },
    {
      "npcId": 1906,
      "item": 8809,
      "amount": 2
    },
    {
      "npcId": 9914,
      "item": 17596,
      "amount": 1
    },
    {
      "npcId": 9915,
      "item": 21018,
      "amount": 1
    },
    {
      "npcId": 9914,
      "item": 22123,
      "amount": 1
    },
    {
      "npcId": 8008,
      "item": 995,
      "amount": 15715
    },
    {
      "npcId": 8008,
      "item": 2023,
      "amount": 714
    },
    {
      "npcId": 8008,
      "item": 8803,
      "amount": 3
    },
    {
      "npcId": 9815,
      "item": 21039,
      "amount": 1
    },
    {
      "npcId": 9815,
      "item": 21038,
      "amount": 1
    },
    {
      "npcId": 9815,
      "item": 21048,
      "amount": 1
    },
    {
      "npcId": 9815,
      "item": 21049,
      "amount": 2
    },
    {
      "npcId": 2342,
      "item": 11003,
      "amount": 1
    },
    {
      "npcId": 9915,
      "item": 14050,
      "amount": 3
    },
    {
      "npcId": 9915,
      "item": 14051,
      "amount": 2
    },
    {
      "npcId": 3014,
      "item": 995,
      "amount": 33096
    },
    {
      "npcId": 9839,
      "item": 995,
      "amount": 25102
    },
    {
      "npcId": 3013,
      "item": 995,
      "amount": 32095
    },
    {
      "npcId": 9914,
      "item": 22125,
      "amount": 2
    },
    {
      "npcId": 9806,
      "item": 995,
      "amount": 26089
    },
    {
      "npcId": 2342,
      "item": 11002,
      "amount": 2
    },
    {
      "npcId": 8008,
      "item": 8805,
      "amount": 1
    },
    {
      "npcId": 9918,
      "item": 21030,
      "amount": 1
    },
    {
      "npcId": 9024,
      "item": 7014,
      "amount": 1
    },
    {
      "npcId": 1906,
      "item": 8808,
      "amount": 1
    },
    {
      "npcId": 9915,
      "item": 1485,
      "amount": 1
    },
    {
      "npcId": 9916,
      "item": 23093,
      "amount": 1
    },
    {
      "npcId": 9024,
      "item": 11184,
      "amount": 1
    },
    {
      "npcId": 9817,
      "item": 995,
      "amount": 7408
    },
    {
      "npcId": 9817,
      "item": 2023,
      "amount": 408
    },
    {
      "npcId": 9817,
      "item": 17664,
      "amount": 1
    },
    {
      "npcId": 9817,
      "item": 23135,
      "amount": 2
    },
    {
      "npcId": 9817,
      "item": 23137,
      "amount": 1
    },
    {
      "npcId": 9817,
      "item": 23138,
      "amount": 2
    },
    {
      "npcId": 1906,
      "item": 8807,
      "amount": 1
    },
    {
      "npcId": 811,
      "item": 21064,
      "amount": 1
    },
    {
      "npcId": 811,
      "item": 21055,
      "amount": 1
    },
    {
      "npcId": 9817,
      "item": 23134,
      "amount": 1
    },
    {
      "npcId": 9920,
      "item": 995,
      "amount": 16503
    },
    {
      "npcId": 9920,
      "item": 2023,
      "amount": 501
    },
    {
      "npcId": 9920,
      "item": 14912,
      "amount": 1
    },
    {
      "npcId": 9920,
      "item": 14914,
      "amount": 1
    },
    {
      "npcId": 9920,
      "item": 14910,
      "amount": 1
    },
    {
      "npcId": 9920,
      "item": 14913,
      "amount": 1
    },
    {
      "npcId": 9920,
      "item": 14911,
      "amount": 1
    },
    {
      "npcId": 3831,
      "item": 995,
      "amount": 18125
    },
    {
      "npcId": 3831,
      "item": 2023,
      "amount": 129
    },
    {
      "npcId": 3831,
      "item": 14377,
      "amount": 1
    }
  ],
  "holy-prayers-unlocked": [
    false,
    false,
    false,
    false,
    false,
    false
  ],
  "rune-ess": 0,
  "pure-ess": 0,
  "has-bank-pin": false,
  "last-pin-attempt": 0,
  "invalid-pin-attempts": 0,
  "bank-pin": [
    0,
    0,
    0,
    0
  ],
  "appearance": [
    0,
    1,
    18,
    26,
    33,
    36,
    42,
    10,
    11,
    0,
    0,
    0,
    0
  ],
  "agility-obj": [
    false,
    false,
    false,
    false,
    false,
    false,
    false
  ],
  "skills": {
    "level": [
      120,
      120,
      120,
      1200,
      120,
      1200,
      120,
      71,
      71,
      71,
      81,
      68,
      120,
      77,
      120,
      120,
      77,
      98,
      111,
      68,
      83,
      75,
      77,
      1,
      1
    ],
    "maxLevel": [
      120,
      120,
      120,
      1200,
      120,
      1200,
      120,
      71,
      71,
      71,
      81,
      68,
      120,
      77,
      120,
      120,
      77,
      98,
      111,
      68,
      83,
      75,
      77,
      89,
      1
    ],
    "experience": [
      109854419,
      322983154,
      629418927,
      2000000000,
      2000000000,
      2000000000,
      2000000000,
      857896,
      858032,
      857844,
      2271030,
      660016,
      387744206,
      1567400,
      1699020120,
      104341304,
      1561650,
      12383820,
      46322585,
      660062,
      2715180,
      1320012,
      1563252,
      4872960,
      0
    ]
  },
  "inventory": [
    {
      "id": 5023,
      "amount": 11039,
      "slot": 0,
      "bonus": {
        "effect": "NOTHING",
        "rarity": "COMMON",
        "bonus": 0
      }
    },
    {
      "id": 21814,
      "amount": 20,
      "slot": 0,
      "bonus": {
        "effect": "NOTHING",
        "rarity": "COMMON",
        "bonus": 0
      }
    },
    {
      "id": 21815,
      "amount": 5,
      "slot": 0,
      "bonus": {
        "effect": "NOTHING",
        "rarity": "COMMON",
        "bonus": 0
      }
    },
    {
      "id": 23174,
      "amount": 1,
      "slot": 0,
      "bonus": {
        "effect": "NOTHING",
        "rarity": "COMMON",
        "bonus": 0
      }
    },
    {
      "id": 23124,
      "amount": 1,
      "slot": 0
    },
    {
      "id": 23123,
      "amount": 1,
      "slot": 0,
      "bonus": {
        "effect": "NOTHING",
        "rarity": "COMMON",
        "bonus": 0
      }
    },
    {
      "id": 19812,
      "amount": 1,
      "slot": 0,
      "bonus": {
        "effect": "NOTHING",
        "rarity": "COMMON",
        "bonus": 0
      }
    },
    {
      "id": 995,
      "amount": 353,
      "slot": 0,
      "bonus": {
        "effect": "NOTHING",
        "rarity": "COMMON",
        "bonus": 0
      }
    },
    {
      "id": 10835,
      "amount": 4159288,
      "slot": 0,
      "bonus": {
        "effect": "NOTHING",
        "rarity": "COMMON",
        "bonus": 0
      }
    },
    {
      "id": 2023,
      "amount": 1102,
      "slot": 0,
      "bonus": {
        "effect": "NOTHING",
        "rarity": "COMMON",
        "bonus": 0
      }
    },
    {
      "id": 17634,
      "amount": 3860,
      "slot": 0,
      "bonus": {
        "effect": "NOTHING",
        "rarity": "COMMON",
        "bonus": 0
      }
    },
    {
      "id": -1,
      "amount": 0,
      "slot": 0,
      "bonus": {
        "effect": "NOTHING",
        "rarity": "COMMON",
        "bonus": 0
      }
    },
    {
      "id": -1,
      "amount": 0,
      "slot": 0,
      "bonus": {
        "effect": "NOTHING",
        "rarity": "COMMON",
        "bonus": 0
      }
    },
    {
      "id": -1,
      "amount": 0,
      "slot": 0,
      "bonus": {
        "effect": "NOTHING",
        "rarity": "COMMON",
        "bonus": 0
      }
    },
    {
      "id": -1,
      "amount": 0,
      "slot": 0,
      "bonus": {
        "effect": "NOTHING",
        "rarity": "COMMON",
        "bonus": 0
      }
    },
    {
      "id": -1,
      "amount": 0,
      "slot": 0,
      "bonus": {
        "effect": "NOTHING",
        "rarity": "COMMON",
        "bonus": 0
      }
    },
    {
      "id": -1,
      "amount": 0,
      "slot": 0,
      "bonus": {
        "effect": "NOTHING",
        "rarity": "COMMON",
        "bonus": 0
      }
    },
    {
      "id": -1,
      "amount": 0,
      "slot": 0
    },
    {
      "id": -1,
      "amount": 0,
      "slot": 0
    },
    {
      "id": -1,
      "amount": 0,
      "slot": 0
    },
    {
      "id": 4071,
      "amount": 1,
      "slot": 0,
      "bonus": {
        "effect": "AOE_EFFECT",
        "rarity": "MYTHIC",
        "bonus": 1
      }
    },
    {
      "id": -1,
      "amount": 0,
      "slot": 0,
      "bonus": {
        "effect": "NOTHING",
        "rarity": "COMMON",
        "bonus": 0
      }
    },
    {
      "id": -1,
      "amount": 0,
      "slot": 0,
      "bonus": {
        "effect": "NOTHING",
        "rarity": "COMMON",
        "bonus": 0
      }
    },
    {
      "id": -1,
      "amount": 0,
      "slot": 0,
      "bonus": {
        "effect": "NOTHING",
        "rarity": "COMMON",
        "bonus": 0
      }
    },
    {
      "id": -1,
      "amount": 0,
      "slot": 0,
      "bonus": {
        "effect": "NOTHING",
        "rarity": "COMMON",
        "bonus": 0
      }
    },
    {
      "id": -1,
      "amount": 0,
      "slot": 0,
      "bonus": {
        "effect": "NOTHING",
        "rarity": "COMMON",
        "bonus": 0
      }
    },
    {
      "id": -1,
      "amount": 0,
      "slot": 0,
      "bonus": {
        "effect": "NOTHING",
        "rarity": "COMMON",
        "bonus": 0
      }
    },
    {
      "id": -1,
      "amount": 0,
      "slot": 0,
      "bonus": {
        "effect": "NOTHING",
        "rarity": "COMMON",
        "bonus": 0
      }
    }
  ],
  "equipment": [
    {
      "id": 14050,
      "amount": 1,
      "slot": 0,
      "bonus": {
        "effect": "TRIPLE_KILLS",
        "rarity": "MYTHIC",
        "bonus": 2
      }
    },
    {
      "id": 4367,
      "amount": 1,
      "slot": 0,
      "bonus": {
        "effect": "DOUBLE_DROP",
        "rarity": "RARE",
        "bonus": 19
      }
    },
    {
      "id": 19886,
      "amount": 1,
      "slot": 0,
      "bonus": {
        "effect": "NOTHING",
        "rarity": "COMMON",
        "bonus": 0
      }
    },
    {
      "id": 12843,
      "amount": 1,
      "slot": 0,
      "bonus": {
        "effect": "AOE_EFFECT",
        "rarity": "MYTHIC",
        "bonus": 1
      }
    },
    {
      "id": 17596,
      "amount": 1,
      "slot": 0,
      "bonus": {
        "effect": "RANGE_DAMAGE",
        "rarity": "UNCOMMON",
        "bonus": 1
      }
    },
    {
      "id": -1,
      "amount": 0,
      "slot": 0
    },
    {
      "id": 12610,
      "amount": 1,
      "slot": 0,
      "bonus": {
        "effect": "NOTHING",
        "rarity": "COMMON",
        "bonus": 0
      }
    },
    {
      "id": 11179,
      "amount": 1,
      "slot": 0,
      "bonus": {
        "effect": "DROP_RATE_LOW",
        "rarity": "RARE",
        "bonus": 12
      }
    },
    {
      "id": 17391,
      "amount": 1,
      "slot": 0,
      "bonus": {
        "effect": "NOTHING",
        "rarity": "COMMON",
        "bonus": 0
      }
    },
    {
      "id": 8273,
      "amount": 1,
      "slot": 0,
      "bonus": {
        "effect": "ALL_DAMAGE_MEDIUM",
        "rarity": "LEGENDARY",
        "bonus": 2
      }
    },
    {
      "id": 23138,
      "amount": 1,
      "slot": 0,
      "bonus": {
        "effect": "DROP_RATE_LOW",
        "rarity": "RARE",
        "bonus": 19
      }
    },
    {
      "id": -1,
      "amount": 0,
      "slot": 0,
      "bonus": {
        "effect": "NOTHING",
        "rarity": "COMMON",
        "bonus": 0
      }
    },
    {
      "id": 8335,
      "amount": 1,
      "slot": 0,
      "bonus": {
        "effect": "DROP_RATE_LOW",
        "rarity": "RARE",
        "bonus": 20
      }
    },
    {
      "id": 23049,
      "amount": 1,
      "slot": 0,
      "bonus": {
        "effect": "NOTHING",
        "rarity": "COMMON",
        "bonus": 0
      }
    },
    {
      "id": 15585,
      "amount": 1,
      "slot": 0,
      "bonus": {
        "effect": "NOTHING",
        "rarity": "COMMON",
        "bonus": 0
      }
    }
  ],
  "secondary-equipment": [
    {
      "id": -1,
      "amount": 0,
      "slot": 0,
      "bonus": {
        "effect": "NOTHING",
        "rarity": "COMMON",
        "bonus": 0
      }
    },
    {
      "id": -1,
      "amount": 0,
      "slot": 0,
      "bonus": {
        "effect": "NOTHING",
        "rarity": "COMMON",
        "bonus": 0
      }
    },
    {
      "id": -1,
      "amount": 0,
      "slot": 0,
      "bonus": {
        "effect": "NOTHING",
        "rarity": "COMMON",
        "bonus": 0
      }
    },
    {
      "id": -1,
      "amount": 0,
      "slot": 0,
      "bonus": {
        "effect": "NOTHING",
        "rarity": "COMMON",
        "bonus": 0
      }
    },
    {
      "id": -1,
      "amount": 0,
      "slot": 0,
      "bonus": {
        "effect": "NOTHING",
        "rarity": "COMMON",
        "bonus": 0
      }
    },
    {
      "id": -1,
      "amount": 0,
      "slot": 0,
      "bonus": {
        "effect": "NOTHING",
        "rarity": "COMMON",
        "bonus": 0
      }
    },
    {
      "id": -1,
      "amount": 0,
      "slot": 0,
      "bonus": {
        "effect": "NOTHING",
        "rarity": "COMMON",
        "bonus": 0
      }
    },
    {
      "id": -1,
      "amount": 0,
      "slot": 0,
      "bonus": {
        "effect": "NOTHING",
        "rarity": "COMMON",
        "bonus": 0
      }
    },
    {
      "id": -1,
      "amount": 0,
      "slot": 0,
      "bonus": {
        "effect": "NOTHING",
        "rarity": "COMMON",
        "bonus": 0
      }
    },
    {
      "id": -1,
      "amount": 0,
      "slot": 0,
      "bonus": {
        "effect": "NOTHING",
        "rarity": "COMMON",
        "bonus": 0
      }
    },
    {
      "id": -1,
      "amount": 0,
      "slot": 0,
      "bonus": {
        "effect": "NOTHING",
        "rarity": "COMMON",
        "bonus": 0
      }
    },
    {
      "id": -1,
      "amount": 0,
      "slot": 0,
      "bonus": {
        "effect": "NOTHING",
        "rarity": "COMMON",
        "bonus": 0
      }
    },
    {
      "id": -1,
      "amount": 0,
      "slot": 0,
      "bonus": {
        "effect": "NOTHING",
        "rarity": "COMMON",
        "bonus": 0
      }
    },
    {
      "id": -1,
      "amount": 0,
      "slot": 0,
      "bonus": {
        "effect": "NOTHING",
        "rarity": "COMMON",
        "bonus": 0
      }
    },
    {
      "id": -1,
      "amount": 0,
      "slot": 0,
      "bonus": {
        "effect": "NOTHING",
        "rarity": "COMMON",
        "bonus": 0
      }
    }
  ],
  "preset-equipment": [
    {
      "id": -1,
      "amount": 0,
      "slot": 0,
      "bonus": {
        "effect": "NOTHING",
        "rarity": "COMMON",
        "bonus": 0
      }
    },
    {
      "id": -1,
      "amount": 0,
      "slot": 0,
      "bonus": {
        "effect": "NOTHING",
        "rarity": "COMMON",
        "bonus": 0
      }
    },
    {
      "id": -1,
      "amount": 0,
      "slot": 0,
      "bonus": {
        "effect": "NOTHING",
        "rarity": "COMMON",
        "bonus": 0
      }
    },
    {
      "id": -1,
      "amount": 0,
      "slot": 0,
      "bonus": {
        "effect": "NOTHING",
        "rarity": "COMMON",
        "bonus": 0
      }
    },
    {
      "id": -1,
      "amount": 0,
      "slot": 0,
      "bonus": {
        "effect": "NOTHING",
        "rarity": "COMMON",
        "bonus": 0
      }
    },
    {
      "id": -1,
      "amount": 0,
      "slot": 0,
      "bonus": {
        "effect": "NOTHING",
        "rarity": "COMMON",
        "bonus": 0
      }
    },
    {
      "id": -1,
      "amount": 0,
      "slot": 0,
      "bonus": {
        "effect": "NOTHING",
        "rarity": "COMMON",
        "bonus": 0
      }
    },
    {
      "id": -1,
      "amount": 0,
      "slot": 0,
      "bonus": {
        "effect": "NOTHING",
        "rarity": "COMMON",
        "bonus": 0
      }
    },
    {
      "id": -1,
      "amount": 0,
      "slot": 0,
      "bonus": {
        "effect": "NOTHING",
        "rarity": "COMMON",
        "bonus": 0
      }
    },
    {
      "id": -1,
      "amount": 0,
      "slot": 0,
      "bonus": {
        "effect": "NOTHING",
        "rarity": "COMMON",
        "bonus": 0
      }
    },
    {
      "id": -1,
      "amount": 0,
      "slot": 0,
      "bonus": {
        "effect": "NOTHING",
        "rarity": "COMMON",
        "bonus": 0
      }
    },
    {
      "id": -1,
      "amount": 0,
      "slot": 0,
      "bonus": {
        "effect": "NOTHING",
        "rarity": "COMMON",
        "bonus": 0
      }
    },
    {
      "id": -1,
      "amount": 0,
      "slot": 0,
      "bonus": {
        "effect": "NOTHING",
        "rarity": "COMMON",
        "bonus": 0
      }
    },
    {
      "id": -1,
      "amount": 0,
      "slot": 0,
      "bonus": {
        "effect": "NOTHING",
        "rarity": "COMMON",
        "bonus": 0
      }
    },
    {
      "id": -1,
      "amount": 0,
      "slot": 0,
      "bonus": {
        "effect": "NOTHING",
        "rarity": "COMMON",
        "bonus": 0
      }
    }
  ],
  "offences": [],
  "bank-0": [
    {
      "id": 18636,
      "amount": 4,
      "slot": 0,
      "bonus": {
        "effect": "NOTHING",
        "rarity": "COMMON",
        "bonus": 0
      }
    },
    {
      "id": 22084,
      "amount": 1,
      "slot": 0,
      "bonus": {
        "effect": "NOTHING",
        "rarity": "COMMON",
        "bonus": 0
      }
    },
    {
      "id": 19991,
      "amount": 0,
      "slot": 0,
      "bonus": {
        "effect": "NOTHING",
        "rarity": "COMMON",
        "bonus": 0
      }
    },
    {
      "id": 14484,
      "amount": 0,
      "slot": 0,
      "bonus": {
        "effect": "NOTHING",
        "rarity": "COMMON",
        "bonus": 0
      }
    },
    {
      "id": 22175,
      "amount": 0,
      "slot": 0,
      "bonus": {
        "effect": "NOTHING",
        "rarity": "COMMON",
        "bonus": 0
      }
    },
    {
      "id": 19985,
      "amount": 0,
      "slot": 0,
      "bonus": {
        "effect": "NOTHING",
        "rarity": "COMMON",
        "bonus": 0
      }
    },
    {
      "id": 19986,
      "amount": 0,
      "slot": 0,
      "bonus": {
        "effect": "NOTHING",
        "rarity": "COMMON",
        "bonus": 0
      }
    },
    {
      "id": 19945,
      "amount": 1,
      "slot": 0,
      "bonus": {
        "effect": "NOTHING",
        "rarity": "COMMON",
        "bonus": 0
      }
    },
    {
      "id": 19946,
      "amount": 1,
      "slot": 0,
      "bonus": {
        "effect": "NOTHING",
        "rarity": "COMMON",
        "bonus": 0
      }
    },
    {
      "id": 22092,
      "amount": 1,
      "slot": 0,
      "bonus": {
        "effect": "NOTHING",
        "rarity": "COMMON",
        "bonus": 0
      }
    },
    {
      "id": 22083,
      "amount": 1,
      "slot": 0,
      "bonus": {
        "effect": "NOTHING",
        "rarity": "COMMON",
        "bonus": 0
      }
    },
    {
      "id": 3024,
      "amount": 87,
      "slot": 0,
      "bonus": {
        "effect": "NOTHING",
        "rarity": "COMMON",
        "bonus": 0
      }
    },
    {
      "id": 17817,
      "amount": 98,
      "slot": 0,
      "bonus": {
        "effect": "NOTHING",
        "rarity": "COMMON",
        "bonus": 0
      }
    },
    {
      "id": 995,
      "amount": 0,
      "slot": 0,
      "bonus": {
        "effect": "NOTHING",
        "rarity": "COMMON",
        "bonus": 0
      }
    },
    {
      "id": 23020,
      "amount": 0,
      "slot": 0,
      "bonus": {
        "effect": "NOTHING",
        "rarity": "COMMON",
        "bonus": 0
      }
    },
    {
      "id": 11137,
      "amount": 0,
      "slot": 0,
      "bonus": {
        "effect": "NOTHING",
        "rarity": "COMMON",
        "bonus": 0
      }
    },
    {
      "id": 19944,
      "amount": 1,
      "slot": 0,
      "bonus": {
        "effect": "NOTHING",
        "rarity": "COMMON",
        "bonus": 0
      }
    },
    {
      "id": 704,
      "amount": 1,
      "slot": 0,
      "bonus": {
        "effect": "NOTHING",
        "rarity": "COMMON",
        "bonus": 0
      }
    },
    {
      "id": 3086,
      "amount": 0,
      "slot": 0,
      "bonus": {
        "effect": "NOTHING",
        "rarity": "COMMON",
        "bonus": 0
      }
    },
    {
      "id": 1033,
      "amount": 0,
      "slot": 0,
      "bonus": {
        "effect": "NOTHING",
        "rarity": "COMMON",
        "bonus": 0
      }
    },
    {
      "id": 3090,
      "amount": 2,
      "slot": 0,
      "bonus": {
        "effect": "NOTHING",
        "rarity": "COMMON",
        "bonus": 0
      }
    },
    {
      "id": 705,
      "amount": 1,
      "slot": 0,
      "bonus": {
        "effect": "NOTHING",
        "rarity": "COMMON",
        "bonus": 0
      }
    },
    {
      "id": 703,
      "amount": 1,
      "slot": 0,
      "bonus": {
        "effect": "NOTHING",
        "rarity": "COMMON",
        "bonus": 0
      }
    },
    {
      "id": 23089,
      "amount": 1,
      "slot": 0,
      "bonus": {
        "effect": "NOTHING",
        "rarity": "COMMON",
        "bonus": 0
      }
    },
    {
      "id": 2023,
      "amount": 7056,
      "slot": 0,
      "bonus": {
        "effect": "NOTHING",
        "rarity": "COMMON",
        "bonus": 0
      }
    },
    {
      "id": 22174,
      "amount": 0,
      "slot": 0,
      "bonus": {
        "effect": "NOTHING",
        "rarity": "COMMON",
        "bonus": 0
      }
    },
    {
      "id": 23091,
      "amount": 1,
      "slot": 0,
      "bonus": {
        "effect": "NOTHING",
        "rarity": "COMMON",
        "bonus": 0
      }
    },
    {
      "id": 19992,
      "amount": 0,
      "slot": 0,
      "bonus": {
        "effect": "NOTHING",
        "rarity": "COMMON",
        "bonus": 0
      }
    },
    {
      "id": 19984,
      "amount": 0,
      "slot": 0,
      "bonus": {
        "effect": "NOTHING",
        "rarity": "COMMON",
        "bonus": 0
      }
    },
    {
      "id": 19988,
      "amount": 0,
      "slot": 0,
      "bonus": {
        "effect": "NOTHING",
        "rarity": "COMMON",
        "bonus": 0
      }
    },
    {
      "id": 2736,
      "amount": 0,
      "slot": 0,
      "bonus": {
        "effect": "NOTHING",
        "rarity": "COMMON",
        "bonus": 0
      }
    },
    {
      "id": 18636,
      "amount": 1,
      "slot": 0,
      "bonus": {
        "effect": "DOUBLE_DROP",
        "rarity": "RARE",
        "bonus": 14
      }
    },
    {
      "id": 23055,
      "amount": 1,
      "slot": 0,
      "bonus": {
        "effect": "NOTHING",
        "rarity": "COMMON",
        "bonus": 0
      }
    },
    {
      "id": 19914,
      "amount": 1,
      "slot": 0,
      "bonus": {
        "effect": "NOTHING",
        "rarity": "COMMON",
        "bonus": 0
      }
    },
    {
      "id": 3030,
      "amount": 1,
      "slot": 0,
      "bonus": {
        "effect": "NOTHING",
        "rarity": "COMMON",
        "bonus": 0
      }
    },
    {
      "id": 23021,
      "amount": 1,
      "slot": 0,
      "bonus": {
        "effect": "ALL_DAMAGE_LOW",
        "rarity": "RARE",
        "bonus": 1
      }
    },
    {
      "id": 23022,
      "amount": 0,
      "slot": 0,
      "bonus": {
        "effect": "RANGE_DAMAGE",
        "rarity": "UNCOMMON",
        "bonus": 1
      }
    },
    {
      "id": 23024,
      "amount": 0,
      "slot": 0,
      "bonus": {
        "effect": "DROP_RATE_LOW",
        "rarity": "RARE",
        "bonus": 20
      }
    },
    {
      "id": 23029,
      "amount": 1,
      "slot": 0,
      "bonus": {
        "effect": "RANGE_DAMAGE",
        "rarity": "UNCOMMON",
        "bonus": 1
      }
    },
    {
      "id": 23135,
      "amount": 1,
      "slot": 0,
      "bonus": {
        "effect": "NOTHING",
        "rarity": "COMMON",
        "bonus": 0
      }
    },
    {
      "id": 19135,
      "amount": 0,
      "slot": 0,
      "bonus": {
        "effect": "DROP_RATE_LOW",
        "rarity": "RARE",
        "bonus": 5
      }
    },
    {
      "id": 1265,
      "amount": 2,
      "slot": 0,
      "bonus": {
        "effect": "NOTHING",
        "rarity": "COMMON",
        "bonus": 0
      }
    },
    {
      "id": 1027,
      "amount": 1,
      "slot": 0,
      "bonus": {
        "effect": "NOTHING",
        "rarity": "COMMON",
        "bonus": 0
      }
    },
    {
      "id": 3026,
      "amount": 2,
      "slot": 0,
      "bonus": {
        "effect": "NOTHING",
        "rarity": "COMMON",
        "bonus": 0
      }
    },
    {
      "id": 2146,
      "amount": 0,
      "slot": 0,
      "bonus": {
        "effect": "MAGIC_DAMAGE",
        "rarity": "UNCOMMON",
        "bonus": 1
      }
    },
    {
      "id": 14733,
      "amount": 0,
      "slot": 0,
      "bonus": {
        "effect": "NOTHING",
        "rarity": "COMMON",
        "bonus": 0
      }
    },
    {
      "id": 20542,
      "amount": 0,
      "slot": 0,
      "bonus": {
        "effect": "NOTHING",
        "rarity": "COMMON",
        "bonus": 0
      }
    },
    {
      "id": 23122,
      "amount": 1,
      "slot": 0,
      "bonus": {
        "effect": "NOTHING",
        "rarity": "COMMON",
        "bonus": 0
      }
    },
    {
      "id": 16023,
      "amount": 1,
      "slot": 0,
      "bonus": {
        "effect": "NOTHING",
        "rarity": "COMMON",
        "bonus": 0
      }
    },
    {
      "id": 21040,
      "amount": 1,
      "slot": 0,
      "bonus": {
        "effect": "NOTHING",
        "rarity": "COMMON",
        "bonus": 0
      }
    },
    {
      "id": 21018,
      "amount": 1,
      "slot": 0,
      "bonus": {
        "effect": "NOTHING",
        "rarity": "COMMON",
        "bonus": 0
      }
    },
    {
      "id": 3092,
      "amount": 2,
      "slot": 0,
      "bonus": {
        "effect": "NOTHING",
        "rarity": "COMMON",
        "bonus": 0
      }
    },
    {
      "id": 4155,
      "amount": 1,
      "slot": 0,
      "bonus": {
        "effect": "NOTHING",
        "rarity": "COMMON",
        "bonus": 0
      }
    },
    {
      "id": 23118,
      "amount": 1,
      "slot": 0,
      "bonus": {
        "effect": "NOTHING",
        "rarity": "COMMON",
        "bonus": 0
      }
    },
    {
      "id": 23120,
      "amount": 1,
      "slot": 0,
      "bonus": {
        "effect": "NOTHING",
        "rarity": "COMMON",
        "bonus": 0
      }
    },
    {
      "id": 15584,
      "amount": 1,
      "slot": 0,
      "bonus": {
        "effect": "NOTHING",
        "rarity": "COMMON",
        "bonus": 0
      }
    }
  ],
  "bank-1": [
    {
      "id": 23058,
      "amount": 0,
      "slot": 0,
      "bonus": {
        "effect": "NOTHING",
        "rarity": "COMMON",
        "bonus": 0
      }
    },
    {
      "id": 21815,
      "amount": 0,
      "slot": 0,
      "bonus": {
        "effect": "NOTHING",
        "rarity": "COMMON",
        "bonus": 0
      }
    },
    {
      "id": 21814,
      "amount": 0,
      "slot": 0,
      "bonus": {
        "effect": "NOTHING",
        "rarity": "COMMON",
        "bonus": 0
      }
    },
    {
      "id": 5020,
      "amount": 282530,
      "slot": 0,
      "bonus": {
        "effect": "NOTHING",
        "rarity": "COMMON",
        "bonus": 0
      }
    },
    {
      "id": 19812,
      "amount": 0,
      "slot": 0,
      "bonus": {
        "effect": "NOTHING",
        "rarity": "COMMON",
        "bonus": 0
      }
    },
    {
      "id": 15357,
      "amount": 2,
      "slot": 0,
      "bonus": {
        "effect": "NOTHING",
        "rarity": "COMMON",
        "bonus": 0
      }
    },
    {
      "id": 15358,
      "amount": 3,
      "slot": 0,
      "bonus": {
        "effect": "NOTHING",
        "rarity": "COMMON",
        "bonus": 0
      }
    },
    {
      "id": 15359,
      "amount": 3,
      "slot": 0,
      "bonus": {
        "effect": "NOTHING",
        "rarity": "COMMON",
        "bonus": 0
      }
    },
    {
      "id": 15355,
      "amount": 2,
      "slot": 0,
      "bonus": {
        "effect": "NOTHING",
        "rarity": "COMMON",
        "bonus": 0
      }
    },
    {
      "id": 13727,
      "amount": 542,
      "slot": 0,
      "bonus": {
        "effect": "NOTHING",
        "rarity": "COMMON",
        "bonus": 0
      }
    },
    {
      "id": 23174,
      "amount": 0,
      "slot": 0,
      "bonus": {
        "effect": "NOTHING",
        "rarity": "COMMON",
        "bonus": 0
      }
    },
    {
      "id": 5023,
      "amount": 0,
      "slot": 0,
      "bonus": {
        "effect": "NOTHING",
        "rarity": "COMMON",
        "bonus": 0
      }
    },
    {
      "id": 20503,
      "amount": 7,
      "slot": 0,
      "bonus": {
        "effect": "NOTHING",
        "rarity": "COMMON",
        "bonus": 0
      }
    },
    {
      "id": 17634,
      "amount": 0,
      "slot": 0,
      "bonus": {
        "effect": "NOTHING",
        "rarity": "COMMON",
        "bonus": 0
      }
    },
    {
      "id": 13650,
      "amount": 1000,
      "slot": 0,
      "bonus": {
        "effect": "NOTHING",
        "rarity": "COMMON",
        "bonus": 0
      }
    },
    {
      "id": 10835,
      "amount": 0,
      "slot": 0,
      "bonus": {
        "effect": "NOTHING",
        "rarity": "COMMON",
        "bonus": 0
      }
    },
    {
      "id": 789,
      "amount": 2,
      "slot": 0,
      "bonus": {
        "effect": "NOTHING",
        "rarity": "COMMON",
        "bonus": 0
      }
    },
    {
      "id": 3088,
      "amount": 2,
      "slot": 0,
      "bonus": {
        "effect": "NOTHING",
        "rarity": "COMMON",
        "bonus": 0
      }
    },
    {
      "id": 8788,
      "amount": 3,
      "slot": 0,
      "bonus": {
        "effect": "NOTHING",
        "rarity": "COMMON",
        "bonus": 0
      }
    }
  ],
  "bank-2": [
    {
      "id": 7014,
      "amount": 1,
      "slot": 0,
      "bonus": {
        "effect": "NOTHING",
        "rarity": "COMMON",
        "bonus": 0
      }
    }
  ],
  "bank-3": [
    {
      "id": 922,
      "amount": 3,
      "slot": 0,
      "bonus": {
        "effect": "NOTHING",
        "rarity": "COMMON",
        "bonus": 0
      }
    },
    {
      "id": 783,
      "amount": 3,
      "slot": 0,
      "bonus": {
        "effect": "NOTHING",
        "rarity": "COMMON",
        "bonus": 0
      }
    },
    {
      "id": 931,
      "amount": 2,
      "slot": 0,
      "bonus": {
        "effect": "NOTHING",
        "rarity": "COMMON",
        "bonus": 0
      }
    },
    {
      "id": 777,
      "amount": 3,
      "slot": 0,
      "bonus": {
        "effect": "NOTHING",
        "rarity": "COMMON",
        "bonus": 0
      }
    },
    {
      "id": 943,
      "amount": 4,
      "slot": 0,
      "bonus": {
        "effect": "NOTHING",
        "rarity": "COMMON",
        "bonus": 0
      }
    },
    {
      "id": 945,
      "amount": 2,
      "slot": 0,
      "bonus": {
        "effect": "NOTHING",
        "rarity": "COMMON",
        "bonus": 0
      }
    },
    {
      "id": 1005,
      "amount": 2,
      "slot": 0,
      "bonus": {
        "effect": "NOTHING",
        "rarity": "COMMON",
        "bonus": 0
      }
    },
    {
      "id": 913,
      "amount": 1,
      "slot": 0,
      "bonus": {
        "effect": "NOTHING",
        "rarity": "COMMON",
        "bonus": 0
      }
    },
    {
      "id": 1013,
      "amount": 2,
      "slot": 0,
      "bonus": {
        "effect": "NOTHING",
        "rarity": "COMMON",
        "bonus": 0
      }
    },
    {
      "id": 928,
      "amount": 2,
      "slot": 0,
      "bonus": {
        "effect": "NOTHING",
        "rarity": "COMMON",
        "bonus": 0
      }
    },
    {
      "id": 916,
      "amount": 1,
      "slot": 0,
      "bonus": {
        "effect": "NOTHING",
        "rarity": "COMMON",
        "bonus": 0
      }
    },
    {
      "id": 1025,
      "amount": 1,
      "slot": 0,
      "bonus": {
        "effect": "NOTHING",
        "rarity": "COMMON",
        "bonus": 0
      }
    },
    {
      "id": 795,
      "amount": 3,
      "slot": 0,
      "bonus": {
        "effect": "NOTHING",
        "rarity": "COMMON",
        "bonus": 0
      }
    },
    {
      "id": 942,
      "amount": 6,
      "slot": 0,
      "bonus": {
        "effect": "NOTHING",
        "rarity": "COMMON",
        "bonus": 0
      }
    },
    {
      "id": 732,
      "amount": 1,
      "slot": 0,
      "bonus": {
        "effect": "NOTHING",
        "rarity": "COMMON",
        "bonus": 0
      }
    },
    {
      "id": 815,
      "amount": 1,
      "slot": 0,
      "bonus": {
        "effect": "NOTHING",
        "rarity": "COMMON",
        "bonus": 0
      }
    },
    {
      "id": 925,
      "amount": 1,
      "slot": 0,
      "bonus": {
        "effect": "NOTHING",
        "rarity": "COMMON",
        "bonus": 0
      }
    },
    {
      "id": 1021,
      "amount": 1,
      "slot": 0,
      "bonus": {
        "effect": "NOTHING",
        "rarity": "COMMON",
        "bonus": 0
      }
    },
    {
      "id": 2380,
      "amount": 2,
      "slot": 0,
      "bonus": {
        "effect": "NOTHING",
        "rarity": "COMMON",
        "bonus": 0
      }
    },
    {
      "id": 2381,
      "amount": 3,
      "slot": 0,
      "bonus": {
        "effect": "NOTHING",
        "rarity": "COMMON",
        "bonus": 0
      }
    }
  ],
  "bank-4": [],
  "bank-5": [],
  "bank-6": [],
  "bank-7": [],
  "bank-8": [],
  "new-uim-bank": [],
  "ge-slots": [
    null,
    null,
    null,
    null,
    null,
    null
  ],
  "charm-imp": [
    0,
    0,
    0,
    0
  ],
  "friends": [],
  "ignores": [],
  "loyalty-titles": [
    false,
    false,
    false,
    false,
    false,
    false,
    false,
    false,
    false,
    false,
    false,
    false
  ],
  "kills": [
    {
      "runningTotal": 0,
      "npcId": 1265,
      "npcName": "Oracle Lion",
      "amount": 0,
      "boss": false
    },
    {
      "runningTotal": 18,
      "npcId": 9837,
      "npcName": "Blurite Goblin",
      "amount": 18,
      "boss": false
    },
    {
      "runningTotal": 25,
      "npcId": 9027,
      "npcName": "Blurite Orc",
      "amount": 25,
      "boss": false
    },
    {
      "runningTotal": 30,
      "npcId": 9835,
      "npcName": "Blurite Demon",
      "amount": 30,
      "boss": false
    },
    {
      "runningTotal": 43,
      "npcId": 9911,
      "npcName": "Blurite Werewolf",
      "amount": 43,
      "boss": false
    },
    {
      "runningTotal": 55,
      "npcId": 9922,
      "npcName": "Blurite Centaur",
      "amount": 55,
      "boss": false
    },
    {
      "runningTotal": 176,
      "npcId": 9838,
      "npcName": "Imperial Hound",
      "amount": 176,
      "boss": false
    },
    {
      "runningTotal": 309,
      "npcId": 9845,
      "npcName": "Imperial Scorpion",
      "amount": 309,
      "boss": false
    },
    {
      "runningTotal": 379,
      "npcId": 9910,
      "npcName": "Imperial Ranger",
      "amount": 379,
      "boss": false
    },
    {
      "runningTotal": 269,
      "npcId": 9807,
      "npcName": "Imperial Paladin",
      "amount": 269,
      "boss": false
    },
    {
      "runningTotal": 167,
      "npcId": 6692,
      "npcName": "Revenant Wyvern",
      "amount": 167,
      "boss": false
    },
    {
      "runningTotal": 1032,
      "npcId": 9028,
      "npcName": "Mystic",
      "amount": 1032,
      "boss": false
    },
    {
      "runningTotal": 474,
      "npcId": 8014,
      "npcName": "Zinqrux",
      "amount": 474,
      "boss": false
    },
    {
      "runningTotal": 8,
      "npcId": 1721,
      "npcName": "Jellyfish",
      "amount": 8,
      "boss": false
    },
    {
      "runningTotal": 4,
      "npcId": 1703,
      "npcName": "Vampyre Hand",
      "amount": 4,
      "boss": false
    },
    {
      "runningTotal": 3,
      "npcId": 1729,
      "npcName": "Jello",
      "amount": 3,
      "boss": false
    },
    {
      "runningTotal": 3,
      "npcId": 1705,
      "npcName": "Bunyip",
      "amount": 3,
      "boss": false
    },
    {
      "runningTotal": 2081,
      "npcId": 8003,
      "npcName": "Dr. Aberrant",
      "amount": 2081,
      "boss": false
    },
    {
      "runningTotal": 484,
      "npcId": 9029,
      "npcName": "Nightmare",
      "amount": 484,
      "boss": false
    },
    {
      "runningTotal": 466,
      "npcId": 9030,
      "npcName": "Patience",
      "amount": 466,
      "boss": false
    },
    {
      "runningTotal": 850,
      "npcId": 202,
      "npcName": "Inferno",
      "amount": 850,
      "boss": true
    },
    {
      "runningTotal": 62,
      "npcId": 9025,
      "npcName": "Avalon",
      "amount": 62,
      "boss": false
    },
    {
      "runningTotal": 5,
      "npcId": 9906,
      "npcName": "Final Boss Veigar",
      "amount": 5,
      "boss": true
    },
    {
      "runningTotal": 927,
      "npcId": 811,
      "npcName": "Nagendra",
      "amount": 927,
      "boss": true
    },
    {
      "runningTotal": 1452,
      "npcId": 9914,
      "npcName": "Sasuke",
      "amount": 1452,
      "boss": false
    },
    {
      "runningTotal": 820,
      "npcId": 8002,
      "npcName": "Malvek",
      "amount": 820,
      "boss": false
    },
    {
      "runningTotal": 768,
      "npcId": 9916,
      "npcName": "Luffy",
      "amount": 768,
      "boss": false
    },
    {
      "runningTotal": 1195,
      "npcId": 1906,
      "npcName": "Zorbak",
      "amount": 1195,
      "boss": false
    },
    {
      "runningTotal": 259,
      "npcId": 9903,
      "npcName": "Asmodeus",
      "amount": 259,
      "boss": true
    },
    {
      "runningTotal": 439,
      "npcId": 9815,
      "npcName": "Kol\u0027gal",
      "amount": 439,
      "boss": false
    },
    {
      "runningTotal": 260,
      "npcId": 9918,
      "npcName": "Broly",
      "amount": 260,
      "boss": false
    },
    {
      "runningTotal": 1116,
      "npcId": 9024,
      "npcName": "Golden Golem",
      "amount": 1116,
      "boss": false
    },
    {
      "runningTotal": 1095,
      "npcId": 9915,
      "npcName": "Death God",
      "amount": 1095,
      "boss": false
    },
    {
      "runningTotal": 673,
      "npcId": 2342,
      "npcName": "Emerald Slayer",
      "amount": 673,
      "boss": false
    },
    {
      "runningTotal": 904,
      "npcId": 8008,
      "npcName": "Avatar titan",
      "amount": 904,
      "boss": false
    },
    {
      "runningTotal": 96,
      "npcId": 3014,
      "npcName": "Lilinryss",
      "amount": 96,
      "boss": false
    },
    {
      "runningTotal": 103,
      "npcId": 9839,
      "npcName": "Mutant Hydra",
      "amount": 103,
      "boss": false
    },
    {
      "runningTotal": 95,
      "npcId": 3013,
      "npcName": "Ag\u0027thomoth",
      "amount": 95,
      "boss": false
    },
    {
      "runningTotal": 89,
      "npcId": 9806,
      "npcName": "Gorvek",
      "amount": 89,
      "boss": false
    },
    {
      "runningTotal": 528,
      "npcId": 9817,
      "npcName": "Yisdar",
      "amount": 528,
      "boss": false
    },
    {
      "runningTotal": 1488,
      "npcId": 9920,
      "npcName": "Ig\u0027thaur",
      "amount": 1488,
      "boss": false
    },
    {
      "runningTotal": 378,
      "npcId": 3831,
      "npcName": "Zernath",
      "amount": 378,
      "boss": true
    }
  ],
  "drops": [
    {
      "item": 995,
      "amount": 40592549,
      "rareDrop": false
    },
    {
      "item": 2023,
      "amount": 3692,
      "rareDrop": false
    },
    {
      "item": 19985,
      "amount": 3,
      "rareDrop": false
    },
    {
      "item": 14488,
      "amount": 3,
      "rareDrop": false
    },
    {
      "item": 19991,
      "amount": 2,
      "rareDrop": false
    },
    {
      "item": 19984,
      "amount": 3,
      "rareDrop": false
    },
    {
      "item": 19992,
      "amount": 4,
      "rareDrop": false
    },
    {
      "item": 19988,
      "amount": 3,
      "rareDrop": false
    },
    {
      "item": 19986,
      "amount": 1,
      "rareDrop": false
    },
    {
      "item": 19989,
      "amount": 2,
      "rareDrop": false
    },
    {
      "item": 14487,
      "amount": 4,
      "rareDrop": false
    },
    {
      "item": 20093,
      "amount": 5,
      "rareDrop": false
    },
    {
      "item": 20087,
      "amount": 8,
      "rareDrop": false
    },
    {
      "item": 20092,
      "amount": 5,
      "rareDrop": false
    },
    {
      "item": 10946,
      "amount": 20,
      "rareDrop": false
    },
    {
      "item": 23020,
      "amount": 9,
      "rareDrop": false
    },
    {
      "item": 20091,
      "amount": 5,
      "rareDrop": false
    },
    {
      "item": 20088,
      "amount": 9,
      "rareDrop": false
    },
    {
      "item": 20089,
      "amount": 5,
      "rareDrop": false
    },
    {
      "item": 20086,
      "amount": 1,
      "rareDrop": false
    },
    {
      "item": 18003,
      "amount": 1,
      "rareDrop": false
    },
    {
      "item": 17999,
      "amount": 1,
      "rareDrop": false
    },
    {
      "item": 18009,
      "amount": 2,
      "rareDrop": false
    },
    {
      "item": 23024,
      "amount": 3,
      "rareDrop": false
    },
    {
      "item": 23022,
      "amount": 2,
      "rareDrop": false
    },
    {
      "item": 23021,
      "amount": 1,
      "rareDrop": false
    },
    {
      "item": 23023,
      "amount": 2,
      "rareDrop": false
    },
    {
      "item": 23052,
      "amount": 2,
      "rareDrop": false
    },
    {
      "item": 23051,
      "amount": 1,
      "rareDrop": false
    },
    {
      "item": 23054,
      "amount": 1,
      "rareDrop": false
    }
  ],
  "achievements-completion": [],
  "achievements-progress": [
    0,
    0,
    0,
    0,
    0,
    0,
    0,
    0,
    0,
    0,
    0,
    0,
    0,
    0,
    0,
    0,
    0,
    0,
    0,
    0,
    0,
    0,
    0,
    0,
    0,
    0,
    0,
    0,
    0,
    0,
    0,
    0,
    0,
    0,
    0,
    0,
    0,
    0,
    0,
    0,
    0,
    0,
    0,
    0,
    0,
    0,
    0,
    0,
    0,
    0,
    0,
    0,
    0
  ],
  "fri13may16": false,
  "spiritdebug": false,
  "reffered": false,
  "indung": false,
  "toggledglobalmessages": false,
  "flying": false,
  "canfly": false,
  "ghostwalking": false,
  "canghostwalk": false,
  "barrowschests": 0,
  "cluesteps": 0,
  "difficulty": "MODERN",
  "secondary-equipment-slots-unlocked": [
    false,
    false,
    false,
    false,
    false,
    false,
    false,
    false,
    false,
    false,
    false,
    false,
    false,
    false,
    false
  ],
  "hween2016": [
    false,
    false,
    false,
    false,
    false,
    false,
    false
  ],
  "donehween2016": false,
  "christmas2016": 0,
  "newYear2017": 0,
  "easter2017": 0,
  "hcimdunginventory": [
    {
      "id": -1,
      "amount": 0,
      "slot": 0,
      "bonus": {
        "effect": "NOTHING",
        "rarity": "COMMON",
        "bonus": 0
      }
    },
    {
      "id": -1,
      "amount": 0,
      "slot": 0,
      "bonus": {
        "effect": "NOTHING",
        "rarity": "COMMON",
        "bonus": 0
      }
    },
    {
      "id": -1,
      "amount": 0,
      "slot": 0,
      "bonus": {
        "effect": "NOTHING",
        "rarity": "COMMON",
        "bonus": 0
      }
    },
    {
      "id": -1,
      "amount": 0,
      "slot": 0,
      "bonus": {
        "effect": "NOTHING",
        "rarity": "COMMON",
        "bonus": 0
      }
    },
    {
      "id": -1,
      "amount": 0,
      "slot": 0,
      "bonus": {
        "effect": "NOTHING",
        "rarity": "COMMON",
        "bonus": 0
      }
    },
    {
      "id": -1,
      "amount": 0,
      "slot": 0,
      "bonus": {
        "effect": "NOTHING",
        "rarity": "COMMON",
        "bonus": 0
      }
    },
    {
      "id": -1,
      "amount": 0,
      "slot": 0,
      "bonus": {
        "effect": "NOTHING",
        "rarity": "COMMON",
        "bonus": 0
      }
    },
    {
      "id": -1,
      "amount": 0,
      "slot": 0,
      "bonus": {
        "effect": "NOTHING",
        "rarity": "COMMON",
        "bonus": 0
      }
    },
    {
      "id": -1,
      "amount": 0,
      "slot": 0,
      "bonus": {
        "effect": "NOTHING",
        "rarity": "COMMON",
        "bonus": 0
      }
    },
    {
      "id": -1,
      "amount": 0,
      "slot": 0,
      "bonus": {
        "effect": "NOTHING",
        "rarity": "COMMON",
        "bonus": 0
      }
    },
    {
      "id": -1,
      "amount": 0,
      "slot": 0,
      "bonus": {
        "effect": "NOTHING",
        "rarity": "COMMON",
        "bonus": 0
      }
    },
    {
      "id": -1,
      "amount": 0,
      "slot": 0,
      "bonus": {
        "effect": "NOTHING",
        "rarity": "COMMON",
        "bonus": 0
      }
    },
    {
      "id": -1,
      "amount": 0,
      "slot": 0,
      "bonus": {
        "effect": "NOTHING",
        "rarity": "COMMON",
        "bonus": 0
      }
    },
    {
      "id": -1,
      "amount": 0,
      "slot": 0,
      "bonus": {
        "effect": "NOTHING",
        "rarity": "COMMON",
        "bonus": 0
      }
    },
    {
      "id": -1,
      "amount": 0,
      "slot": 0,
      "bonus": {
        "effect": "NOTHING",
        "rarity": "COMMON",
        "bonus": 0
      }
    },
    {
      "id": -1,
      "amount": 0,
      "slot": 0,
      "bonus": {
        "effect": "NOTHING",
        "rarity": "COMMON",
        "bonus": 0
      }
    },
    {
      "id": -1,
      "amount": 0,
      "slot": 0,
      "bonus": {
        "effect": "NOTHING",
        "rarity": "COMMON",
        "bonus": 0
      }
    },
    {
      "id": -1,
      "amount": 0,
      "slot": 0,
      "bonus": {
        "effect": "NOTHING",
        "rarity": "COMMON",
        "bonus": 0
      }
    },
    {
      "id": -1,
      "amount": 0,
      "slot": 0,
      "bonus": {
        "effect": "NOTHING",
        "rarity": "COMMON",
        "bonus": 0
      }
    },
    {
      "id": -1,
      "amount": 0,
      "slot": 0,
      "bonus": {
        "effect": "NOTHING",
        "rarity": "COMMON",
        "bonus": 0
      }
    },
    {
      "id": -1,
      "amount": 0,
      "slot": 0,
      "bonus": {
        "effect": "NOTHING",
        "rarity": "COMMON",
        "bonus": 0
      }
    },
    {
      "id": -1,
      "amount": 0,
      "slot": 0,
      "bonus": {
        "effect": "NOTHING",
        "rarity": "COMMON",
        "bonus": 0
      }
    },
    {
      "id": -1,
      "amount": 0,
      "slot": 0,
      "bonus": {
        "effect": "NOTHING",
        "rarity": "COMMON",
        "bonus": 0
      }
    },
    {
      "id": -1,
      "amount": 0,
      "slot": 0,
      "bonus": {
        "effect": "NOTHING",
        "rarity": "COMMON",
        "bonus": 0
      }
    },
    {
      "id": -1,
      "amount": 0,
      "slot": 0,
      "bonus": {
        "effect": "NOTHING",
        "rarity": "COMMON",
        "bonus": 0
      }
    },
    {
      "id": -1,
      "amount": 0,
      "slot": 0,
      "bonus": {
        "effect": "NOTHING",
        "rarity": "COMMON",
        "bonus": 0
      }
    },
    {
      "id": -1,
      "amount": 0,
      "slot": 0,
      "bonus": {
        "effect": "NOTHING",
        "rarity": "COMMON",
        "bonus": 0
      }
    },
    {
      "id": -1,
      "amount": 0,
      "slot": 0,
      "bonus": {
        "effect": "NOTHING",
        "rarity": "COMMON",
        "bonus": 0
      }
    }
  ],
  "hcimdungequipment": [
    {
      "id": -1,
      "amount": 0,
      "slot": 0,
      "bonus": {
        "effect": "NOTHING",
        "rarity": "COMMON",
        "bonus": 0
      }
    },
    {
      "id": -1,
      "amount": 0,
      "slot": 0,
      "bonus": {
        "effect": "NOTHING",
        "rarity": "COMMON",
        "bonus": 0
      }
    },
    {
      "id": -1,
      "amount": 0,
      "slot": 0,
      "bonus": {
        "effect": "NOTHING",
        "rarity": "COMMON",
        "bonus": 0
      }
    },
    {
      "id": -1,
      "amount": 0,
      "slot": 0,
      "bonus": {
        "effect": "NOTHING",
        "rarity": "COMMON",
        "bonus": 0
      }
    },
    {
      "id": -1,
      "amount": 0,
      "slot": 0,
      "bonus": {
        "effect": "NOTHING",
        "rarity": "COMMON",
        "bonus": 0
      }
    },
    {
      "id": -1,
      "amount": 0,
      "slot": 0,
      "bonus": {
        "effect": "NOTHING",
        "rarity": "COMMON",
        "bonus": 0
      }
    },
    {
      "id": -1,
      "amount": 0,
      "slot": 0,
      "bonus": {
        "effect": "NOTHING",
        "rarity": "COMMON",
        "bonus": 0
      }
    },
    {
      "id": -1,
      "amount": 0,
      "slot": 0,
      "bonus": {
        "effect": "NOTHING",
        "rarity": "COMMON",
        "bonus": 0
      }
    },
    {
      "id": -1,
      "amount": 0,
      "slot": 0,
      "bonus": {
        "effect": "NOTHING",
        "rarity": "COMMON",
        "bonus": 0
      }
    },
    {
      "id": -1,
      "amount": 0,
      "slot": 0,
      "bonus": {
        "effect": "NOTHING",
        "rarity": "COMMON",
        "bonus": 0
      }
    },
    {
      "id": -1,
      "amount": 0,
      "slot": 0,
      "bonus": {
        "effect": "NOTHING",
        "rarity": "COMMON",
        "bonus": 0
      }
    },
    {
      "id": -1,
      "amount": 0,
      "slot": 0,
      "bonus": {
        "effect": "NOTHING",
        "rarity": "COMMON",
        "bonus": 0
      }
    },
    {
      "id": -1,
      "amount": 0,
      "slot": 0,
      "bonus": {
        "effect": "NOTHING",
        "rarity": "COMMON",
        "bonus": 0
      }
    },
    {
      "id": -1,
      "amount": 0,
      "slot": 0,
      "bonus": {
        "effect": "NOTHING",
        "rarity": "COMMON",
        "bonus": 0
      }
    },
    {
      "id": -1,
      "amount": 0,
      "slot": 0,
      "bonus": {
        "effect": "NOTHING",
        "rarity": "COMMON",
        "bonus": 0
      }
    },
    {
      "id": -1,
      "amount": 0,
      "slot": 0,
      "bonus": {
        "effect": "NOTHING",
        "rarity": "COMMON",
        "bonus": 0
      }
    },
    {
      "id": -1,
      "amount": 0,
      "slot": 0,
      "bonus": {
        "effect": "NOTHING",
        "rarity": "COMMON",
        "bonus": 0
      }
    },
    {
      "id": -1,
      "amount": 0,
      "slot": 0,
      "bonus": {
        "effect": "NOTHING",
        "rarity": "COMMON",
        "bonus": 0
      }
    },
    {
      "id": -1,
      "amount": 0,
      "slot": 0,
      "bonus": {
        "effect": "NOTHING",
        "rarity": "COMMON",
        "bonus": 0
      }
    },
    {
      "id": -1,
      "amount": 0,
      "slot": 0,
      "bonus": {
        "effect": "NOTHING",
        "rarity": "COMMON",
        "bonus": 0
      }
    },
    {
      "id": -1,
      "amount": 0,
      "slot": 0,
      "bonus": {
        "effect": "NOTHING",
        "rarity": "COMMON",
        "bonus": 0
      }
    },
    {
      "id": -1,
      "amount": 0,
      "slot": 0,
      "bonus": {
        "effect": "NOTHING",
        "rarity": "COMMON",
        "bonus": 0
      }
    },
    {
      "id": -1,
      "amount": 0,
      "slot": 0,
      "bonus": {
        "effect": "NOTHING",
        "rarity": "COMMON",
        "bonus": 0
      }
    },
    {
      "id": -1,
      "amount": 0,
      "slot": 0,
      "bonus": {
        "effect": "NOTHING",
        "rarity": "COMMON",
        "bonus": 0
      }
    },
    {
      "id": -1,
      "amount": 0,
      "slot": 0,
      "bonus": {
        "effect": "NOTHING",
        "rarity": "COMMON",
        "bonus": 0
      }
    },
    {
      "id": -1,
      "amount": 0,
      "slot": 0,
      "bonus": {
        "effect": "NOTHING",
        "rarity": "COMMON",
        "bonus": 0
      }
    },
    {
      "id": -1,
      "amount": 0,
      "slot": 0,
      "bonus": {
        "effect": "NOTHING",
        "rarity": "COMMON",
        "bonus": 0
      }
    },
    {
      "id": -1,
      "amount": 0,
      "slot": 0,
      "bonus": {
        "effect": "NOTHING",
        "rarity": "COMMON",
        "bonus": 0
      }
    }
  ],
  "bonecrusheffect": true,
  "p-tps": [
    0,
    0,
    0,
    0
  ],
  "yell-tit": "null",
  "afkstall1": 0,
  "afkstall2": 0,
  "afkstall3": 0,
  "achievements-points": 0,
  "achievements-amount": [
    [
      0,
      9,
      100,
      100,
      100,
      250,
      250,
      250,
      350,
      20,
      400,
      400,
      400,
      126,
      62,
      100,
      5000,
      45,
      0,
      0,
      0,
      0,
      0,
      0,
      0,
      0,
      0,
      0,
      0,
      0,
      0,
      0,
      0,
      0,
      0,
      0,
      0,
      0,
      0,
      0,
      0,
      0,
      0,
      0,
      0,
      0,
      0,
      0,
      0,
      0,
      0,
      0,
      0,
      0,
      0,
      0,
      0,
      0,
      0,
      0,
      0,
      0,
      0,
      0,
      0,
      0,
      0,
      0,
      0,
      0,
      0,
      0,
      0,
      0,
      0,
      0,
      0,
      0,
      0,
      0,
      0,
      0,
      0,
      0,
      0,
      0,
      0,
      0,
      0,
      0,
      0,
      0,
      0,
      0,
      0,
      0,
      0,
      0,
      0,
      0
    ],
    [
      0,
      9,
      0,
      0,
      0,
      704,
      1000,
      1000,
      673,
      50,
      858,
      768,
      260,
      0,
      1452,
      1000,
      10000,
      0,
      0,
      0,
      0,
      0,
      0,
      0,
      0,
      0,
      0,
      0,
      0,
      0,
      0,
      0,
      0,
      0,
      0,
      0,
      0,
      0,
      0,
      0,
      0,
      0,
      0,
      0,
      0,
      0,
      0,
      0,
      0,
      0,
      0,
      0,
      0,
      0,
      0,
      0,
      0,
      0,
      0,
      0,
      0,
      0,
      0,
      0,
      0,
      0,
      0,
      0,
      0,
      0,
      0,
      0,
      0,
      0,
      0,
      0,
      0,
      0,
      0,
      0,
      0,
      0,
      0,
      0,
      0,
      0,
      0,
      0,
      0,
      0,
      0,
      0,
      0,
      0,
      0,
      0,
      0,
      0,
      0,
      0
    ],
    [
      0,
      9,
      0,
      103,
      89,
      0,
      259,
      820,
      0,
      109,
      0,
      95,
      96,
      0,
      0,
      0,
      10000,
      17450,
      0,
      0,
      0,
      0,
      0,
      0,
      0,
      0,
      0,
      0,
      0,
      0,
      0,
      0,
      0,
      0,
      0,
      0,
      0,
      0,
      0,
      0,
      0,
      0,
      0,
      0,
      0,
      0,
      0,
      0,
      0,
      0,
      0,
      0,
      0,
      0,
      0,
      0,
      0,
      0,
      0,
      0,
      0,
      0,
      0,
      0,
      0,
      0,
      0,
      0,
      0,
      0,
      0,
      0,
      0,
      0,
      0,
      0,
      0,
      0,
      0,
      0,
      0,
      0,
      0,
      0,
      0,
      0,
      0,
      0,
      0,
      0,
      0,
      0,
      0,
      0,
      0,
      0,
      0,
      0,
      0,
      0
    ],
    [
      0,
      0,
      0,
      0,
      0,
      0,
      0,
      0,
      0,
      0,
      0,
      0,
      0,
      0,
      0,
      0,
      0,
      0,
      0,
      0,
      0,
      0,
      0,
      0,
      0,
      0,
      0,
      0,
      0,
      0,
      0,
      0,
      0,
      0,
      0,
      0,
      0,
      0,
      0,
      0,
      0,
      0,
      0,
      0,
      0,
      0,
      0,
      0,
      0,
      0,
      0,
      0,
      0,
      0,
      0,
      0,
      0,
      0,
      0,
      0,
      0,
      0,
      0,
      0,
      0,
      0,
      0,
      0,
      0,
      0,
      0,
      0,
      0,
      0,
      0,
      0,
      0,
      0,
      0,
      0,
      0,
      0,
      0,
      0,
      0,
      0,
      0,
      0,
      0,
      0,
      0,
      0,
      0,
      0,
      0,
      0,
      0,
      0,
      0,
      0
    ]
  ],
  "achievements-completed": [
    [
      false,
      false,
      true,
      true,
      true,
      true,
      true,
      true,
      true,
      true,
      true,
      true,
      true,
      false,
      false,
      true,
      true,
      true,
      false,
      false,
      false,
      false,
      false,
      false,
      false,
      false,
      false,
      false,
      false,
      false,
      false,
      false,
      false,
      false,
      false,
      false,
      false,
      false,
      false,
      false,
      false,
      false,
      false,
      false,
      false,
      false,
      false,
      false,
      false,
      false,
      false,
      false,
      false,
      false,
      false,
      false,
      false,
      false,
      false,
      false,
      false,
      false,
      false,
      false,
      false,
      false,
      false,
      false,
      false,
      false,
      false,
      false,
      false,
      false,
      false,
      false,
      false,
      false,
      false,
      false,
      false,
      false,
      false,
      false,
      false,
      false,
      false,
      false,
      false,
      false,
      false,
      false,
      false,
      false,
      false,
      false,
      false,
      false,
      false,
      false
    ],
    [
      false,
      false,
      false,
      false,
      false,
      false,
      true,
      true,
      false,
      true,
      false,
      false,
      false,
      false,
      false,
      true,
      true,
      false,
      false,
      false,
      false,
      false,
      false,
      false,
      false,
      false,
      false,
      false,
      false,
      false,
      false,
      false,
      false,
      false,
      false,
      false,
      false,
      false,
      false,
      false,
      false,
      false,
      false,
      false,
      false,
      false,
      false,
      false,
      false,
      false,
      false,
      false,
      false,
      false,
      false,
      false,
      false,
      false,
      false,
      false,
      false,
      false,
      false,
      false,
      false,
      false,
      false,
      false,
      false,
      false,
      false,
      false,
      false,
      false,
      false,
      false,
      false,
      false,
      false,
      false,
      false,
      false,
      false,
      false,
      false,
      false,
      false,
      false,
      false,
      false,
      false,
      false,
      false,
      false,
      false,
      false,
      false,
      false,
      false,
      false
    ],
    [
      false,
      false,
      false,
      false,
      false,
      false,
      false,
      false,
      false,
      false,
      false,
      false,
      false,
      false,
      false,
      false,
      true,
      false,
      false,
      false,
      false,
      false,
      false,
      false,
      false,
      false,
      false,
      false,
      false,
      false,
      false,
      false,
      false,
      false,
      false,
      false,
      false,
      false,
      false,
      false,
      false,
      false,
      false,
      false,
      false,
      false,
      false,
      false,
      false,
      false,
      false,
      false,
      false,
      false,
      false,
      false,
      false,
      false,
      false,
      false,
      false,
      false,
      false,
      false,
      false,
      false,
      false,
      false,
      false,
      false,
      false,
      false,
      false,
      false,
      false,
      false,
      false,
      false,
      false,
      false,
      false,
      false,
      false,
      false,
      false,
      false,
      false,
      false,
      false,
      false,
      false,
      false,
      false,
      false,
      false,
      false,
      false,
      false,
      false,
      false
    ],
    [
      false,
      false,
      false,
      false,
      false,
      false,
      false,
      false,
      false,
      false,
      false,
      false,
      false,
      false,
      false,
      false,
      false,
      false,
      false,
      false,
      false,
      false,
      false,
      false,
      false,
      false,
      false,
      false,
      false,
      false,
      false,
      false,
      false,
      false,
      false,
      false,
      false,
      false,
      false,
      false,
      false,
      false,
      false,
      false,
      false,
      false,
      false,
      false,
      false,
      false,
      false,
      false,
      false,
      false,
      false,
      false,
      false,
      false,
      false,
      false,
      false,
      false,
      false,
      false,
      false,
      false,
      false,
      false,
      false,
      false,
      false,
      false,
      false,
      false,
      false,
      false,
      false,
      false,
      false,
      false,
      false,
      false,
      false,
      false,
      false,
      false,
      false,
      false,
      false,
      false,
      false,
      false,
      false,
      false,
      false,
      false,
      false,
      false,
      false,
      false
    ]
  ],
  "achievements-daily": 421,
  "progression-zones": [
    18,
    25,
    30,
    43,
    55
  ],
  "zones-complete": [
    true,
    true,
    true,
    true,
    true
  ],
  "gamble-banned": false,
  "lucifers-unlocked": false,
  "dark-supremes-unlocked": false,
  "currency-pouch": {
    "upgradeTokens": 0,
    "pvmTickets": 0,
    "afkTickets": 0,
    "slayerTickets": 0,
    "voteScrolls": 0,
    "petFragments": 0,
    "instanceTokens": 0,
    "goldCharms": 0,
    "greenCharms": 0,
    "crimsonCharms": 0,
    "blueCharms": 0
  },
  "lastTGloveIndex": -1,
  "group-ironman-locked": false,
  "lastInstanceNpc": 9920,
  "daily-task": {},
  "collectionlog-rewards": {
    "9920": {
      "canClaim": false,
      "hasClaimed": false
    },
    "9024": {
      "canClaim": false,
      "hasClaimed": false
    },
    "9025": {
      "canClaim": false,
      "hasClaimed": false
    },
    "8002": {
      "canClaim": false,
      "hasClaimed": false
    },
    "9922": {
      "canClaim": false,
      "hasClaimed": false
    },
    "8003": {
      "canClaim": true,
      "hasClaimed": true
    },
    "9027": {
      "canClaim": false,
      "hasClaimed": false
    },
    "9028": {
      "canClaim": true,
      "hasClaimed": true
    },
    "3013": {
      "canClaim": false,
      "hasClaimed": false
    },
    "9029": {
      "canClaim": true,
      "hasClaimed": true
    },
    "3014": {
      "canClaim": false,
      "hasClaimed": false
    },
    "9030": {
      "canClaim": true,
      "hasClaimed": true
    },
    "8008": {
      "canClaim": false,
      "hasClaimed": false
    },
    "202": {
      "canClaim": true,
      "hasClaimed": true
    },
    "587": {
      "canClaim": false,
      "hasClaimed": false
    },
    "8013": {
      "canClaim": false,
      "hasClaimed": false
    },
    "9806": {
      "canClaim": false,
      "hasClaimed": false
    },
    "8014": {
      "canClaim": true,
      "hasClaimed": true
    },
    "9807": {
      "canClaim": true,
      "hasClaimed": false
    },
    "9815": {
      "canClaim": false,
      "hasClaimed": false
    },
    "9817": {
      "canClaim": false,
      "hasClaimed": false
    },
    "6692": {
      "canClaim": true,
      "hasClaimed": true
    },
    "2342": {
      "canClaim": false,
      "hasClaimed": false
    },
    "811": {
      "canClaim": false,
      "hasClaimed": false
    },
    "9835": {
      "canClaim": false,
      "hasClaimed": false
    },
    "9837": {
      "canClaim": false,
      "hasClaimed": false
    },
    "9838": {
      "canClaim": true,
      "hasClaimed": false
    },
    "9839": {
      "canClaim": false,
      "hasClaimed": false
    },
    "9903": {
      "canClaim": false,
      "hasClaimed": false
    },
    "9904": {
      "canClaim": false,
      "hasClaimed": false
    },
    "1906": {
      "canClaim": true,
      "hasClaimed": true
    },
    "9906": {
      "canClaim": false,
      "hasClaimed": false
    },
    "9907": {
      "canClaim": false,
      "hasClaimed": false
    },
    "9908": {
      "canClaim": false,
      "hasClaimed": false
    },
    "9845": {
      "canClaim": true,
      "hasClaimed": false
    },
    "9910": {
      "canClaim": true,
      "hasClaimed": false
    },
    "3831": {
      "canClaim": false,
      "hasClaimed": false
    },
    "9911": {
      "canClaim": false,
      "hasClaimed": false
    },
    "9914": {
      "canClaim": false,
      "hasClaimed": false
    },
    "9915": {
      "canClaim": false,
      "hasClaimed": false
    },
    "9916": {
      "canClaim": false,
      "hasClaimed": false
    },
    "9918": {
      "canClaim": false,
      "hasClaimed": false
    }
  },
  "daily-skips": 3,
  "dailies-done": 3,
  "daily-task-info": "Your daily task is: @red@Complete 4 Easy slayer tasks. @bla@Progress: @red@0/4@bla@.",
  "level-notifications": true,
  "dailies-received-times": [
    1684607649607,
    1684602904184,
    1684607638217
  ],
  "favorite-teleports": [],
  "obtained-pets": [],
  "battlepass-xp": 0,
  "battlepass-premium": false,
  "mini-me-equipment": [
    null,
    null,
    null,
    null,
    null,
    null,
    null,
    null,
    null,
    null,
    null,
    null,
    null,
    null
  ],
  "drystreak": {
    "9920": 46,
    "9024": 156,
    "9025": 62,
    "1729": 3,
    "8002": 820,
    "9922": 2,
    "8003": 5,
    "9027": 5,
    "9028": 13,
    "3013": 95,
    "9029": 6,
    "3014": 96,
    "9030": 11,
    "8008": 129,
    "202": 4,
    "587": 0,
    "8013": 0,
    "9806": 89,
    "8014": 35,
    "9807": 1,
    "9815": 87,
    "9817": 12,
    "6692": 0,
    "2342": 123,
    "1703": 4,
    "1705": 3,
    "811": 19,
    "9835": 6,
    "9837": 18,
    "9838": 6,
    "9839": 103,
    "9903": 259,
    "9904": 0,
    "1906": 32,
    "9906": 5,
    "9907": 0,
    "9908": 0,
    "9845": 7,
    "9910": 3,
    "3831": 6,
    "9911": 13,
    "1721": 8,
    "9914": 253,
    "9915": 61,
    "9916": 22,
    "9918": 20
  },
  "boost": 0,
  "slot-level": 0,
  "sp-season": 1,
  "sp-premium": false,
  "sp-level": 40,
  "sp-exp": 2712,
  "sp-rewards": [
    true,
    true,
    true,
    true,
    true,
    true,
    true,
    true,
    true,
    true,
    true,
    true,
    true,
    true,
    true,
    true,
    true,
    true,
    true,
    true,
    true,
    true,
    true,
    true,
    true,
    true,
    true,
    true,
    true,
    true,
    true,
    true,
    true,
    true,
    true,
    true,
    true,
    true,
    true,
    true,
    false,
    false,
    false,
    false,
    false,
    false,
    false,
    false,
    false,
    false,
    false,
    false,
    false,
    false,
    false,
    false,
    false,
    false,
    false,
    false,
    false,
    false,
    false,
    false,
    false,
    false,
    false,
    false,
    false,
    false,
    false,
    false,
    false,
    false,
    false,
    false,
    false,
    false,
    false,
    false,
    false,
    false,
    false,
    false,
    false,
    false,
    false,
    false,
    false,
    false,
    false,
    false,
    false,
    false,
    false,
    false,
    false,
    false
  ],
  "dropMessage": false,
  "p-settings": {
    "hidden-players": false,
    "pass-change": false,
    "is-locked": false,
    "drop-messages": true
  },
  "forge-tier": 0,
  "forge-progress": 0
}