{
  "total-play-time-ms": 447274306,
  "username": "420 Vet",
  "password": "idontgiveasip7",
  "email": "null",
  "staff-rights": "TORMENTED_DONATOR",
  "game-mode": "VETERAN_MODE",
  "loyalty-title": "NONE",
  "yellhexcolor": "ffffff",
  "position": {
    "x": 2224,
    "y": 3762,
    "z": 0
  },
  "online-status": "ON",
  "given-starter": true,
  "has-pin2": true,
  "saved-pin2": "1212",
  "saved-ip": "108.174.168.187",
  "donated": 305,
  "current-boss-task": 0,
  "current-boss-amount": 0,
  "global-rate": 0,
  "peng-rate": 0,
  "slayer-rate": 0,
  "has-completed-boss-task": false,
  "current-daily-task-amount": 0,
  "current-daily-task-x-pos": 0,
  "current-daily-task-y-pos": 0,
  "current-daily-task-z-pos": 0,
  "current-daily-task-reward": 0,
  "uim-bank": {},
  "dg-floor": 0,
  "dg-prestige": 0,
  "clue-task": "NO_TASK",
  "clue-kc": 0,
  "daysVoted": 0,
  "totalTimesClaimed": 0,
  "longestDaysVoted": 0,
  "timeUntilNextReward": 0,
  "current-voting-streak": 0,
  "entriesCurrency": 0.0,
  "amount-donated-today": 305,
  "claimed-first": false,
  "claimed-second": false,
  "claimed-third": false,
  "last-donation": 0,
  "last-time-reset": 0,
  "is-secondary-equipment": false,
  "lastlogin": 1682648785657,
  "lastdailyclaim": 0,
  "lastvotetime": 0,
  "hasvotedtoday": false,
  "day1claimed": false,
  "day2claimed": false,
  "day3claimed": false,
  "day4claimed": false,
  "day5claimed": false,
  "day6claimed": false,
  "day7claimed": false,
  "minutes-bonus-exp": 0,
  "minutes-voting-dr": -1,
  "minutes-voting-dmg": 0,
  "total-gained-exp": -129958898,
  "barrows-points": 0,
  "donator-points": 5,
  "Skilling-points": 0,
  "prestige-points": 0,
  "achievement-points": 0,
  "dung-tokens": 0,
  "commendations": 0,
  "loyalty-points": 0,
  "total-loyalty-points": 0.0,
  "godmodetime": 0,
  "voting-points": 21,
  "tasks-completion": [
    false,
    false,
    false,
    true,
    true,
    false
  ],
  "tasks-progress": [
    999,
    0,
    0,
    0,
    0,
    0,
    0,
    0,
    0,
    0,
    0,
    0,
    0,
    0,
    0,
    0,
    0,
    0,
    0,
    0,
    0,
    0,
    0,
    0,
    0,
    0,
    0,
    0,
    0,
    0,
    0,
    0,
    0,
    0,
    0,
    0,
    0,
    0,
    0,
    0,
    0,
    0,
    0,
    0,
    0,
    0,
    0,
    0,
    0,
    0,
    0,
    0,
    0,
    0,
    0
  ],
  "total-prestiges": 0,
  "slayer-spree": 42,
  "npc-killcount": 165785,
  "spawn-killcount": 0,
  "lord-killcount": 0,
  "demon-killcount": 341,
  "dragon-killcount": 0,
  "beast-killcount": 0,
  "king-killcount": 0,
  "avatar-killcount": 181,
  "angel-killcount": 1,
  "lucien-killcount": 1830,
  "hercules-killcount": 0,
  "satan-killcount": 260,
  "zeus-killcount": 0,
  "mini-lucifer-killcount": 0,
  "lucifer-killcount": 1046,
  "event-points": 0,
  "boss-points": 0,
  "shilling-rate": 0,
  "slayer-points": 0,
  "pk-points": 0,
  "player-kills": 0,
  "player-killstreak": 0,
  "player-deaths": 0,
  "target-percentage": 0,
  "bh-rank": -1,
  "gender": "MALE",
  "spell-book": "NORMAL",
  "prayer-book": "CURSES",
  "running": true,
  "run-energy": 100,
  "music": false,
  "sounds": false,
  "auto-retaliate": true,
  "xp-locked": false,
  "veng-cast": false,
  "last-veng": 216348029,
  "fight-type": "SCYTHE_CHOP",
  "sol-effect": 0,
  "skull-timer": 0,
  "fuse-combination-timer": 0,
  "fuse-item-selected": 0,
  "claimed-fuse-item": true,
  "fuse-in-progress": false,
  "accept-aid": false,
  "poison-damage": 0,
  "poison-immunity": 0,
  "overload-timer": 0,
  "aggro-timer": 0,
  "exp-timer": 0,
  "dr-timer": 0,
  "ddr-timer": 0,
  "dmg-timer": 0,
  "double-dr-timer": 0,
  "double-ddr-timer": 0,
  "double-dmg-timer": 0,
  "fire-immunity": 0,
  "fire-damage-mod": 0,
  "prayer-renewal-timer": 0,
  "teleblock-timer": 0,
  "special-amount": 100,
  "entered-gwd-room": false,
  "gwd-altar-delay": 0,
  "gwd-killcount": [
    0,
    0,
    0,
    0
  ],
  "effigy": 0,
  "summon-npc": 3044,
  "summon-death": -1,
  "process-farming": false,
  "clanchat": "Help",
  "autocast": false,
  "autocast-spell": -1,
  "dfs-charges": 0,
  "coins-gambled": 0,
  "slayer-master": "BOSS_SLAYER",
  "slayer-task": "NO_TASK",
  "prev-slayer-task": "ASMODEUS",
  "task-amount": 0,
  "task-streak": 4,
  "duo-partner": "null",
  "double-slay-xp": false,
  "recoil-deg": 0,
  "blowpipe-deg": 0,
  "brawlers-deg": [
    0,
    0,
    0,
    0,
    0,
    0,
    0,
    0,
    0,
    0,
    0
  ],
  "ancient-deg": [
    0,
    0,
    0,
    0,
    0,
    0,
    0,
    0,
    0,
    0,
    0,
    0,
    0,
    0,
    0
  ],
  "killed-players": [],
  "killed-gods": [
    false,
    false,
    false,
    false,
    false
  ],
  "vod-brother": [
    [
      9029,
      0
    ],
    [
      9028,
      0
    ],
    [
      9030,
      0
    ]
  ],
  "vod-killcount": 0,
  "hov-killcount": 0,
  "barrows-brother": [
    [
      2030,
      0
    ],
    [
      2029,
      0
    ],
    [
      2028,
      0
    ],
    [
      2027,
      0
    ],
    [
      2026,
      0
    ],
    [
      2025,
      0
    ]
  ],
  "random-coffin": 0,
  "barrows-killcount": 0,
  "nomad": [
    false,
    false
  ],
  "recipe-for-disaster": [
    false,
    false,
    false,
    false,
    false,
    false,
    false,
    false,
    false
  ],
  "recipe-for-disaster-wave": 0,
  "clue-progress": 0,
  "dung-items-bound": [
    0,
    0,
    0,
    0,
    0
  ],
  "collection-data": [
    {
      "npcId": 9837,
      "item": 995,
      "amount": 113
    },
    {
      "npcId": 9837,
      "item": 2023,
      "amount": 13
    },
    {
      "npcId": 9027,
      "item": 995,
      "amount": 222
    },
    {
      "npcId": 9027,
      "item": 2023,
      "amount": 30
    },
    {
      "npcId": 9027,
      "item": 19984,
      "amount": 1
    },
    {
      "npcId": 9906,
      "item": 995,
      "amount": 1812764
    },
    {
      "npcId": 9906,
      "item": 2023,
      "amount": 108
    },
    {
      "npcId": 9835,
      "item": 995,
      "amount": 343
    },
    {
      "npcId": 9835,
      "item": 2023,
      "amount": 43
    },
    {
      "npcId": 9911,
      "item": 995,
      "amount": 452
    },
    {
      "npcId": 9911,
      "item": 2023,
      "amount": 54
    },
    {
      "npcId": 9911,
      "item": 19991,
      "amount": 1
    },
    {
      "npcId": 9922,
      "item": 995,
      "amount": 565
    },
    {
      "npcId": 9922,
      "item": 2023,
      "amount": 72
    },
    {
      "npcId": 8013,
      "item": 10946,
      "amount": 42
    },
    {
      "npcId": 8013,
      "item": 23020,
      "amount": 36
    },
    {
      "npcId": 9838,
      "item": 995,
      "amount": 812
    },
    {
      "npcId": 9838,
      "item": 2023,
      "amount": 210
    },
    {
      "npcId": 9838,
      "item": 20093,
      "amount": 2
    },
    {
      "npcId": 9838,
      "item": 20089,
      "amount": 2
    },
    {
      "npcId": 9838,
      "item": 14487,
      "amount": 1
    },
    {
      "npcId": 9838,
      "item": 20091,
      "amount": 1
    },
    {
      "npcId": 9838,
      "item": 20092,
      "amount": 4
    },
    {
      "npcId": 9845,
      "item": 995,
      "amount": 890
    },
    {
      "npcId": 9845,
      "item": 2023,
      "amount": 192
    },
    {
      "npcId": 9845,
      "item": 20088,
      "amount": 2
    },
    {
      "npcId": 9845,
      "item": 20089,
      "amount": 2
    },
    {
      "npcId": 9845,
      "item": 20093,
      "amount": 2
    },
    {
      "npcId": 9845,
      "item": 20092,
      "amount": 2
    },
    {
      "npcId": 9845,
      "item": 20087,
      "amount": 3
    },
    {
      "npcId": 9904,
      "item": 995,
      "amount": 2558346
    },
    {
      "npcId": 9904,
      "item": 2023,
      "amount": 121
    },
    {
      "npcId": 9907,
      "item": 10946,
      "amount": 29
    },
    {
      "npcId": 9907,
      "item": 2023,
      "amount": 230
    },
    {
      "npcId": 9845,
      "item": 20091,
      "amount": 2
    },
    {
      "npcId": 9910,
      "item": 995,
      "amount": 1088
    },
    {
      "npcId": 9910,
      "item": 2023,
      "amount": 295
    },
    {
      "npcId": 9910,
      "item": 20086,
      "amount": 6
    },
    {
      "npcId": 9910,
      "item": 20087,
      "amount": 7
    },
    {
      "npcId": 9910,
      "item": 20088,
      "amount": 6
    },
    {
      "npcId": 9910,
      "item": 14487,
      "amount": 2
    },
    {
      "npcId": 9807,
      "item": 995,
      "amount": 989
    },
    {
      "npcId": 9807,
      "item": 2023,
      "amount": 100
    },
    {
      "npcId": 9807,
      "item": 20091,
      "amount": 3
    },
    {
      "npcId": 9807,
      "item": 20087,
      "amount": 1
    },
    {
      "npcId": 9028,
      "item": 995,
      "amount": 1663
    },
    {
      "npcId": 9028,
      "item": 2023,
      "amount": 162
    },
    {
      "npcId": 9028,
      "item": 23027,
      "amount": 1
    },
    {
      "npcId": 9028,
      "item": 23026,
      "amount": 1
    },
    {
      "npcId": 9028,
      "item": 23024,
      "amount": 1
    },
    {
      "npcId": 8014,
      "item": 995,
      "amount": 2498
    },
    {
      "npcId": 8014,
      "item": 2023,
      "amount": 515
    },
    {
      "npcId": 8014,
      "item": 23054,
      "amount": 1
    },
    {
      "npcId": 8014,
      "item": 23056,
      "amount": 1
    },
    {
      "npcId": 9908,
      "item": 10946,
      "amount": 19
    },
    {
      "npcId": 9908,
      "item": 2023,
      "amount": 618
    },
    {
      "npcId": 8014,
      "item": 23052,
      "amount": 2
    },
    {
      "npcId": 8003,
      "item": 995,
      "amount": 3410
    },
    {
      "npcId": 8003,
      "item": 2023,
      "amount": 414
    },
    {
      "npcId": 8014,
      "item": 23051,
      "amount": 3
    },
    {
      "npcId": 9904,
      "item": 23058,
      "amount": 3
    },
    {
      "npcId": 8014,
      "item": 23055,
      "amount": 2
    },
    {
      "npcId": 8014,
      "item": 23050,
      "amount": 2
    },
    {
      "npcId": 8003,
      "item": 20594,
      "amount": 1
    },
    {
      "npcId": 8003,
      "item": 4367,
      "amount": 1
    },
    {
      "npcId": 8003,
      "item": 8335,
      "amount": 3
    },
    {
      "npcId": 8003,
      "item": 20593,
      "amount": 1
    },
    {
      "npcId": 202,
      "item": 995,
      "amount": 4424
    },
    {
      "npcId": 202,
      "item": 2023,
      "amount": 411
    },
    {
      "npcId": 202,
      "item": 13304,
      "amount": 2
    },
    {
      "npcId": 202,
      "item": 13306,
      "amount": 2
    },
    {
      "npcId": 9029,
      "item": 995,
      "amount": 1675
    },
    {
      "npcId": 9029,
      "item": 2023,
      "amount": 182
    },
    {
      "npcId": 9029,
      "item": 23029,
      "amount": 2
    },
    {
      "npcId": 9029,
      "item": 23030,
      "amount": 2
    },
    {
      "npcId": 9029,
      "item": 23031,
      "amount": 1
    },
    {
      "npcId": 9029,
      "item": 23033,
      "amount": 1
    },
    {
      "npcId": 9030,
      "item": 995,
      "amount": 1651
    },
    {
      "npcId": 9030,
      "item": 2023,
      "amount": 144
    },
    {
      "npcId": 9030,
      "item": 23036,
      "amount": 1
    },
    {
      "npcId": 9030,
      "item": 23035,
      "amount": 1
    },
    {
      "npcId": 9030,
      "item": 23037,
      "amount": 2
    },
    {
      "npcId": 811,
      "item": 995,
      "amount": 5524
    },
    {
      "npcId": 811,
      "item": 2023,
      "amount": 528
    },
    {
      "npcId": 811,
      "item": 21066,
      "amount": 1
    },
    {
      "npcId": 811,
      "item": 21063,
      "amount": 1
    },
    {
      "npcId": 811,
      "item": 21068,
      "amount": 1
    },
    {
      "npcId": 811,
      "item": 21055,
      "amount": 1
    },
    {
      "npcId": 9815,
      "item": 995,
      "amount": 6714
    },
    {
      "npcId": 9815,
      "item": 2023,
      "amount": 717
    },
    {
      "npcId": 9815,
      "item": 21037,
      "amount": 2
    },
    {
      "npcId": 9815,
      "item": 21048,
      "amount": 1
    },
    {
      "npcId": 9815,
      "item": 21039,
      "amount": 1
    },
    {
      "npcId": 9817,
      "item": 995,
      "amount": 7388
    },
    {
      "npcId": 9817,
      "item": 2023,
      "amount": 393
    },
    {
      "npcId": 9845,
      "item": 20086,
      "amount": 2
    },
    {
      "npcId": 9845,
      "item": 14487,
      "amount": 1
    },
    {
      "npcId": 9807,
      "item": 20093,
      "amount": 1
    },
    {
      "npcId": 9807,
      "item": 20086,
      "amount": 1
    },
    {
      "npcId": 9807,
      "item": 20089,
      "amount": 1
    },
    {
      "npcId": 9838,
      "item": 20086,
      "amount": 2
    },
    {
      "npcId": 9838,
      "item": 20087,
      "amount": 4
    },
    {
      "npcId": 9838,
      "item": 20088,
      "amount": 1
    },
    {
      "npcId": 9910,
      "item": 20091,
      "amount": 4
    },
    {
      "npcId": 6692,
      "item": 995,
      "amount": 1108
    },
    {
      "npcId": 6692,
      "item": 2023,
      "amount": 99
    },
    {
      "npcId": 6692,
      "item": 18001,
      "amount": 4
    },
    {
      "npcId": 6692,
      "item": 18005,
      "amount": 1
    },
    {
      "npcId": 6692,
      "item": 17999,
      "amount": 1
    },
    {
      "npcId": 6692,
      "item": 18011,
      "amount": 1
    },
    {
      "npcId": 9910,
      "item": 20089,
      "amount": 1
    },
    {
      "npcId": 9910,
      "item": 20093,
      "amount": 1
    },
    {
      "npcId": 9817,
      "item": 17664,
      "amount": 2
    },
    {
      "npcId": 3313,
      "item": 995,
      "amount": 14352
    },
    {
      "npcId": 3313,
      "item": 2023,
      "amount": 352
    },
    {
      "npcId": 3313,
      "item": 9940,
      "amount": 2
    },
    {
      "npcId": 92,
      "item": 995,
      "amount": 13407
    },
    {
      "npcId": 92,
      "item": 2023,
      "amount": 399
    },
    {
      "npcId": 9815,
      "item": 21038,
      "amount": 1
    },
    {
      "npcId": 9026,
      "item": 995,
      "amount": 11306
    },
    {
      "npcId": 9026,
      "item": 2023,
      "amount": 305
    },
    {
      "npcId": 1906,
      "item": 995,
      "amount": 16244
    },
    {
      "npcId": 1906,
      "item": 2023,
      "amount": 245
    },
    {
      "npcId": 8002,
      "item": 995,
      "amount": 29807
    },
    {
      "npcId": 9916,
      "item": 995,
      "amount": 20322
    },
    {
      "npcId": 9916,
      "item": 2023,
      "amount": 316
    },
    {
      "npcId": 9914,
      "item": 995,
      "amount": 23412
    },
    {
      "npcId": 9914,
      "item": 2023,
      "amount": 411
    },
    {
      "npcId": 9915,
      "item": 995,
      "amount": 17243
    },
    {
      "npcId": 9915,
      "item": 2023,
      "amount": 240
    },
    {
      "npcId": 3014,
      "item": 995,
      "amount": 34271
    },
    {
      "npcId": 9806,
      "item": 995,
      "amount": 26400
    },
    {
      "npcId": 3010,
      "item": 995,
      "amount": 31857
    },
    {
      "npcId": 3013,
      "item": 995,
      "amount": 33339
    },
    {
      "npcId": 9903,
      "item": 995,
      "amount": 28752
    },
    {
      "npcId": 9817,
      "item": 23134,
      "amount": 2
    },
    {
      "npcId": 8010,
      "item": 995,
      "amount": 35540
    },
    {
      "npcId": 1746,
      "item": 995,
      "amount": 30706
    },
    {
      "npcId": 9017,
      "item": 995,
      "amount": 29484
    },
    {
      "npcId": 9017,
      "item": 15645,
      "amount": 5
    },
    {
      "npcId": 9816,
      "item": 995,
      "amount": 27695
    },
    {
      "npcId": 9817,
      "item": 23135,
      "amount": 1
    },
    {
      "npcId": 9920,
      "item": 995,
      "amount": 8157
    },
    {
      "npcId": 9920,
      "item": 2023,
      "amount": 158
    },
    {
      "npcId": 9920,
      "item": 14912,
      "amount": 1
    },
    {
      "npcId": 3831,
      "item": 995,
      "amount": 9167
    },
    {
      "npcId": 3831,
      "item": 2023,
      "amount": 165
    },
    {
      "npcId": 3831,
      "item": 10865,
      "amount": 1
    },
    {
      "npcId": 3831,
      "item": 12864,
      "amount": 1
    },
    {
      "npcId": 9025,
      "item": 995,
      "amount": 10178
    },
    {
      "npcId": 9025,
      "item": 2023,
      "amount": 181
    },
    {
      "npcId": 9025,
      "item": 8817,
      "amount": 2
    },
    {
      "npcId": 9025,
      "item": 8819,
      "amount": 1
    },
    {
      "npcId": 9026,
      "item": 23146,
      "amount": 1
    },
    {
      "npcId": 9026,
      "item": 23145,
      "amount": 1
    },
    {
      "npcId": 9836,
      "item": 995,
      "amount": 12180
    },
    {
      "npcId": 9836,
      "item": 2023,
      "amount": 181
    },
    {
      "npcId": 9836,
      "item": 12614,
      "amount": 1
    },
    {
      "npcId": 92,
      "item": 5422,
      "amount": 1
    },
    {
      "npcId": 92,
      "item": 5428,
      "amount": 1
    },
    {
      "npcId": 3313,
      "item": 21045,
      "amount": 1
    },
    {
      "npcId": 8008,
      "item": 995,
      "amount": 15188
    },
    {
      "npcId": 8008,
      "item": 2023,
      "amount": 186
    },
    {
      "npcId": 8008,
      "item": 8803,
      "amount": 1
    },
    {
      "npcId": 1906,
      "item": 8809,
      "amount": 1
    },
    {
      "npcId": 9915,
      "item": 14050,
      "amount": 1
    },
    {
      "npcId": 2342,
      "item": 995,
      "amount": 18177
    },
    {
      "npcId": 2342,
      "item": 2023,
      "amount": 175
    },
    {
      "npcId": 9024,
      "item": 995,
      "amount": 19255
    },
    {
      "npcId": 9024,
      "item": 2023,
      "amount": 258
    },
    {
      "npcId": 9024,
      "item": 11183,
      "amount": 1
    },
    {
      "npcId": 9916,
      "item": 10887,
      "amount": 1
    },
    {
      "npcId": 9918,
      "item": 995,
      "amount": 21269
    },
    {
      "npcId": 9918,
      "item": 2023,
      "amount": 268
    },
    {
      "npcId": 9918,
      "item": 21028,
      "amount": 1
    },
    {
      "npcId": 9919,
      "item": 995,
      "amount": 22353
    },
    {
      "npcId": 9919,
      "item": 2023,
      "amount": 348
    },
    {
      "npcId": 9919,
      "item": 16272,
      "amount": 1
    },
    {
      "npcId": 9914,
      "item": 22126,
      "amount": 1
    },
    {
      "npcId": 9017,
      "item": 15647,
      "amount": 1
    },
    {
      "npcId": 9017,
      "item": 22135,
      "amount": 3
    },
    {
      "npcId": 9017,
      "item": 19481,
      "amount": 2
    },
    {
      "npcId": 9839,
      "item": 995,
      "amount": 26034
    },
    {
      "npcId": 9017,
      "item": 15646,
      "amount": 1
    },
    {
      "npcId": 9908,
      "item": 23057,
      "amount": 1
    },
    {
      "npcId": 3016,
      "item": 995,
      "amount": 71050
    },
    {
      "npcId": 4972,
      "item": 995,
      "amount": 73111
    },
    {
      "npcId": 9012,
      "item": 995,
      "amount": 75084
    },
    {
      "npcId": 3019,
      "item": 995,
      "amount": 77237
    },
    {
      "npcId": 3020,
      "item": 995,
      "amount": 79716
    },
    {
      "npcId": 3021,
      "item": 995,
      "amount": 81839
    },
    {
      "npcId": 3305,
      "item": 995,
      "amount": 83746
    },
    {
      "npcId": 9818,
      "item": 995,
      "amount": 85709
    },
    {
      "npcId": 9839,
      "item": 21022,
      "amount": 1
    },
    {
      "npcId": 9912,
      "item": 995,
      "amount": 87775
    },
    {
      "npcId": 9913,
      "item": 995,
      "amount": 89789
    },
    {
      "npcId": 3117,
      "item": 995,
      "amount": 91888
    },
    {
      "npcId": 3115,
      "item": 995,
      "amount": 93843
    },
    {
      "npcId": 12239,
      "item": 995,
      "amount": 95866
    },
    {
      "npcId": 3112,
      "item": 995,
      "amount": 97946
    },
    {
      "npcId": 3112,
      "item": 15007,
      "amount": 1
    },
    {
      "npcId": 3011,
      "item": 995,
      "amount": 99533
    },
    {
      "npcId": 252,
      "item": 995,
      "amount": 101007
    }
  ],
  "holy-prayers-unlocked": [
    false,
    false,
    false,
    false,
    true,
    false
  ],
  "rune-ess": 0,
  "pure-ess": 0,
  "has-bank-pin": false,
  "last-pin-attempt": 0,
  "invalid-pin-attempts": 0,
  "bank-pin": [
    0,
    0,
    0,
    0
  ],
  "appearance": [
    0,
    1,
    18,
    26,
    33,
    36,
    42,
    10,
    11,
    0,
    14,
    5,
    0
  ],
  "agility-obj": [
    false,
    false,
    false,
    false,
    false,
    false,
    false
  ],
  "skills": {
    "level": [
      120,
      120,
      120,
      1200,
      120,
      980,
      120,
      1,
      1,
      1,
      1,
      1,
      68,
      1,
      1,
      1,
      1,
      1,
      106,
      1,
      1,
      42,
      1,
      1,
      1
    ],
    "maxLevel": [
      120,
      120,
      120,
      1200,
      120,
      980,
      120,
      1,
      1,
      1,
      1,
      1,
      68,
      1,
      1,
      1,
      1,
      1,
      106,
      1,
      1,
      42,
      1,
      1,
      1
    ],
    "experience": [
      309257691,
      109081298,
      2000000000,
      2000000000,
      2000000000,
      12277013,
      2000000000,
      0,
      0,
      0,
      0,
      0,
      658980,
      0,
      0,
      0,
      0,
      0,
      27238493,
      0,
      0,
      47851,
      0,
      0,
      0
    ]
  },
  "inventory": [
    {
      "id": 23126,
      "amount": 1,
      "slot": 0
    },
    {
      "id": 2023,
      "amount": 18933,
      "slot": 0,
      "bonus": {
        "effect": "NOTHING",
        "rarity": "COMMON",
        "bonus": 0
      }
    },
    {
      "id": 13727,
      "amount": 116,
      "slot": 0,
      "bonus": {
        "effect": "NOTHING",
        "rarity": "COMMON",
        "bonus": 0
      }
    },
    {
      "id": 10835,
      "amount": 1846715,
      "slot": 0,
      "bonus": {
        "effect": "NOTHING",
        "rarity": "COMMON",
        "bonus": 0
      }
    },
    {
      "id": 23120,
      "amount": 1,
      "slot": 0,
      "bonus": {
        "effect": "NOTHING",
        "rarity": "COMMON",
        "bonus": 0
      }
    },
    {
      "id": -1,
      "amount": 0,
      "slot": 0,
      "bonus": {
        "effect": "NOTHING",
        "rarity": "COMMON",
        "bonus": 0
      }
    },
    {
      "id": 23020,
      "amount": 3,
      "slot": 0,
      "bonus": {
        "effect": "NOTHING",
        "rarity": "COMMON",
        "bonus": 0
      }
    },
    {
      "id": 10946,
      "amount": 5,
      "slot": 0,
      "bonus": {
        "effect": "NOTHING",
        "rarity": "COMMON",
        "bonus": 0
      }
    },
    {
      "id": -1,
      "amount": 0,
      "slot": 0,
      "bonus": {
        "effect": "NOTHING",
        "rarity": "COMMON",
        "bonus": 0
      }
    },
    {
      "id": 229,
      "amount": 1,
      "slot": 0
    },
    {
      "id": 229,
      "amount": 1,
      "slot": 0
    },
    {
      "id": 3030,
      "amount": 1,
      "slot": 0
    },
    {
      "id": 13333,
      "amount": 1,
      "slot": 0,
      "bonus": {
        "effect": "ALL_DAMAGE_HIGH",
        "rarity": "MYTHIC",
        "bonus": 3
      }
    },
    {
      "id": 3024,
      "amount": 1,
      "slot": 0,
      "bonus": {
        "effect": "NOTHING",
        "rarity": "COMMON",
        "bonus": 0
      }
    },
    {
      "id": 3024,
      "amount": 1,
      "slot": 0,
      "bonus": {
        "effect": "NOTHING",
        "rarity": "COMMON",
        "bonus": 0
      }
    },
    {
      "id": 5023,
      "amount": 11384,
      "slot": 0,
      "bonus": {
        "effect": "NOTHING",
        "rarity": "COMMON",
        "bonus": 0
      }
    },
    {
      "id": 3026,
      "amount": 1,
      "slot": 0
    },
    {
      "id": 3024,
      "amount": 1,
      "slot": 0,
      "bonus": {
        "effect": "NOTHING",
        "rarity": "COMMON",
        "bonus": 0
      }
    },
    {
      "id": -1,
      "amount": 0,
      "slot": 0
    },
    {
      "id": 21066,
      "amount": 1,
      "slot": 0,
      "bonus": {
        "effect": "DOUBLE_DROP",
        "rarity": "RARE",
        "bonus": 17
      }
    },
    {
      "id": -1,
      "amount": 0,
      "slot": 0,
      "bonus": {
        "effect": "NOTHING",
        "rarity": "COMMON",
        "bonus": 0
      }
    },
    {
      "id": -1,
      "amount": 0,
      "slot": 0,
      "bonus": {
        "effect": "NOTHING",
        "rarity": "COMMON",
        "bonus": 0
      }
    },
    {
      "id": 995,
      "amount": 45646837,
      "slot": 0,
      "bonus": {
        "effect": "NOTHING",
        "rarity": "COMMON",
        "bonus": 0
      }
    },
    {
      "id": 17664,
      "amount": 1,
      "slot": 0,
      "bonus": {
        "effect": "DOUBLE_DROP",
        "rarity": "RARE",
        "bonus": 10
      }
    },
    {
      "id": -1,
      "amount": 0,
      "slot": 0,
      "bonus": {
        "effect": "NOTHING",
        "rarity": "COMMON",
        "bonus": 0
      }
    },
    {
      "id": -1,
      "amount": 0,
      "slot": 0,
      "bonus": {
        "effect": "NOTHING",
        "rarity": "COMMON",
        "bonus": 0
      }
    },
    {
      "id": 21815,
      "amount": 2,
      "slot": 0,
      "bonus": {
        "effect": "NOTHING",
        "rarity": "COMMON",
        "bonus": 0
      }
    },
    {
      "id": 21814,
      "amount": 2,
      "slot": 0,
      "bonus": {
        "effect": "NOTHING",
        "rarity": "COMMON",
        "bonus": 0
      }
    }
  ],
  "equipment": [
    {
      "id": 15005,
      "amount": 1,
      "slot": 0,
      "bonus": {
        "effect": "TRIPLE_KILLS",
        "rarity": "MYTHIC",
        "bonus": 2
      }
    },
    {
      "id": 17606,
      "amount": 1,
      "slot": 0,
      "bonus": {
        "effect": "MAGIC_DAMAGE",
        "rarity": "UNCOMMON",
        "bonus": 1
      }
    },
    {
      "id": 19888,
      "amount": 1,
      "slot": 0,
      "bonus": {
        "effect": "NOTHING",
        "rarity": "COMMON",
        "bonus": 0
      }
    },
    {
      "id": 3472,
      "amount": 1,
      "slot": 0,
      "bonus": {
        "effect": "AOE_EFFECT",
        "rarity": "MYTHIC",
        "bonus": 1
      }
    },
    {
      "id": 15006,
      "amount": 1,
      "slot": 0,
      "bonus": {
        "effect": "NOTHING",
        "rarity": "COMMON",
        "bonus": 0
      }
    },
    {
      "id": 17696,
      "amount": 1,
      "slot": 0,
      "bonus": {
        "effect": "RANGE_DAMAGE",
        "rarity": "UNCOMMON",
        "bonus": 1
      }
    },
    {
      "id": 12614,
      "amount": 1,
      "slot": 0,
      "bonus": {
        "effect": "DOUBLE_DROP",
        "rarity": "RARE",
        "bonus": 20
      }
    },
    {
      "id": 15007,
      "amount": 1,
      "slot": 0,
      "bonus": {
        "effect": "NOTHING",
        "rarity": "COMMON",
        "bonus": 0
      }
    },
    {
      "id": -1,
      "amount": 0,
      "slot": 0,
      "bonus": {
        "effect": "NOTHING",
        "rarity": "COMMON",
        "bonus": 0
      }
    },
    {
      "id": 11766,
      "amount": 1,
      "slot": 0,
      "bonus": {
        "effect": "DOUBLE_CASH",
        "rarity": "LEGENDARY",
        "bonus": 2
      }
    },
    {
      "id": 6937,
      "amount": 1,
      "slot": 0,
      "bonus": {
        "effect": "NOTHING",
        "rarity": "COMMON",
        "bonus": 0
      }
    },
    {
      "id": -1,
      "amount": 0,
      "slot": 0,
      "bonus": {
        "effect": "NOTHING",
        "rarity": "COMMON",
        "bonus": 0
      }
    },
    {
      "id": 21069,
      "amount": 1,
      "slot": 0,
      "bonus": {
        "effect": "NOTHING",
        "rarity": "COMMON",
        "bonus": 0
      }
    },
    {
      "id": 23049,
      "amount": 1,
      "slot": 0,
      "bonus": {
        "effect": "DOUBLE_KILLS",
        "rarity": "LEGENDARY",
        "bonus": 2
      }
    },
    {
      "id": -1,
      "amount": 0,
      "slot": 0,
      "bonus": {
        "effect": "NOTHING",
        "rarity": "COMMON",
        "bonus": 0
      }
    }
  ],
  "secondary-equipment": [
    {
      "id": -1,
      "amount": 0,
      "slot": 0,
      "bonus": {
        "effect": "NOTHING",
        "rarity": "COMMON",
        "bonus": 0
      }
    },
    {
      "id": -1,
      "amount": 0,
      "slot": 0,
      "bonus": {
        "effect": "NOTHING",
        "rarity": "COMMON",
        "bonus": 0
      }
    },
    {
      "id": -1,
      "amount": 0,
      "slot": 0,
      "bonus": {
        "effect": "NOTHING",
        "rarity": "COMMON",
        "bonus": 0
      }
    },
    {
      "id": -1,
      "amount": 0,
      "slot": 0,
      "bonus": {
        "effect": "NOTHING",
        "rarity": "COMMON",
        "bonus": 0
      }
    },
    {
      "id": -1,
      "amount": 0,
      "slot": 0,
      "bonus": {
        "effect": "NOTHING",
        "rarity": "COMMON",
        "bonus": 0
      }
    },
    {
      "id": -1,
      "amount": 0,
      "slot": 0,
      "bonus": {
        "effect": "NOTHING",
        "rarity": "COMMON",
        "bonus": 0
      }
    },
    {
      "id": -1,
      "amount": 0,
      "slot": 0,
      "bonus": {
        "effect": "NOTHING",
        "rarity": "COMMON",
        "bonus": 0
      }
    },
    {
      "id": -1,
      "amount": 0,
      "slot": 0,
      "bonus": {
        "effect": "NOTHING",
        "rarity": "COMMON",
        "bonus": 0
      }
    },
    {
      "id": -1,
      "amount": 0,
      "slot": 0,
      "bonus": {
        "effect": "NOTHING",
        "rarity": "COMMON",
        "bonus": 0
      }
    },
    {
      "id": -1,
      "amount": 0,
      "slot": 0,
      "bonus": {
        "effect": "NOTHING",
        "rarity": "COMMON",
        "bonus": 0
      }
    },
    {
      "id": -1,
      "amount": 0,
      "slot": 0,
      "bonus": {
        "effect": "NOTHING",
        "rarity": "COMMON",
        "bonus": 0
      }
    },
    {
      "id": -1,
      "amount": 0,
      "slot": 0,
      "bonus": {
        "effect": "NOTHING",
        "rarity": "COMMON",
        "bonus": 0
      }
    },
    {
      "id": -1,
      "amount": 0,
      "slot": 0,
      "bonus": {
        "effect": "NOTHING",
        "rarity": "COMMON",
        "bonus": 0
      }
    },
    {
      "id": -1,
      "amount": 0,
      "slot": 0,
      "bonus": {
        "effect": "NOTHING",
        "rarity": "COMMON",
        "bonus": 0
      }
    },
    {
      "id": -1,
      "amount": 0,
      "slot": 0,
      "bonus": {
        "effect": "NOTHING",
        "rarity": "COMMON",
        "bonus": 0
      }
    }
  ],
  "preset-equipment": [
    {
      "id": -1,
      "amount": 0,
      "slot": 0,
      "bonus": {
        "effect": "NOTHING",
        "rarity": "COMMON",
        "bonus": 0
      }
    },
    {
      "id": -1,
      "amount": 0,
      "slot": 0,
      "bonus": {
        "effect": "NOTHING",
        "rarity": "COMMON",
        "bonus": 0
      }
    },
    {
      "id": -1,
      "amount": 0,
      "slot": 0,
      "bonus": {
        "effect": "NOTHING",
        "rarity": "COMMON",
        "bonus": 0
      }
    },
    {
      "id": -1,
      "amount": 0,
      "slot": 0,
      "bonus": {
        "effect": "NOTHING",
        "rarity": "COMMON",
        "bonus": 0
      }
    },
    {
      "id": -1,
      "amount": 0,
      "slot": 0,
      "bonus": {
        "effect": "NOTHING",
        "rarity": "COMMON",
        "bonus": 0
      }
    },
    {
      "id": -1,
      "amount": 0,
      "slot": 0,
      "bonus": {
        "effect": "NOTHING",
        "rarity": "COMMON",
        "bonus": 0
      }
    },
    {
      "id": -1,
      "amount": 0,
      "slot": 0,
      "bonus": {
        "effect": "NOTHING",
        "rarity": "COMMON",
        "bonus": 0
      }
    },
    {
      "id": -1,
      "amount": 0,
      "slot": 0,
      "bonus": {
        "effect": "NOTHING",
        "rarity": "COMMON",
        "bonus": 0
      }
    },
    {
      "id": -1,
      "amount": 0,
      "slot": 0,
      "bonus": {
        "effect": "NOTHING",
        "rarity": "COMMON",
        "bonus": 0
      }
    },
    {
      "id": -1,
      "amount": 0,
      "slot": 0,
      "bonus": {
        "effect": "NOTHING",
        "rarity": "COMMON",
        "bonus": 0
      }
    },
    {
      "id": -1,
      "amount": 0,
      "slot": 0,
      "bonus": {
        "effect": "NOTHING",
        "rarity": "COMMON",
        "bonus": 0
      }
    },
    {
      "id": -1,
      "amount": 0,
      "slot": 0,
      "bonus": {
        "effect": "NOTHING",
        "rarity": "COMMON",
        "bonus": 0
      }
    },
    {
      "id": -1,
      "amount": 0,
      "slot": 0,
      "bonus": {
        "effect": "NOTHING",
        "rarity": "COMMON",
        "bonus": 0
      }
    },
    {
      "id": -1,
      "amount": 0,
      "slot": 0,
      "bonus": {
        "effect": "NOTHING",
        "rarity": "COMMON",
        "bonus": 0
      }
    },
    {
      "id": -1,
      "amount": 0,
      "slot": 0,
      "bonus": {
        "effect": "NOTHING",
        "rarity": "COMMON",
        "bonus": 0
      }
    }
  ],
  "offences": [],
  "bank-0": [
    {
      "id": 22092,
      "amount": 1,
      "slot": 0,
      "bonus": {
        "effect": "NOTHING",
        "rarity": "COMMON",
        "bonus": 0
      }
    },
    {
      "id": 22083,
      "amount": 1,
      "slot": 0,
      "bonus": {
        "effect": "NOTHING",
        "rarity": "COMMON",
        "bonus": 0
      }
    },
    {
      "id": 3024,
      "amount": 654,
      "slot": 0,
      "bonus": {
        "effect": "NOTHING",
        "rarity": "COMMON",
        "bonus": 0
      }
    },
    {
      "id": 17817,
      "amount": 80,
      "slot": 0,
      "bonus": {
        "effect": "NOTHING",
        "rarity": "COMMON",
        "bonus": 0
      }
    },
    {
      "id": 995,
      "amount": 0,
      "slot": 0,
      "bonus": {
        "effect": "NOTHING",
        "rarity": "COMMON",
        "bonus": 0
      }
    },
    {
      "id": 20092,
      "amount": 1,
      "slot": 0,
      "bonus": {
        "effect": "NOTHING",
        "rarity": "COMMON",
        "bonus": 0
      }
    },
    {
      "id": 22175,
      "amount": 1,
      "slot": 0,
      "bonus": {
        "effect": "NOTHING",
        "rarity": "COMMON",
        "bonus": 0
      }
    },
    {
      "id": 23026,
      "amount": 1,
      "slot": 0,
      "bonus": {
        "effect": "NOTHING",
        "rarity": "COMMON",
        "bonus": 0
      }
    },
    {
      "id": 18629,
      "amount": 1,
      "slot": 0,
      "bonus": {
        "effect": "NOTHING",
        "rarity": "COMMON",
        "bonus": 0
      }
    },
    {
      "id": 19914,
      "amount": 1,
      "slot": 0,
      "bonus": {
        "effect": "NOTHING",
        "rarity": "COMMON",
        "bonus": 0
      }
    },
    {
      "id": 229,
      "amount": 151,
      "slot": 0,
      "bonus": {
        "effect": "NOTHING",
        "rarity": "COMMON",
        "bonus": 0
      }
    },
    {
      "id": 23037,
      "amount": 1,
      "slot": 0,
      "bonus": {
        "effect": "ALL_DAMAGE_LOW",
        "rarity": "RARE",
        "bonus": 1
      }
    },
    {
      "id": 20091,
      "amount": 0,
      "slot": 0,
      "bonus": {
        "effect": "NOTHING",
        "rarity": "COMMON",
        "bonus": 0
      }
    },
    {
      "id": 20593,
      "amount": 0,
      "slot": 0,
      "bonus": {
        "effect": "NOTHING",
        "rarity": "COMMON",
        "bonus": 0
      }
    },
    {
      "id": 20093,
      "amount": 1,
      "slot": 0,
      "bonus": {
        "effect": "NOTHING",
        "rarity": "COMMON",
        "bonus": 0
      }
    },
    {
      "id": 3030,
      "amount": 5,
      "slot": 0,
      "bonus": {
        "effect": "NOTHING",
        "rarity": "COMMON",
        "bonus": 0
      }
    },
    {
      "id": 23027,
      "amount": 1,
      "slot": 0,
      "bonus": {
        "effect": "NOTHING",
        "rarity": "COMMON",
        "bonus": 0
      }
    },
    {
      "id": 17664,
      "amount": 0,
      "slot": 0,
      "bonus": {
        "effect": "DOUBLE_DROP",
        "rarity": "RARE",
        "bonus": 10
      }
    },
    {
      "id": 18636,
      "amount": 1,
      "slot": 0,
      "bonus": {
        "effect": "NOTHING",
        "rarity": "COMMON",
        "bonus": 0
      }
    },
    {
      "id": 789,
      "amount": 1,
      "slot": 0,
      "bonus": {
        "effect": "NOTHING",
        "rarity": "COMMON",
        "bonus": 0
      }
    },
    {
      "id": 783,
      "amount": 2,
      "slot": 0,
      "bonus": {
        "effect": "NOTHING",
        "rarity": "COMMON",
        "bonus": 0
      }
    },
    {
      "id": 3026,
      "amount": 0,
      "slot": 0,
      "bonus": {
        "effect": "NOTHING",
        "rarity": "COMMON",
        "bonus": 0
      }
    },
    {
      "id": 1011,
      "amount": 2,
      "slot": 0,
      "bonus": {
        "effect": "NOTHING",
        "rarity": "COMMON",
        "bonus": 0
      }
    },
    {
      "id": 9940,
      "amount": 1,
      "slot": 0,
      "bonus": {
        "effect": "NOTHING",
        "rarity": "COMMON",
        "bonus": 0
      }
    },
    {
      "id": 23124,
      "amount": 1,
      "slot": 0,
      "bonus": {
        "effect": "NOTHING",
        "rarity": "COMMON",
        "bonus": 0
      }
    },
    {
      "id": 9719,
      "amount": 1,
      "slot": 0,
      "bonus": {
        "effect": "NOTHING",
        "rarity": "COMMON",
        "bonus": 0
      }
    },
    {
      "id": 21815,
      "amount": 0,
      "slot": 0,
      "bonus": {
        "effect": "NOTHING",
        "rarity": "COMMON",
        "bonus": 0
      }
    },
    {
      "id": 14188,
      "amount": 1,
      "slot": 0,
      "bonus": {
        "effect": "NOTHING",
        "rarity": "COMMON",
        "bonus": 0
      }
    },
    {
      "id": 11137,
      "amount": 29,
      "slot": 0,
      "bonus": {
        "effect": "NOTHING",
        "rarity": "COMMON",
        "bonus": 0
      }
    },
    {
      "id": 922,
      "amount": 1,
      "slot": 0,
      "bonus": {
        "effect": "NOTHING",
        "rarity": "COMMON",
        "bonus": 0
      }
    },
    {
      "id": 23138,
      "amount": 1,
      "slot": 0,
      "bonus": {
        "effect": "NOTHING",
        "rarity": "COMMON",
        "bonus": 0
      }
    },
    {
      "id": 23126,
      "amount": 0,
      "slot": 0,
      "bonus": {
        "effect": "NOTHING",
        "rarity": "COMMON",
        "bonus": 0
      }
    },
    {
      "id": 21066,
      "amount": 0,
      "slot": 0,
      "bonus": {
        "effect": "DOUBLE_DROP",
        "rarity": "RARE",
        "bonus": 17
      }
    },
    {
      "id": 13333,
      "amount": 0,
      "slot": 0,
      "bonus": {
        "effect": "ALL_DAMAGE_HIGH",
        "rarity": "MYTHIC",
        "bonus": 3
      }
    },
    {
      "id": 1009,
      "amount": 1,
      "slot": 0,
      "bonus": {
        "effect": "NOTHING",
        "rarity": "COMMON",
        "bonus": 0
      }
    },
    {
      "id": 732,
      "amount": 1,
      "slot": 0,
      "bonus": {
        "effect": "NOTHING",
        "rarity": "COMMON",
        "bonus": 0
      }
    },
    {
      "id": 1015,
      "amount": 1,
      "slot": 0,
      "bonus": {
        "effect": "NOTHING",
        "rarity": "COMMON",
        "bonus": 0
      }
    },
    {
      "id": 1005,
      "amount": 1,
      "slot": 0,
      "bonus": {
        "effect": "NOTHING",
        "rarity": "COMMON",
        "bonus": 0
      }
    },
    {
      "id": 913,
      "amount": 2,
      "slot": 0,
      "bonus": {
        "effect": "NOTHING",
        "rarity": "COMMON",
        "bonus": 0
      }
    },
    {
      "id": 3028,
      "amount": 4,
      "slot": 0,
      "bonus": {
        "effect": "NOTHING",
        "rarity": "COMMON",
        "bonus": 0
      }
    },
    {
      "id": 15645,
      "amount": 1,
      "slot": 0,
      "bonus": {
        "effect": "ALL_DAMAGE_HIGH",
        "rarity": "MYTHIC",
        "bonus": 3
      }
    },
    {
      "id": 15647,
      "amount": 1,
      "slot": 0,
      "bonus": {
        "effect": "RANGE_DAMAGE",
        "rarity": "UNCOMMON",
        "bonus": 1
      }
    },
    {
      "id": 22126,
      "amount": 1,
      "slot": 0,
      "bonus": {
        "effect": "NOTHING",
        "rarity": "COMMON",
        "bonus": 0
      }
    },
    {
      "id": 8809,
      "amount": 1,
      "slot": 0,
      "bonus": {
        "effect": "NOTHING",
        "rarity": "COMMON",
        "bonus": 0
      }
    },
    {
      "id": 21055,
      "amount": 1,
      "slot": 0,
      "bonus": {
        "effect": "NOTHING",
        "rarity": "COMMON",
        "bonus": 0
      }
    },
    {
      "id": 12864,
      "amount": 1,
      "slot": 0,
      "bonus": {
        "effect": "RANGE_DAMAGE",
        "rarity": "UNCOMMON",
        "bonus": 1
      }
    },
    {
      "id": 22135,
      "amount": 1,
      "slot": 0,
      "bonus": {
        "effect": "NOTHING",
        "rarity": "COMMON",
        "bonus": 0
      }
    },
    {
      "id": 10835,
      "amount": 1,
      "slot": 0,
      "bonus": {
        "effect": "NOTHING",
        "rarity": "COMMON",
        "bonus": 0
      }
    },
    {
      "id": 19481,
      "amount": 2,
      "slot": 0,
      "bonus": {
        "effect": "NOTHING",
        "rarity": "COMMON",
        "bonus": 0
      }
    },
    {
      "id": 10946,
      "amount": 5,
      "slot": 0,
      "bonus": {
        "effect": "NOTHING",
        "rarity": "COMMON",
        "bonus": 0
      }
    },
    {
      "id": 23020,
      "amount": 5,
      "slot": 0,
      "bonus": {
        "effect": "NOTHING",
        "rarity": "COMMON",
        "bonus": 0
      }
    },
    {
      "id": 21934,
      "amount": 1,
      "slot": 0,
      "bonus": {
        "effect": "NOTHING",
        "rarity": "COMMON",
        "bonus": 0
      }
    },
    {
      "id": 11766,
      "amount": 0,
      "slot": 0,
      "bonus": {
        "effect": "DOUBLE_CASH",
        "rarity": "LEGENDARY",
        "bonus": 2
      }
    },
    {
      "id": 6937,
      "amount": 0,
      "slot": 0,
      "bonus": {
        "effect": "NOTHING",
        "rarity": "COMMON",
        "bonus": 0
      }
    },
    {
      "id": 4071,
      "amount": 0,
      "slot": 0,
      "bonus": {
        "effect": "AOE_EFFECT",
        "rarity": "MYTHIC",
        "bonus": 1
      }
    },
    {
      "id": 17696,
      "amount": 0,
      "slot": 0,
      "bonus": {
        "effect": "RANGE_DAMAGE",
        "rarity": "UNCOMMON",
        "bonus": 1
      }
    },
    {
      "id": 20590,
      "amount": 0,
      "slot": 0,
      "bonus": {
        "effect": "NOTHING",
        "rarity": "COMMON",
        "bonus": 0
      }
    },
    {
      "id": 17606,
      "amount": 0,
      "slot": 0,
      "bonus": {
        "effect": "MAGIC_DAMAGE",
        "rarity": "UNCOMMON",
        "bonus": 1
      }
    },
    {
      "id": 17616,
      "amount": 1,
      "slot": 0,
      "bonus": {
        "effect": "DOUBLE_DROP",
        "rarity": "RARE",
        "bonus": 10
      }
    },
    {
      "id": 15005,
      "amount": 0,
      "slot": 0,
      "bonus": {
        "effect": "TRIPLE_KILLS",
        "rarity": "MYTHIC",
        "bonus": 2
      }
    },
    {
      "id": 777,
      "amount": 2,
      "slot": 0,
      "bonus": {
        "effect": "NOTHING",
        "rarity": "COMMON",
        "bonus": 0
      }
    },
    {
      "id": 21022,
      "amount": 1,
      "slot": 0,
      "bonus": {
        "effect": "NOTHING",
        "rarity": "COMMON",
        "bonus": 0
      }
    },
    {
      "id": 13727,
      "amount": 30,
      "slot": 0,
      "bonus": {
        "effect": "NOTHING",
        "rarity": "COMMON",
        "bonus": 0
      }
    },
    {
      "id": 15357,
      "amount": 2,
      "slot": 0,
      "bonus": {
        "effect": "NOTHING",
        "rarity": "COMMON",
        "bonus": 0
      }
    },
    {
      "id": 15359,
      "amount": 1,
      "slot": 0,
      "bonus": {
        "effect": "NOTHING",
        "rarity": "COMMON",
        "bonus": 0
      }
    },
    {
      "id": 23118,
      "amount": 1,
      "slot": 0,
      "bonus": {
        "effect": "NOTHING",
        "rarity": "COMMON",
        "bonus": 0
      }
    },
    {
      "id": 22138,
      "amount": 1,
      "slot": 0,
      "bonus": {
        "effect": "NOTHING",
        "rarity": "COMMON",
        "bonus": 0
      }
    }
  ],
  "bank-1": [],
  "bank-2": [],
  "bank-3": [],
  "bank-4": [],
  "bank-5": [],
  "bank-6": [],
  "bank-7": [],
  "bank-8": [],
  "new-uim-bank": [],
  "ge-slots": [
    null,
    null,
    null,
    null,
    null,
    null
  ],
  "charm-imp": [
    0,
    0,
    0,
    0
  ],
  "friends": [
    1824740905899017,
    55812663
  ],
  "ignores": [],
  "loyalty-titles": [
    false,
    false,
    false,
    false,
    false,
    false,
    false,
    false,
    false,
    false,
    false,
    false
  ],
  "kills": [
    {
      "runningTotal": 15847,
      "npcId": 9017,
      "npcName": "Sanctum Golem",
      "amount": 15847,
      "boss": true
    },
    {
      "runningTotal": 3797,
      "npcId": 8010,
      "npcName": "Groudon",
      "amount": 3797,
      "boss": true
    },
    {
      "runningTotal": 3138,
      "npcId": 9012,
      "npcName": "Lucifer",
      "amount": 3138,
      "boss": true
    },
    {
      "runningTotal": 2048,
      "npcId": 9903,
      "npcName": "Asmodeus",
      "amount": 2048,
      "boss": true
    },
    {
      "runningTotal": 492,
      "npcId": 3831,
      "npcName": "Zernath",
      "amount": 492,
      "boss": true
    },
    {
      "runningTotal": 355,
      "npcId": 811,
      "npcName": "Nagendra",
      "amount": 355,
      "boss": true
    },
    {
      "runningTotal": 260,
      "npcId": 202,
      "npcName": "Inferno",
      "amount": 260,
      "boss": true
    },
    {
      "runningTotal": 5040,
      "npcId": 3020,
      "npcName": "Agumon",
      "amount": 5040,
      "boss": false
    },
    {
      "runningTotal": 3615,
      "npcId": 3019,
      "npcName": "Virtuoso",
      "amount": 3615,
      "boss": false
    },
    {
      "runningTotal": 3308,
      "npcId": 3013,
      "npcName": "Ag\u0027thomoth",
      "amount": 3308,
      "boss": false
    },
    {
      "runningTotal": 3243,
      "npcId": 4972,
      "npcName": "Tyrant Lord",
      "amount": 3243,
      "boss": false
    },
    {
      "runningTotal": 3090,
      "npcId": 3016,
      "npcName": "Varthramoth",
      "amount": 3090,
      "boss": false
    },
    {
      "runningTotal": 3034,
      "npcId": 3014,
      "npcName": "Lilinryss",
      "amount": 3034,
      "boss": false
    },
    {
      "runningTotal": 2182,
      "npcId": 8002,
      "npcName": "Malvek",
      "amount": 2182,
      "boss": false
    },
    {
      "runningTotal": 2150,
      "npcId": 3010,
      "npcName": "Zeidan Grimm",
      "amount": 2150,
      "boss": false
    },
    {
      "runningTotal": 2037,
      "npcId": 9816,
      "npcName": "Dragonite",
      "amount": 2037,
      "boss": false
    },
    {
      "runningTotal": 2012,
      "npcId": 1746,
      "npcName": "Onyx Griffin",
      "amount": 2012,
      "boss": false
    },
    {
      "runningTotal": 5397,
      "npcId": 3021,
      "npcName": "White Beard",
      "amount": 5397,
      "boss": false
    },
    {
      "runningTotal": 3042,
      "npcId": 9839,
      "npcName": "Mutant Hydra",
      "amount": 3042,
      "boss": false
    },
    {
      "runningTotal": 1032,
      "npcId": 9919,
      "npcName": "Bowser",
      "amount": 1032,
      "boss": false
    },
    {
      "runningTotal": 1053,
      "npcId": 9914,
      "npcName": "Sasuke",
      "amount": 1053,
      "boss": false
    },
    {
      "runningTotal": 1023,
      "npcId": 9806,
      "npcName": "Gorvek",
      "amount": 1023,
      "boss": false
    },
    {
      "runningTotal": 795,
      "npcId": 9918,
      "npcName": "Broly",
      "amount": 795,
      "boss": false
    },
    {
      "runningTotal": 782,
      "npcId": 9916,
      "npcName": "Luffy",
      "amount": 782,
      "boss": false
    },
    {
      "runningTotal": 756,
      "npcId": 9024,
      "npcName": "Golden Golem",
      "amount": 756,
      "boss": false
    },
    {
      "runningTotal": 602,
      "npcId": 92,
      "npcName": "Maze Guardian",
      "amount": 602,
      "boss": false
    },
    {
      "runningTotal": 545,
      "npcId": 9915,
      "npcName": "Death God",
      "amount": 545,
      "boss": false
    },
    {
      "runningTotal": 543,
      "npcId": 8008,
      "npcName": "Avatar titan",
      "amount": 543,
      "boss": false
    },
    {
      "runningTotal": 542,
      "npcId": 1906,
      "npcName": "Zorbak",
      "amount": 542,
      "boss": false
    },
    {
      "runningTotal": 537,
      "npcId": 9836,
      "npcName": "Doomwatcher",
      "amount": 537,
      "boss": false
    },
    {
      "runningTotal": 534,
      "npcId": 9026,
      "npcName": "Eragon",
      "amount": 534,
      "boss": false
    },
    {
      "runningTotal": 525,
      "npcId": 9025,
      "npcName": "Avalon",
      "amount": 525,
      "boss": false
    },
    {
      "runningTotal": 516,
      "npcId": 2342,
      "npcName": "Emerald Slayer",
      "amount": 516,
      "boss": false
    },
    {
      "runningTotal": 516,
      "npcId": 3313,
      "npcName": "Miscreation",
      "amount": 516,
      "boss": false
    },
    {
      "runningTotal": 465,
      "npcId": 9920,
      "npcName": "Ig\u0027thaur",
      "amount": 465,
      "boss": false
    },
    {
      "runningTotal": 463,
      "npcId": 9815,
      "npcName": "Kol\u0027gal",
      "amount": 463,
      "boss": false
    },
    {
      "runningTotal": 387,
      "npcId": 9817,
      "npcName": "Yisdar",
      "amount": 387,
      "boss": false
    },
    {
      "runningTotal": 341,
      "npcId": 8014,
      "npcName": "Zinqrux",
      "amount": 341,
      "boss": false
    },
    {
      "runningTotal": 266,
      "npcId": 8003,
      "npcName": "Dr. Aberrant",
      "amount": 266,
      "boss": false
    },
    {
      "runningTotal": 216,
      "npcId": 9910,
      "npcName": "Imperial Ranger",
      "amount": 216,
      "boss": false
    },
    {
      "runningTotal": 152,
      "npcId": 9838,
      "npcName": "Imperial Hound",
      "amount": 152,
      "boss": false
    },
    {
      "runningTotal": 132,
      "npcId": 9845,
      "npcName": "Imperial Scorpion",
      "amount": 132,
      "boss": false
    },
    {
      "runningTotal": 114,
      "npcId": 9028,
      "npcName": "Mystic",
      "amount": 114,
      "boss": false
    },
    {
      "runningTotal": 108,
      "npcId": 9029,
      "npcName": "Nightmare",
      "amount": 108,
      "boss": false
    },
    {
      "runningTotal": 105,
      "npcId": 9030,
      "npcName": "Patience",
      "amount": 105,
      "boss": false
    },
    {
      "runningTotal": 76,
      "npcId": 6692,
      "npcName": "Revenant Wyvern",
      "amount": 76,
      "boss": false
    },
    {
      "runningTotal": 69,
      "npcId": 9807,
      "npcName": "Imperial Paladin",
      "amount": 69,
      "boss": false
    },
    {
      "runningTotal": 50,
      "npcId": 9922,
      "npcName": "Blurite Centaur",
      "amount": 50,
      "boss": false
    },
    {
      "runningTotal": 41,
      "npcId": 9911,
      "npcName": "Blurite Werewolf",
      "amount": 41,
      "boss": false
    },
    {
      "runningTotal": 33,
      "npcId": 9835,
      "npcName": "Blurite Demon",
      "amount": 33,
      "boss": false
    },
    {
      "runningTotal": 20,
      "npcId": 9027,
      "npcName": "Blurite Orc",
      "amount": 20,
      "boss": false
    },
    {
      "runningTotal": 10,
      "npcId": 9837,
      "npcName": "Blurite Goblin",
      "amount": 10,
      "boss": false
    },
    {
      "runningTotal": 12,
      "npcId": 810,
      "npcName": "Fire Champion",
      "amount": 12,
      "boss": false
    },
    {
      "runningTotal": 9,
      "npcId": 1308,
      "npcName": "Herbal Champion",
      "amount": 9,
      "boss": false
    },
    {
      "runningTotal": 0,
      "npcId": 1265,
      "npcName": "Oracle Lion",
      "amount": 0,
      "boss": false
    },
    {
      "runningTotal": 5082,
      "npcId": 3305,
      "npcName": "Panther",
      "amount": 5082,
      "boss": false
    },
    {
      "runningTotal": 4,
      "npcId": 1309,
      "npcName": "Water Champion",
      "amount": 4,
      "boss": false
    },
    {
      "runningTotal": 4,
      "npcId": 1310,
      "npcName": "Lightning Champion",
      "amount": 4,
      "boss": false
    },
    {
      "runningTotal": 1,
      "npcId": 1307,
      "npcName": "Boss Champion",
      "amount": 1,
      "boss": false
    },
    {
      "runningTotal": 5103,
      "npcId": 9818,
      "npcName": "Leviathan",
      "amount": 5103,
      "boss": false
    },
    {
      "runningTotal": 5187,
      "npcId": 9912,
      "npcName": "Calamity",
      "amount": 5187,
      "boss": false
    },
    {
      "runningTotal": 5211,
      "npcId": 9913,
      "npcName": "Slender Man",
      "amount": 5211,
      "boss": false
    },
    {
      "runningTotal": 5490,
      "npcId": 3117,
      "npcName": "Charybdis",
      "amount": 5490,
      "boss": false
    },
    {
      "runningTotal": 5403,
      "npcId": 3115,
      "npcName": "Scylla",
      "amount": 5403,
      "boss": false
    },
    {
      "runningTotal": 5466,
      "npcId": 12239,
      "npcName": "Exoden",
      "amount": 5466,
      "boss": true
    },
    {
      "runningTotal": 5712,
      "npcId": 3112,
      "npcName": "Ezkel-Nojad",
      "amount": 5712,
      "boss": false
    },
    {
      "runningTotal": 5303,
      "npcId": 3011,
      "npcName": "Janemba",
      "amount": 5303,
      "boss": false
    },
    {
      "runningTotal": 3912,
      "npcId": 252,
      "npcName": "Frieza",
      "amount": 3912,
      "boss": true
    }
  ],
  "drops": [
    {
      "item": 995,
      "amount": 285398956,
      "rareDrop": false
    },
    {
      "item": 2023,
      "amount": 10330,
      "rareDrop": false
    },
    {
      "item": 19984,
      "amount": 1,
      "rareDrop": false
    },
    {
      "item": 19991,
      "amount": 1,
      "rareDrop": false
    },
    {
      "item": 10946,
      "amount": 91,
      "rareDrop": false
    },
    {
      "item": 23020,
      "amount": 51,
      "rareDrop": false
    },
    {
      "item": 20089,
      "amount": 2,
      "rareDrop": false
    },
    {
      "item": 20093,
      "amount": 1,
      "rareDrop": false
    },
    {
      "item": 20086,
      "amount": 4,
      "rareDrop": false
    },
    {
      "item": 20087,
      "amount": 4,
      "rareDrop": false
    },
    {
      "item": 23058,
      "amount": 4,
      "rareDrop": false
    },
    {
      "item": 23051,
      "amount": 2,
      "rareDrop": false
    },
    {
      "item": 23055,
      "amount": 2,
      "rareDrop": false
    },
    {
      "item": 23050,
      "amount": 2,
      "rareDrop": false
    },
    {
      "item": 8335,
      "amount": 2,
      "rareDrop": false
    },
    {
      "item": 23029,
      "amount": 2,
      "rareDrop": false
    },
    {
      "item": 23030,
      "amount": 2,
      "rareDrop": false
    },
    {
      "item": 20088,
      "amount": 2,
      "rareDrop": false
    },
    {
      "item": 17664,
      "amount": 2,
      "rareDrop": false
    },
    {
      "item": 9940,
      "amount": 2,
      "rareDrop": false
    }
  ],
  "achievements-completion": [],
  "achievements-progress": [
    0,
    0,
    0,
    0,
    0,
    0,
    0,
    0,
    0,
    0,
    0,
    0,
    0,
    0,
    0,
    0,
    0,
    0,
    0,
    0,
    0,
    0,
    0,
    0,
    0,
    0,
    0,
    0,
    0,
    0,
    0,
    0,
    0,
    0,
    0,
    0,
    0,
    0,
    0,
    0,
    0,
    0,
    0,
    0,
    0,
    0,
    0,
    0,
    0,
    0,
    0,
    0,
    0
  ],
  "fri13may16": false,
  "spiritdebug": false,
  "reffered": false,
  "indung": false,
  "toggledglobalmessages": false,
  "flying": false,
  "canfly": false,
  "ghostwalking": false,
  "canghostwalk": false,
  "barrowschests": 0,
  "cluesteps": 0,
  "difficulty": "MODERN",
  "secondary-equipment-slots-unlocked": [
    false,
    false,
    false,
    false,
    false,
    false,
    false,
    false,
    false,
    false,
    false,
    false,
    false,
    false,
    false
  ],
  "hween2016": [
    false,
    false,
    false,
    false,
    false,
    false,
    false
  ],
  "donehween2016": false,
  "christmas2016": 0,
  "newYear2017": 0,
  "easter2017": 0,
  "hcimdunginventory": [
    {
      "id": -1,
      "amount": 0,
      "slot": 0,
      "bonus": {
        "effect": "NOTHING",
        "rarity": "COMMON",
        "bonus": 0
      }
    },
    {
      "id": -1,
      "amount": 0,
      "slot": 0,
      "bonus": {
        "effect": "NOTHING",
        "rarity": "COMMON",
        "bonus": 0
      }
    },
    {
      "id": -1,
      "amount": 0,
      "slot": 0,
      "bonus": {
        "effect": "NOTHING",
        "rarity": "COMMON",
        "bonus": 0
      }
    },
    {
      "id": -1,
      "amount": 0,
      "slot": 0,
      "bonus": {
        "effect": "NOTHING",
        "rarity": "COMMON",
        "bonus": 0
      }
    },
    {
      "id": -1,
      "amount": 0,
      "slot": 0,
      "bonus": {
        "effect": "NOTHING",
        "rarity": "COMMON",
        "bonus": 0
      }
    },
    {
      "id": -1,
      "amount": 0,
      "slot": 0,
      "bonus": {
        "effect": "NOTHING",
        "rarity": "COMMON",
        "bonus": 0
      }
    },
    {
      "id": -1,
      "amount": 0,
      "slot": 0,
      "bonus": {
        "effect": "NOTHING",
        "rarity": "COMMON",
        "bonus": 0
      }
    },
    {
      "id": -1,
      "amount": 0,
      "slot": 0,
      "bonus": {
        "effect": "NOTHING",
        "rarity": "COMMON",
        "bonus": 0
      }
    },
    {
      "id": -1,
      "amount": 0,
      "slot": 0,
      "bonus": {
        "effect": "NOTHING",
        "rarity": "COMMON",
        "bonus": 0
      }
    },
    {
      "id": -1,
      "amount": 0,
      "slot": 0,
      "bonus": {
        "effect": "NOTHING",
        "rarity": "COMMON",
        "bonus": 0
      }
    },
    {
      "id": -1,
      "amount": 0,
      "slot": 0,
      "bonus": {
        "effect": "NOTHING",
        "rarity": "COMMON",
        "bonus": 0
      }
    },
    {
      "id": -1,
      "amount": 0,
      "slot": 0,
      "bonus": {
        "effect": "NOTHING",
        "rarity": "COMMON",
        "bonus": 0
      }
    },
    {
      "id": -1,
      "amount": 0,
      "slot": 0,
      "bonus": {
        "effect": "NOTHING",
        "rarity": "COMMON",
        "bonus": 0
      }
    },
    {
      "id": -1,
      "amount": 0,
      "slot": 0,
      "bonus": {
        "effect": "NOTHING",
        "rarity": "COMMON",
        "bonus": 0
      }
    },
    {
      "id": -1,
      "amount": 0,
      "slot": 0,
      "bonus": {
        "effect": "NOTHING",
        "rarity": "COMMON",
        "bonus": 0
      }
    },
    {
      "id": -1,
      "amount": 0,
      "slot": 0,
      "bonus": {
        "effect": "NOTHING",
        "rarity": "COMMON",
        "bonus": 0
      }
    },
    {
      "id": -1,
      "amount": 0,
      "slot": 0,
      "bonus": {
        "effect": "NOTHING",
        "rarity": "COMMON",
        "bonus": 0
      }
    },
    {
      "id": -1,
      "amount": 0,
      "slot": 0,
      "bonus": {
        "effect": "NOTHING",
        "rarity": "COMMON",
        "bonus": 0
      }
    },
    {
      "id": -1,
      "amount": 0,
      "slot": 0,
      "bonus": {
        "effect": "NOTHING",
        "rarity": "COMMON",
        "bonus": 0
      }
    },
    {
      "id": -1,
      "amount": 0,
      "slot": 0,
      "bonus": {
        "effect": "NOTHING",
        "rarity": "COMMON",
        "bonus": 0
      }
    },
    {
      "id": -1,
      "amount": 0,
      "slot": 0,
      "bonus": {
        "effect": "NOTHING",
        "rarity": "COMMON",
        "bonus": 0
      }
    },
    {
      "id": -1,
      "amount": 0,
      "slot": 0,
      "bonus": {
        "effect": "NOTHING",
        "rarity": "COMMON",
        "bonus": 0
      }
    },
    {
      "id": -1,
      "amount": 0,
      "slot": 0,
      "bonus": {
        "effect": "NOTHING",
        "rarity": "COMMON",
        "bonus": 0
      }
    },
    {
      "id": -1,
      "amount": 0,
      "slot": 0,
      "bonus": {
        "effect": "NOTHING",
        "rarity": "COMMON",
        "bonus": 0
      }
    },
    {
      "id": -1,
      "amount": 0,
      "slot": 0,
      "bonus": {
        "effect": "NOTHING",
        "rarity": "COMMON",
        "bonus": 0
      }
    },
    {
      "id": -1,
      "amount": 0,
      "slot": 0,
      "bonus": {
        "effect": "NOTHING",
        "rarity": "COMMON",
        "bonus": 0
      }
    },
    {
      "id": -1,
      "amount": 0,
      "slot": 0,
      "bonus": {
        "effect": "NOTHING",
        "rarity": "COMMON",
        "bonus": 0
      }
    },
    {
      "id": -1,
      "amount": 0,
      "slot": 0,
      "bonus": {
        "effect": "NOTHING",
        "rarity": "COMMON",
        "bonus": 0
      }
    }
  ],
  "hcimdungequipment": [
    {
      "id": -1,
      "amount": 0,
      "slot": 0,
      "bonus": {
        "effect": "NOTHING",
        "rarity": "COMMON",
        "bonus": 0
      }
    },
    {
      "id": -1,
      "amount": 0,
      "slot": 0,
      "bonus": {
        "effect": "NOTHING",
        "rarity": "COMMON",
        "bonus": 0
      }
    },
    {
      "id": -1,
      "amount": 0,
      "slot": 0,
      "bonus": {
        "effect": "NOTHING",
        "rarity": "COMMON",
        "bonus": 0
      }
    },
    {
      "id": -1,
      "amount": 0,
      "slot": 0,
      "bonus": {
        "effect": "NOTHING",
        "rarity": "COMMON",
        "bonus": 0
      }
    },
    {
      "id": -1,
      "amount": 0,
      "slot": 0,
      "bonus": {
        "effect": "NOTHING",
        "rarity": "COMMON",
        "bonus": 0
      }
    },
    {
      "id": -1,
      "amount": 0,
      "slot": 0,
      "bonus": {
        "effect": "NOTHING",
        "rarity": "COMMON",
        "bonus": 0
      }
    },
    {
      "id": -1,
      "amount": 0,
      "slot": 0,
      "bonus": {
        "effect": "NOTHING",
        "rarity": "COMMON",
        "bonus": 0
      }
    },
    {
      "id": -1,
      "amount": 0,
      "slot": 0,
      "bonus": {
        "effect": "NOTHING",
        "rarity": "COMMON",
        "bonus": 0
      }
    },
    {
      "id": -1,
      "amount": 0,
      "slot": 0,
      "bonus": {
        "effect": "NOTHING",
        "rarity": "COMMON",
        "bonus": 0
      }
    },
    {
      "id": -1,
      "amount": 0,
      "slot": 0,
      "bonus": {
        "effect": "NOTHING",
        "rarity": "COMMON",
        "bonus": 0
      }
    },
    {
      "id": -1,
      "amount": 0,
      "slot": 0,
      "bonus": {
        "effect": "NOTHING",
        "rarity": "COMMON",
        "bonus": 0
      }
    },
    {
      "id": -1,
      "amount": 0,
      "slot": 0,
      "bonus": {
        "effect": "NOTHING",
        "rarity": "COMMON",
        "bonus": 0
      }
    },
    {
      "id": -1,
      "amount": 0,
      "slot": 0,
      "bonus": {
        "effect": "NOTHING",
        "rarity": "COMMON",
        "bonus": 0
      }
    },
    {
      "id": -1,
      "amount": 0,
      "slot": 0,
      "bonus": {
        "effect": "NOTHING",
        "rarity": "COMMON",
        "bonus": 0
      }
    },
    {
      "id": -1,
      "amount": 0,
      "slot": 0,
      "bonus": {
        "effect": "NOTHING",
        "rarity": "COMMON",
        "bonus": 0
      }
    },
    {
      "id": -1,
      "amount": 0,
      "slot": 0,
      "bonus": {
        "effect": "NOTHING",
        "rarity": "COMMON",
        "bonus": 0
      }
    },
    {
      "id": -1,
      "amount": 0,
      "slot": 0,
      "bonus": {
        "effect": "NOTHING",
        "rarity": "COMMON",
        "bonus": 0
      }
    },
    {
      "id": -1,
      "amount": 0,
      "slot": 0,
      "bonus": {
        "effect": "NOTHING",
        "rarity": "COMMON",
        "bonus": 0
      }
    },
    {
      "id": -1,
      "amount": 0,
      "slot": 0,
      "bonus": {
        "effect": "NOTHING",
        "rarity": "COMMON",
        "bonus": 0
      }
    },
    {
      "id": -1,
      "amount": 0,
      "slot": 0,
      "bonus": {
        "effect": "NOTHING",
        "rarity": "COMMON",
        "bonus": 0
      }
    },
    {
      "id": -1,
      "amount": 0,
      "slot": 0,
      "bonus": {
        "effect": "NOTHING",
        "rarity": "COMMON",
        "bonus": 0
      }
    },
    {
      "id": -1,
      "amount": 0,
      "slot": 0,
      "bonus": {
        "effect": "NOTHING",
        "rarity": "COMMON",
        "bonus": 0
      }
    },
    {
      "id": -1,
      "amount": 0,
      "slot": 0,
      "bonus": {
        "effect": "NOTHING",
        "rarity": "COMMON",
        "bonus": 0
      }
    },
    {
      "id": -1,
      "amount": 0,
      "slot": 0,
      "bonus": {
        "effect": "NOTHING",
        "rarity": "COMMON",
        "bonus": 0
      }
    },
    {
      "id": -1,
      "amount": 0,
      "slot": 0,
      "bonus": {
        "effect": "NOTHING",
        "rarity": "COMMON",
        "bonus": 0
      }
    },
    {
      "id": -1,
      "amount": 0,
      "slot": 0,
      "bonus": {
        "effect": "NOTHING",
        "rarity": "COMMON",
        "bonus": 0
      }
    },
    {
      "id": -1,
      "amount": 0,
      "slot": 0,
      "bonus": {
        "effect": "NOTHING",
        "rarity": "COMMON",
        "bonus": 0
      }
    },
    {
      "id": -1,
      "amount": 0,
      "slot": 0,
      "bonus": {
        "effect": "NOTHING",
        "rarity": "COMMON",
        "bonus": 0
      }
    }
  ],
  "bonecrusheffect": true,
  "p-tps": [
    0,
    0,
    0,
    0
  ],
  "yell-tit": "null",
  "afkstall1": 0,
  "afkstall2": 0,
  "afkstall3": 0,
  "achievements-points": 0,
  "achievements-amount": [
    [
      0,
      15,
      100,
      100,
      100,
      250,
      250,
      250,
      350,
      20,
      400,
      325,
      155,
      164,
      175,
      100,
      5000,
      45,
      0,
      0,
      0,
      0,
      0,
      0,
      0,
      0,
      0,
      0,
      0,
      0,
      0,
      0,
      0,
      0,
      0,
      0,
      0,
      0,
      0,
      0,
      0,
      0,
      0,
      0,
      0,
      0,
      0,
      0,
      0,
      0,
      0,
      0,
      0,
      0,
      0,
      0,
      0,
      0,
      0,
      0,
      0,
      0,
      0,
      0,
      0,
      0,
      0,
      0,
      0,
      0,
      0,
      0,
      0,
      0,
      0,
      0,
      0,
      0,
      0,
      0,
      0,
      0,
      0,
      0,
      0,
      0,
      0,
      0,
      0,
      0,
      0,
      0,
      0,
      0,
      0,
      0,
      0,
      0,
      0,
      0
    ],
    [
      0,
      60,
      179,
      294,
      254,
      181,
      222,
      239,
      172,
      42,
      252,
      314,
      265,
      344,
      403,
      1000,
      10000,
      0,
      0,
      0,
      0,
      0,
      0,
      0,
      0,
      0,
      0,
      0,
      0,
      0,
      0,
      0,
      0,
      0,
      0,
      0,
      0,
      0,
      0,
      0,
      0,
      0,
      0,
      0,
      0,
      0,
      0,
      0,
      0,
      0,
      0,
      0,
      0,
      0,
      0,
      0,
      0,
      0,
      0,
      0,
      0,
      0,
      0,
      0,
      0,
      0,
      0,
      0,
      0,
      0,
      0,
      0,
      0,
      0,
      0,
      0,
      0,
      0,
      0,
      0,
      0,
      0,
      0,
      0,
      0,
      0,
      0,
      0,
      0,
      0,
      0,
      0,
      0,
      0,
      0,
      0,
      0,
      0,
      0,
      0
    ],
    [
      0,
      100,
      2000,
      1014,
      391,
      679,
      738,
      792,
      686,
      42,
      836,
      1308,
      1246,
      746,
      1030,
      1081,
      1349,
      25000,
      0,
      0,
      0,
      0,
      0,
      0,
      0,
      0,
      0,
      0,
      0,
      0,
      0,
      0,
      0,
      0,
      0,
      0,
      0,
      0,
      0,
      0,
      0,
      0,
      0,
      0,
      0,
      0,
      0,
      0,
      0,
      0,
      0,
      0,
      0,
      0,
      0,
      0,
      0,
      0,
      0,
      0,
      0,
      0,
      0,
      0,
      0,
      0,
      0,
      0,
      0,
      0,
      0,
      0,
      0,
      0,
      0,
      0,
      0,
      0,
      0,
      0,
      0,
      0,
      0,
      0,
      0,
      0,
      0,
      0,
      0,
      0,
      0,
      0,
      0,
      0,
      0,
      0,
      0,
      0,
      0,
      0
    ],
    [
      0,
      0,
      0,
      0,
      0,
      0,
      0,
      0,
      0,
      0,
      0,
      0,
      0,
      0,
      0,
      0,
      0,
      0,
      0,
      0,
      0,
      0,
      0,
      0,
      0,
      0,
      0,
      0,
      0,
      0,
      0,
      0,
      0,
      0,
      0,
      0,
      0,
      0,
      0,
      0,
      0,
      0,
      0,
      0,
      0,
      0,
      0,
      0,
      0,
      0,
      0,
      0,
      0,
      0,
      0,
      0,
      0,
      0,
      0,
      0,
      0,
      0,
      0,
      0,
      0,
      0,
      0,
      0,
      0,
      0,
      0,
      0,
      0,
      0,
      0,
      0,
      0,
      0,
      0,
      0,
      0,
      0,
      0,
      0,
      0,
      0,
      0,
      0,
      0,
      0,
      0,
      0,
      0,
      0,
      0,
      0,
      0,
      0,
      0,
      0
    ]
  ],
  "achievements-completed": [
    [
      false,
      true,
      true,
      true,
      true,
      true,
      true,
      true,
      true,
      true,
      true,
      false,
      false,
      false,
      false,
      true,
      true,
      true,
      false,
      false,
      false,
      false,
      false,
      false,
      false,
      false,
      false,
      false,
      false,
      false,
      false,
      false,
      false,
      false,
      false,
      false,
      false,
      false,
      false,
      false,
      false,
      false,
      false,
      false,
      false,
      false,
      false,
      false,
      false,
      false,
      false,
      false,
      false,
      false,
      false,
      false,
      false,
      false,
      false,
      false,
      false,
      false,
      false,
      false,
      false,
      false,
      false,
      false,
      false,
      false,
      false,
      false,
      false,
      false,
      false,
      false,
      false,
      false,
      false,
      false,
      false,
      false,
      false,
      false,
      false,
      false,
      false,
      false,
      false,
      false,
      false,
      false,
      false,
      false,
      false,
      false,
      false,
      false,
      false,
      false
    ],
    [
      false,
      true,
      false,
      false,
      false,
      false,
      false,
      false,
      false,
      false,
      false,
      false,
      false,
      false,
      false,
      true,
      true,
      false,
      false,
      false,
      false,
      false,
      false,
      false,
      false,
      false,
      false,
      false,
      false,
      false,
      false,
      false,
      false,
      false,
      false,
      false,
      false,
      false,
      false,
      false,
      false,
      false,
      false,
      false,
      false,
      false,
      false,
      false,
      false,
      false,
      false,
      false,
      false,
      false,
      false,
      false,
      false,
      false,
      false,
      false,
      false,
      false,
      false,
      false,
      false,
      false,
      false,
      false,
      false,
      false,
      false,
      false,
      false,
      false,
      false,
      false,
      false,
      false,
      false,
      false,
      false,
      false,
      false,
      false,
      false,
      false,
      false,
      false,
      false,
      false,
      false,
      false,
      false,
      false,
      false,
      false,
      false,
      false,
      false,
      false
    ],
    [
      false,
      true,
      true,
      false,
      false,
      false,
      false,
      false,
      false,
      false,
      false,
      false,
      false,
      false,
      false,
      false,
      false,
      true,
      false,
      false,
      false,
      false,
      false,
      false,
      false,
      false,
      false,
      false,
      false,
      false,
      false,
      false,
      false,
      false,
      false,
      false,
      false,
      false,
      false,
      false,
      false,
      false,
      false,
      false,
      false,
      false,
      false,
      false,
      false,
      false,
      false,
      false,
      false,
      false,
      false,
      false,
      false,
      false,
      false,
      false,
      false,
      false,
      false,
      false,
      false,
      false,
      false,
      false,
      false,
      false,
      false,
      false,
      false,
      false,
      false,
      false,
      false,
      false,
      false,
      false,
      false,
      false,
      false,
      false,
      false,
      false,
      false,
      false,
      false,
      false,
      false,
      false,
      false,
      false,
      false,
      false,
      false,
      false,
      false,
      false
    ],
    [
      false,
      false,
      false,
      false,
      false,
      false,
      false,
      false,
      false,
      false,
      false,
      false,
      false,
      false,
      false,
      false,
      false,
      false,
      false,
      false,
      false,
      false,
      false,
      false,
      false,
      false,
      false,
      false,
      false,
      false,
      false,
      false,
      false,
      false,
      false,
      false,
      false,
      false,
      false,
      false,
      false,
      false,
      false,
      false,
      false,
      false,
      false,
      false,
      false,
      false,
      false,
      false,
      false,
      false,
      false,
      false,
      false,
      false,
      false,
      false,
      false,
      false,
      false,
      false,
      false,
      false,
      false,
      false,
      false,
      false,
      false,
      false,
      false,
      false,
      false,
      false,
      false,
      false,
      false,
      false,
      false,
      false,
      false,
      false,
      false,
      false,
      false,
      false,
      false,
      false,
      false,
      false,
      false,
      false,
      false,
      false,
      false,
      false,
      false,
      false
    ]
  ],
  "achievements-daily": 327,
  "progression-zones": [
    10,
    20,
    33,
    41,
    50
  ],
  "zones-complete": [
    true,
    true,
    true,
    true,
    true
  ],
  "gamble-banned": false,
  "lucifers-unlocked": false,
  "dark-supremes-unlocked": false,
  "currency-pouch": {
    "upgradeTokens": 0,
    "pvmTickets": 0,
    "afkTickets": 0,
    "slayerTickets": 0,
    "voteScrolls": 0,
    "petFragments": 0,
    "instanceTokens": 0,
    "goldCharms": 0,
    "greenCharms": 0,
    "crimsonCharms": 0,
    "blueCharms": 0
  },
  "lastTGloveIndex": -1,
  "group-ironman-locked": false,
  "lastInstanceNpc": 252,
  "daily-task": {
    "BOSSES": {
      "index": 0,
      "deadlineTimestamp": 1682473845915,
      "completedAmount": 23,
      "assignedAmount": 23,
      "title": "Bosses",
      "itemId": 0,
      "description": "Kill 23 bosses.",
      "key": "BOSSES",
      "timespan": "DAILY",
      "claimedReward": false
    }
  },
  "collectionlog-rewards": {
    "6692": {
      "canClaim": false,
      "hasClaimed": false
    },
    "2342": {
      "canClaim": false,
      "hasClaimed": false
    },
    "3112": {
      "canClaim": false,
      "hasClaimed": false
    },
    "3115": {
      "canClaim": false,
      "hasClaimed": false
    },
    "811": {
      "canClaim": false,
      "hasClaimed": false
    },
    "3117": {
      "canClaim": false,
      "hasClaimed": false
    },
    "9903": {
      "canClaim": false,
      "hasClaimed": false
    },
    "9904": {
      "canClaim": false,
      "hasClaimed": false
    },
    "9906": {
      "canClaim": false,
      "hasClaimed": false
    },
    "9907": {
      "canClaim": false,
      "hasClaimed": false
    },
    "9012": {
      "canClaim": false,
      "hasClaimed": false
    },
    "9908": {
      "canClaim": false,
      "hasClaimed": false
    },
    "9910": {
      "canClaim": false,
      "hasClaimed": false
    },
    "9911": {
      "canClaim": false,
      "hasClaimed": false
    },
    "9912": {
      "canClaim": false,
      "hasClaimed": false
    },
    "9913": {
      "canClaim": false,
      "hasClaimed": false
    },
    "9017": {
      "canClaim": true,
      "hasClaimed": false
    },
    "9914": {
      "canClaim": false,
      "hasClaimed": false
    },
    "9915": {
      "canClaim": false,
      "hasClaimed": false
    },
    "9916": {
      "canClaim": false,
      "hasClaimed": false
    },
    "9918": {
      "canClaim": false,
      "hasClaimed": false
    },
    "9919": {
      "canClaim": false,
      "hasClaimed": false
    },
    "9024": {
      "canClaim": false,
      "hasClaimed": false
    },
    "9920": {
      "canClaim": false,
      "hasClaimed": false
    },
    "9025": {
      "canClaim": false,
      "hasClaimed": false
    },
    "3010": {
      "canClaim": false,
      "hasClaimed": false
    },
    "8002": {
      "canClaim": false,
      "hasClaimed": false
    },
    "9026": {
      "canClaim": false,
      "hasClaimed": false
    },
    "9922": {
      "canClaim": false,
      "hasClaimed": false
    },
    "3011": {
      "canClaim": false,
      "hasClaimed": false
    },
    "8003": {
      "canClaim": false,
      "hasClaimed": false
    },
    "9027": {
      "canClaim": false,
      "hasClaimed": false
    },
    "9028": {
      "canClaim": false,
      "hasClaimed": false
    },
    "3013": {
      "canClaim": false,
      "hasClaimed": false
    },
    "9029": {
      "canClaim": false,
      "hasClaimed": false
    },
    "3014": {
      "canClaim": false,
      "hasClaimed": false
    },
    "9030": {
      "canClaim": false,
      "hasClaimed": false
    },
    "3016": {
      "canClaim": false,
      "hasClaimed": false
    },
    "8008": {
      "canClaim": false,
      "hasClaimed": false
    },
    "8010": {
      "canClaim": false,
      "hasClaimed": false
    },
    "202": {
      "canClaim": false,
      "hasClaimed": false
    },
    "3019": {
      "canClaim": false,
      "hasClaimed": false
    },
    "3020": {
      "canClaim": false,
      "hasClaimed": false
    },
    "3021": {
      "canClaim": false,
      "hasClaimed": false
    },
    "8013": {
      "canClaim": false,
      "hasClaimed": false
    },
    "9806": {
      "canClaim": false,
      "hasClaimed": false
    },
    "8014": {
      "canClaim": true,
      "hasClaimed": true
    },
    "12239": {
      "canClaim": false,
      "hasClaimed": false
    },
    "9807": {
      "canClaim": false,
      "hasClaimed": false
    },
    "1746": {
      "canClaim": false,
      "hasClaimed": false
    },
    "9815": {
      "canClaim": false,
      "hasClaimed": false
    },
    "9816": {
      "canClaim": false,
      "hasClaimed": false
    },
    "9817": {
      "canClaim": false,
      "hasClaimed": false
    },
    "9818": {
      "canClaim": false,
      "hasClaimed": false
    },
    "92": {
      "canClaim": false,
      "hasClaimed": false
    },
    "3305": {
      "canClaim": false,
      "hasClaimed": false
    },
    "9835": {
      "canClaim": false,
      "hasClaimed": false
    },
    "4972": {
      "canClaim": false,
      "hasClaimed": false
    },
    "9836": {
      "canClaim": false,
      "hasClaimed": false
    },
    "9837": {
      "canClaim": false,
      "hasClaimed": false
    },
    "9838": {
      "canClaim": true,
      "hasClaimed": false
    },
    "9839": {
      "canClaim": false,
      "hasClaimed": false
    },
    "3313": {
      "canClaim": false,
      "hasClaimed": false
    },
    "1906": {
      "canClaim": false,
      "hasClaimed": false
    },
    "9845": {
      "canClaim": true,
      "hasClaimed": false
    },
    "3831": {
      "canClaim": false,
      "hasClaimed": false
    },
    "252": {
      "canClaim": false,
      "hasClaimed": false
    }
  },
  "daily-skips": 3,
  "dailies-done": 0,
  "daily-task-info": "Your daily task is: @red@Kill 23 bosses. @bla@Progress: @red@0/23@bla@.",
  "level-notifications": true,
  "dailies-received-times": [
    1682387445915,
    -1,
    -1
  ],
  "favorite-teleports": [],
  "obtained-pets": [
    "EZKEL_NOJAD_PET"
  ],
  "battlepass-xp": 0,
  "battlepass-premium": false,
  "mini-me-equipment": [
    null,
    null,
    null,
    null,
    null,
    null,
    null,
    null,
    null,
    null,
    null,
    null,
    null,
    null
  ],
  "drystreak": {
    "1307": 1,
    "1308": 9,
    "1309": 4,
    "1310": 4,
    "6692": 6,
    "2342": 172,
    "3112": 905,
    "810": 12,
    "3115": 1801,
    "811": 35,
    "3117": 1830,
    "9903": 738,
    "9904": 0,
    "9906": 0,
    "9907": 0,
    "9012": 1046,
    "9908": 0,
    "9910": 8,
    "9911": 28,
    "9912": 1729,
    "9913": 1737,
    "9017": 118,
    "9914": 103,
    "9915": 39,
    "9916": 111,
    "9918": 25,
    "9919": 94,
    "9024": 32,
    "9920": 94,
    "9025": 20,
    "3010": 836,
    "8002": 792,
    "9026": 57,
    "9922": 50,
    "3011": 1488,
    "8003": 47,
    "9027": 19,
    "9028": 24,
    "3013": 1308,
    "9029": 12,
    "3014": 1246,
    "9030": 2,
    "3016": 1030,
    "8008": 1,
    "8010": 746,
    "202": 57,
    "3019": 1205,
    "3020": 1680,
    "3021": 1799,
    "8013": 0,
    "9806": 391,
    "8014": 34,
    "12239": 911,
    "9807": 2,
    "1746": 686,
    "9815": 13,
    "9816": 679,
    "9817": 9,
    "9818": 1701,
    "92": 45,
    "3305": 1694,
    "9835": 33,
    "4972": 1081,
    "9836": 29,
    "9837": 10,
    "9838": 2,
    "9839": 14,
    "3313": 80,
    "1906": 32,
    "9845": 1,
    "3831": 39,
    "252": 978
  },
  "boost": 0,
  "slot-level": 0,
  "sp-season": 1,
  "sp-premium": false,
  "sp-level": 0,
  "sp-exp": 0,
  "sp-rewards": [
    false,
    false,
    false,
    false,
    false,
    false,
    false,
    false,
    false,
    false,
    false,
    false,
    false,
    false,
    false,
    false,
    false,
    false,
    false,
    false,
    false,
    false,
    false,
    false,
    false,
    false,
    false,
    false,
    false,
    false,
    false,
    false,
    false,
    false,
    false,
    false,
    false,
    false,
    false,
    false,
    false,
    false,
    false,
    false,
    false,
    false,
    false,
    false,
    false,
    false,
    false,
    false,
    false,
    false,
    false,
    false,
    false,
    false,
    false,
    false,
    false,
    false,
    false,
    false,
    false,
    false,
    false,
    false,
    false,
    false,
    false,
    false,
    false,
    false,
    false,
    false,
    false,
    false,
    false,
    false,
    false,
    false,
    false,
    false,
    false,
    false,
    false,
    false,
    false,
    false,
    false,
    false,
    false,
    false,
    false,
    false,
    false,
    false
  ]
}