{
  "shop": [
    {
      "id": 22135,
      "amount": 4,
      "maxAmount": 4,
      "price": 300000,
      "effect": "DOUBLE_KILLS",
      "bonus": 2
    },
    {
      "id": 15645,
      "amount": 1,
      "maxAmount": 3,
      "price": 300000,
      "effect": "DOUBLE_KILLS",
      "bonus": 1
    },
    {
      "id": 15646,
      "amount": 1,
      "maxAmount": 3,
      "price": 300000,
      "effect": "TRIPLE_KILLS",
      "bonus": 1
    },
    {
      "id": 21023,
      "amount": 1,
      "maxAmount": 1,
      "price": 300000,
      "effect": "TRIPLE_KILLS",
      "bonus": 1
    },
    {
      "id": 22135,
      "amount": 1,
      "maxAmount": 4,
      "price": 300000,
      "effect": "DOUBLE_KILLS",
      "bonus": 1
    },
    {
      "id": 15645,
      "amount": 1,
      "maxAmount": 2,
      "price": 300000,
      "effect": "DOUBLE_KILLS",
      "bonus": 2
    },
    {
      "id": 15355,
      "amount": 12,
      "maxAmount": 12,
      "price": 3000000,
      "effect": "NOTHING",
      "bonus": 0
    },
    {
      "id": 15358,
      "amount": 2,
      "maxAmount": 7,
      "price": 700000,
      "effect": "NOTHING",
      "bonus": 0
    },
    {
      "id": 3082,
      "amount": 2,
      "maxAmount": 3,
      "price": 4000000,
      "effect": "NOTHING",
      "bonus": 0
    },
    {
      "id": 4369,
      "amount": 2,
      "maxAmount": 3,
      "price": 15000000,
      "effect": "NOTHING",
      "bonus": 0
    },
    null,
    null,
    null,
    null,
    null,
    null,
    null,
    null,
    null,
    null,
    null,
    null,
    null,
    null,
    null,
    null,
    null,
    null,
    null,
    null,
    null,
    null
  ],
  "earnings": 15000000
}