{
  "shop": [
    {
      "id": 17544,
      "amount": 2,
      "maxAmount": 2,
      "price": 3900000,
      "effect": "NOTHING",
      "bonus": 0
    },
    {
      "id": 13325,
      "amount": 1,
      "maxAmount": 1,
      "price": 4000000,
      "effect": "NOTHING",
      "bonus": 0
    },
    {
      "id": 8410,
      "amount": 2,
      "maxAmount": 2,
      "price": 3000000,
      "effect": "NOTHING",
      "bonus": 0
    },
    {
      "id": 13324,
      "amount": 1,
      "maxAmount": 1,
      "price": 3500000,
      "effect": "NOTHING",
      "bonus": 0
    },
    {
      "id": 23174,
      "amount": 1,
      "maxAmount": 1,
      "price": 3000000,
      "effect": "NOTHING",
      "bonus": 0
    },
    {
      "id": 15100,
      "amount": 1,
      "maxAmount": 1,
      "price": 60000000,
      "effect": "DROP_RATE_HIGH",
      "bonus": 95
    },
    null,
    null,
    null,
    null,
    null,
    null,
    null,
    null,
    null,
    null,
    null,
    null,
    null,
    null,
    null,
    null,
    null,
    null,
    null,
    null,
    null,
    null,
    null,
    null,
    null,
    null
  ],
  "earnings": 10000000
}