{
  "shop": [
    {
      "id": 17999,
      "amount": 2,
      "maxAmount": 2,
      "price": 5000,
      "effect": "NOTHING",
      "bonus": 0
    },
    {
      "id": 8808,
      "amount": 1,
      "maxAmount": 1,
      "price": 7500,
      "effect": "NOTHING",
      "bonus": 0
    },
    {
      "id": 14910,
      "amount": 1,
      "maxAmount": 1,
      "price": 7000,
      "effect": "NOTHING",
      "bonus": 0
    },
    {
      "id": 14915,
      "amount": 1,
      "maxAmount": 1,
      "price": 8000,
      "effect": "NOTHING",
      "bonus": 0
    },
    {
      "id": 21055,
      "amount": 1,
      "maxAmount": 1,
      "price": 3000,
      "effect": "RANGE_DAMAGE",
      "bonus": 1
    },
    null,
    null,
    null,
    null,
    null,
    null,
    null,
    null,
    null,
    null,
    null,
    null,
    null,
    null,
    null,
    null,
    null,
    null,
    null,
    null,
    null,
    null,
    null,
    null,
    null,
    null,
    null
  ],
  "earnings": 5424938
}