{
  "shop": [
    {
      "id": 22132,
      "amount": 1,
      "maxAmount": 1,
      "price": 50000000,
      "effect": "NOTHING",
      "bonus": 0
    },
    {
      "id": 22130,
      "amount": 1,
      "maxAmount": 1,
      "price": 50000000,
      "effect": "NOTHING",
      "bonus": 0
    },
    {
      "id": 22131,
      "amount": 1,
      "maxAmount": 1,
      "price": 50000000,
      "effect": "NOTHING",
      "bonus": 0
    },
    {
      "id": 22129,
      "amount": 1,
      "maxAmount": 1,
      "price": 50000000,
      "effect": "NOTHING",
      "bonus": 0
    },
    {
      "id": 22128,
      "amount": 1,
      "maxAmount": 1,
      "price": 50000000,
      "effect": "NOTHING",
      "bonus": 0
    },
    {
      "id": 8410,
      "amount": 2,
      "maxAmount": 2,
      "price": 3000000,
      "effect": "ALL_DAMAGE_HIGH",
      "bonus": 3
    },
    {
      "id": 8410,
      "amount": 1,
      "maxAmount": 1,
      "price": 3000000,
      "effect": "MAGIC_DAMAGE",
      "bonus": 1
    },
    {
      "id": 8410,
      "amount": 1,
      "maxAmount": 1,
      "price": 3000000,
      "effect": "NOTHING",
      "bonus": 0
    },
    {
      "id": 13775,
      "amount": 4,
      "maxAmount": 4,
      "price": 10000000,
      "effect": "NOTHING",
      "bonus": 0
    },
    {
      "id": 20605,
      "amount": 2,
      "maxAmount": 2,
      "price": 7500000,
      "effect": "NOTHING",
      "bonus": 0
    },
    {
      "id": 13774,
      "amount": 1,
      "maxAmount": 1,
      "price": 5000000,
      "effect": "NOTHING",
      "bonus": 0
    },
    {
      "id": 1055,
      "amount": 2,
      "maxAmount": 2,
      "price": 2000000,
      "effect": "NOTHING",
      "bonus": 0
    },
    {
      "id": 1053,
      "amount": 2,
      "maxAmount": 2,
      "price": 2000000,
      "effect": "NOTHING",
      "bonus": 0
    },
    {
      "id": 1057,
      "amount": 5,
      "maxAmount": 5,
      "price": 2000000,
      "effect": "NOTHING",
      "bonus": 0
    },
    {
      "id": 13333,
      "amount": 1,
      "maxAmount": 1,
      "price": 4000000,
      "effect": "NOTHING",
      "bonus": 0
    },
    null,
    null,
    null,
    null,
    null,
    null,
    null,
    null,
    null,
    null,
    null,
    null,
    null,
    null,
    null,
    null,
    null
  ],
  "earnings": 0
}