{
  "total-play-time-ms": 3366186367118,
  "username": "Azrael",
  "password": "BeastCoder",
  "email": "null",
  "staff-rights": "GRACEFUL_DONATOR",
  "game-mode": "VETERAN_MODE",
  "loyalty-title": "NONE",
  "yellhexcolor": "ffffff",
  "position": {
    "x": 2236,
    "y": 3746,
    "z": 0
  },
  "online-status": "OFF",
  "given-starter": true,
  "has-pin2": true,
  "saved-pin2": "1234",
  "saved-ip": "134.41.127.31",
  "donated": 10,
  "current-boss-task": 0,
  "current-boss-amount": 0,
  "global-rate": 0,
  "peng-rate": 0,
  "slayer-rate": 0,
  "has-completed-boss-task": false,
  "current-daily-task-amount": 0,
  "current-daily-task-x-pos": 0,
  "current-daily-task-y-pos": 0,
  "current-daily-task-z-pos": 0,
  "current-daily-task-reward": 0,
  "uim-bank": {},
  "dg-floor": 0,
  "dg-prestige": 0,
  "clue-task": "NO_TASK",
  "clue-kc": 0,
  "daysVoted": 0,
  "totalTimesClaimed": 0,
  "longestDaysVoted": 0,
  "timeUntilNextReward": 0,
  "current-voting-streak": 0,
  "entriesCurrency": 0.0,
  "amount-donated-today": 0,
  "claimed-first": false,
  "claimed-second": false,
  "claimed-third": false,
  "last-donation": 0,
  "last-time-reset": 0,
  "is-secondary-equipment": false,
  "lastlogin": 1683236098961,
  "lastdailyclaim": 0,
  "lastvotetime": 0,
  "hasvotedtoday": false,
  "day1claimed": false,
  "day2claimed": false,
  "day3claimed": false,
  "day4claimed": false,
  "day5claimed": false,
  "day6claimed": false,
  "day7claimed": false,
  "minutes-bonus-exp": -1,
  "minutes-voting-dr": -1,
  "minutes-voting-dmg": 0,
  "total-gained-exp": 866177055,
  "barrows-points": 0,
  "donator-points": 0,
  "Skilling-points": 0,
  "prestige-points": 0,
  "achievement-points": 0,
  "dung-tokens": 0,
  "commendations": 0,
  "loyalty-points": 0,
  "total-loyalty-points": 0.0,
  "godmodetime": 0,
  "voting-points": 2,
  "tasks-completion": [
    false,
    false,
    false,
    true,
    true,
    false
  ],
  "tasks-progress": [
    999,
    0,
    0,
    0,
    0,
    0,
    0,
    0,
    0,
    0,
    0,
    0,
    0,
    0,
    0,
    0,
    0,
    0,
    0,
    0,
    0,
    0,
    0,
    0,
    0,
    0,
    0,
    0,
    0,
    0,
    0,
    0,
    0,
    0,
    0,
    0,
    0,
    0,
    0,
    0,
    0,
    0,
    0,
    0,
    0,
    0,
    0,
    0,
    0,
    0,
    0,
    0,
    0,
    0,
    0
  ],
  "total-prestiges": 0,
  "slayer-spree": 57,
  "npc-killcount": 15285,
  "spawn-killcount": 0,
  "lord-killcount": 0,
  "demon-killcount": 526,
  "dragon-killcount": 0,
  "beast-killcount": 0,
  "king-killcount": 0,
  "avatar-killcount": 107,
  "angel-killcount": 0,
  "lucien-killcount": 0,
  "hercules-killcount": 0,
  "satan-killcount": 269,
  "zeus-killcount": 0,
  "mini-lucifer-killcount": 0,
  "lucifer-killcount": 0,
  "event-points": 0,
  "boss-points": 0,
  "shilling-rate": 0,
  "slayer-points": 0,
  "pk-points": 0,
  "player-kills": 0,
  "player-killstreak": 0,
  "player-deaths": 0,
  "target-percentage": 0,
  "bh-rank": -1,
  "gender": "MALE",
  "spell-book": "NORMAL",
  "prayer-book": "CURSES",
  "running": true,
  "run-energy": 100,
  "music": false,
  "sounds": false,
  "auto-retaliate": true,
  "xp-locked": false,
  "veng-cast": false,
  "last-veng": 1683154482576,
  "fight-type": "CROSSBOW_RAPID",
  "sol-effect": 0,
  "skull-timer": 0,
  "fuse-combination-timer": 0,
  "fuse-item-selected": 0,
  "claimed-fuse-item": true,
  "fuse-in-progress": false,
  "accept-aid": false,
  "poison-damage": 0,
  "poison-immunity": 0,
  "overload-timer": 0,
  "aggro-timer": 0,
  "exp-timer": 0,
  "dr-timer": 0,
  "ddr-timer": 0,
  "dmg-timer": 0,
  "double-dr-timer": 0,
  "double-ddr-timer": 0,
  "double-dmg-timer": 0,
  "fire-immunity": 0,
  "fire-damage-mod": 0,
  "prayer-renewal-timer": 0,
  "teleblock-timer": 0,
  "special-amount": 100,
  "entered-gwd-room": false,
  "gwd-altar-delay": 0,
  "gwd-killcount": [
    0,
    0,
    0,
    0
  ],
  "effigy": 0,
  "summon-npc": -1,
  "summon-death": -1,
  "process-farming": false,
  "clanchat": "Help",
  "autocast": false,
  "autocast-spell": -1,
  "dfs-charges": 0,
  "coins-gambled": 0,
  "slayer-master": "BOSS_SLAYER",
  "slayer-task": "NO_TASK",
  "prev-slayer-task": "GORVEK",
  "task-amount": 0,
  "task-streak": 57,
  "duo-partner": "null",
  "double-slay-xp": false,
  "recoil-deg": 0,
  "blowpipe-deg": 0,
  "brawlers-deg": [
    0,
    0,
    0,
    0,
    0,
    0,
    0,
    0,
    0,
    0,
    0
  ],
  "ancient-deg": [
    0,
    0,
    0,
    0,
    0,
    0,
    0,
    0,
    0,
    0,
    0,
    0,
    0,
    0,
    0
  ],
  "killed-players": [],
  "killed-gods": [
    false,
    false,
    false,
    false,
    false
  ],
  "vod-brother": [
    [
      9029,
      0
    ],
    [
      9028,
      0
    ],
    [
      9030,
      0
    ]
  ],
  "vod-killcount": 0,
  "hov-killcount": 0,
  "barrows-brother": [
    [
      2030,
      0
    ],
    [
      2029,
      0
    ],
    [
      2028,
      0
    ],
    [
      2027,
      0
    ],
    [
      2026,
      0
    ],
    [
      2025,
      0
    ]
  ],
  "random-coffin": 0,
  "barrows-killcount": 0,
  "nomad": [
    false,
    false
  ],
  "recipe-for-disaster": [
    false,
    false,
    false,
    false,
    false,
    false,
    false,
    false,
    false
  ],
  "recipe-for-disaster-wave": 0,
  "clue-progress": 0,
  "dung-items-bound": [
    0,
    0,
    0,
    0,
    0
  ],
  "collection-data": [
    {
      "npcId": 9837,
      "item": 995,
      "amount": 109
    },
    {
      "npcId": 9837,
      "item": 2023,
      "amount": 10
    },
    {
      "npcId": 9027,
      "item": 995,
      "amount": 219
    },
    {
      "npcId": 9027,
      "item": 2023,
      "amount": 20
    },
    {
      "npcId": 9027,
      "item": 19988,
      "amount": 1
    },
    {
      "npcId": 9027,
      "item": 19989,
      "amount": 1
    },
    {
      "npcId": 9027,
      "item": 19992,
      "amount": 1
    },
    {
      "npcId": 9835,
      "item": 995,
      "amount": 329
    },
    {
      "npcId": 9835,
      "item": 2023,
      "amount": 30
    },
    {
      "npcId": 9835,
      "item": 19984,
      "amount": 2
    },
    {
      "npcId": 9835,
      "item": 14488,
      "amount": 1
    },
    {
      "npcId": 9835,
      "item": 19991,
      "amount": 1
    },
    {
      "npcId": 9835,
      "item": 19989,
      "amount": 1
    },
    {
      "npcId": 9911,
      "item": 995,
      "amount": 440
    },
    {
      "npcId": 9911,
      "item": 2023,
      "amount": 40
    },
    {
      "npcId": 9911,
      "item": 20400,
      "amount": 1
    },
    {
      "npcId": 9911,
      "item": 19991,
      "amount": 1
    },
    {
      "npcId": 9911,
      "item": 14488,
      "amount": 2
    },
    {
      "npcId": 9911,
      "item": 19988,
      "amount": 1
    },
    {
      "npcId": 9906,
      "item": 995,
      "amount": 2069159
    },
    {
      "npcId": 9906,
      "item": 2023,
      "amount": 34
    },
    {
      "npcId": 9904,
      "item": 995,
      "amount": 3866763
    },
    {
      "npcId": 9904,
      "item": 2023,
      "amount": 45
    },
    {
      "npcId": 9922,
      "item": 995,
      "amount": 553
    },
    {
      "npcId": 9922,
      "item": 2023,
      "amount": 53
    },
    {
      "npcId": 9922,
      "item": 14488,
      "amount": 1
    },
    {
      "npcId": 9922,
      "item": 19985,
      "amount": 3
    },
    {
      "npcId": 9922,
      "item": 19984,
      "amount": 1
    },
    {
      "npcId": 9922,
      "item": 20400,
      "amount": 2
    },
    {
      "npcId": 9922,
      "item": 19992,
      "amount": 1
    },
    {
      "npcId": 9838,
      "item": 995,
      "amount": 791
    },
    {
      "npcId": 9838,
      "item": 2023,
      "amount": 190
    },
    {
      "npcId": 9838,
      "item": 20088,
      "amount": 3
    },
    {
      "npcId": 9838,
      "item": 20087,
      "amount": 6
    },
    {
      "npcId": 9838,
      "item": 20093,
      "amount": 5
    },
    {
      "npcId": 9838,
      "item": 14487,
      "amount": 3
    },
    {
      "npcId": 9845,
      "item": 995,
      "amount": 942
    },
    {
      "npcId": 9845,
      "item": 2023,
      "amount": 242
    },
    {
      "npcId": 9845,
      "item": 20088,
      "amount": 4
    },
    {
      "npcId": 9845,
      "item": 20086,
      "amount": 4
    },
    {
      "npcId": 9845,
      "item": 20091,
      "amount": 7
    },
    {
      "npcId": 9845,
      "item": 20087,
      "amount": 4
    },
    {
      "npcId": 9845,
      "item": 20092,
      "amount": 4
    },
    {
      "npcId": 9845,
      "item": 14487,
      "amount": 1
    },
    {
      "npcId": 9910,
      "item": 995,
      "amount": 1046
    },
    {
      "npcId": 9910,
      "item": 2023,
      "amount": 250
    },
    {
      "npcId": 9910,
      "item": 20089,
      "amount": 7
    },
    {
      "npcId": 9910,
      "item": 14487,
      "amount": 3
    },
    {
      "npcId": 9910,
      "item": 20091,
      "amount": 7
    },
    {
      "npcId": 9910,
      "item": 20087,
      "amount": 3
    },
    {
      "npcId": 9807,
      "item": 995,
      "amount": 1152
    },
    {
      "npcId": 9807,
      "item": 2023,
      "amount": 249
    },
    {
      "npcId": 9807,
      "item": 20088,
      "amount": 5
    },
    {
      "npcId": 9807,
      "item": 20086,
      "amount": 2
    },
    {
      "npcId": 9807,
      "item": 20093,
      "amount": 4
    },
    {
      "npcId": 9807,
      "item": 20091,
      "amount": 3
    },
    {
      "npcId": 9807,
      "item": 14487,
      "amount": 3
    },
    {
      "npcId": 9807,
      "item": 20089,
      "amount": 3
    },
    {
      "npcId": 6692,
      "item": 995,
      "amount": 1461
    },
    {
      "npcId": 6692,
      "item": 2023,
      "amount": 458
    },
    {
      "npcId": 6692,
      "item": 18005,
      "amount": 10
    },
    {
      "npcId": 6692,
      "item": 17999,
      "amount": 5
    },
    {
      "npcId": 6692,
      "item": 18011,
      "amount": 10
    },
    {
      "npcId": 6692,
      "item": 18003,
      "amount": 10
    },
    {
      "npcId": 6692,
      "item": 18001,
      "amount": 10
    },
    {
      "npcId": 6692,
      "item": 18009,
      "amount": 3
    },
    {
      "npcId": 9028,
      "item": 995,
      "amount": 1896
    },
    {
      "npcId": 9028,
      "item": 2023,
      "amount": 395
    },
    {
      "npcId": 9028,
      "item": 23021,
      "amount": 3
    },
    {
      "npcId": 9028,
      "item": 23026,
      "amount": 3
    },
    {
      "npcId": 9028,
      "item": 23024,
      "amount": 3
    },
    {
      "npcId": 9028,
      "item": 23025,
      "amount": 2
    },
    {
      "npcId": 9028,
      "item": 23023,
      "amount": 2
    },
    {
      "npcId": 9028,
      "item": 23027,
      "amount": 1
    },
    {
      "npcId": 9807,
      "item": 20092,
      "amount": 7
    },
    {
      "npcId": 9807,
      "item": 20087,
      "amount": 6
    },
    {
      "npcId": 9838,
      "item": 20086,
      "amount": 1
    },
    {
      "npcId": 9838,
      "item": 20089,
      "amount": 1
    },
    {
      "npcId": 9907,
      "item": 10946,
      "amount": 4
    },
    {
      "npcId": 9907,
      "item": 2023,
      "amount": 103
    },
    {
      "npcId": 9908,
      "item": 10946,
      "amount": 5
    },
    {
      "npcId": 9908,
      "item": 2023,
      "amount": 303
    },
    {
      "npcId": 9908,
      "item": 23057,
      "amount": 1
    },
    {
      "npcId": 8014,
      "item": 995,
      "amount": 2276
    },
    {
      "npcId": 8014,
      "item": 2023,
      "amount": 281
    },
    {
      "npcId": 8014,
      "item": 23054,
      "amount": 2
    },
    {
      "npcId": 8014,
      "item": 23056,
      "amount": 2
    },
    {
      "npcId": 8013,
      "item": 10946,
      "amount": 7
    },
    {
      "npcId": 8013,
      "item": 23020,
      "amount": 5
    },
    {
      "npcId": 8014,
      "item": 23051,
      "amount": 1
    },
    {
      "npcId": 8014,
      "item": 23055,
      "amount": 1
    },
    {
      "npcId": 9838,
      "item": 20092,
      "amount": 1
    },
    {
      "npcId": 9838,
      "item": 20091,
      "amount": 1
    },
    {
      "npcId": 9910,
      "item": 20088,
      "amount": 3
    },
    {
      "npcId": 8014,
      "item": 23052,
      "amount": 2
    },
    {
      "npcId": 9845,
      "item": 20089,
      "amount": 4
    },
    {
      "npcId": 9910,
      "item": 20086,
      "amount": 4
    },
    {
      "npcId": 9910,
      "item": 20093,
      "amount": 4
    },
    {
      "npcId": 9845,
      "item": 20093,
      "amount": 1
    },
    {
      "npcId": 8003,
      "item": 995,
      "amount": 3875
    },
    {
      "npcId": 8003,
      "item": 2023,
      "amount": 875
    },
    {
      "npcId": 8003,
      "item": 4367,
      "amount": 5
    },
    {
      "npcId": 202,
      "item": 995,
      "amount": 4270
    },
    {
      "npcId": 202,
      "item": 2023,
      "amount": 271
    },
    {
      "npcId": 202,
      "item": 13300,
      "amount": 3
    },
    {
      "npcId": 9025,
      "item": 995,
      "amount": 10111
    },
    {
      "npcId": 9025,
      "item": 2023,
      "amount": 113
    },
    {
      "npcId": 3313,
      "item": 995,
      "amount": 14212
    },
    {
      "npcId": 3313,
      "item": 2023,
      "amount": 212
    },
    {
      "npcId": 3313,
      "item": 21047,
      "amount": 1
    },
    {
      "npcId": 9026,
      "item": 995,
      "amount": 11130
    },
    {
      "npcId": 9026,
      "item": 2023,
      "amount": 131
    },
    {
      "npcId": 9026,
      "item": 23144,
      "amount": 1
    },
    {
      "npcId": 9836,
      "item": 995,
      "amount": 12213
    },
    {
      "npcId": 9836,
      "item": 2023,
      "amount": 211
    },
    {
      "npcId": 9815,
      "item": 995,
      "amount": 6121
    },
    {
      "npcId": 9815,
      "item": 2023,
      "amount": 121
    },
    {
      "npcId": 3831,
      "item": 995,
      "amount": 9057
    },
    {
      "npcId": 3831,
      "item": 2023,
      "amount": 60
    },
    {
      "npcId": 3313,
      "item": 21042,
      "amount": 1
    },
    {
      "npcId": 92,
      "item": 995,
      "amount": 13074
    },
    {
      "npcId": 92,
      "item": 2023,
      "amount": 77
    },
    {
      "npcId": 8003,
      "item": 19892,
      "amount": 3
    },
    {
      "npcId": 8003,
      "item": 20592,
      "amount": 1
    },
    {
      "npcId": 9815,
      "item": 21040,
      "amount": 1
    },
    {
      "npcId": 9815,
      "item": 21039,
      "amount": 1
    },
    {
      "npcId": 9836,
      "item": 15922,
      "amount": 1
    },
    {
      "npcId": 8002,
      "item": 995,
      "amount": 29087
    },
    {
      "npcId": 9914,
      "item": 995,
      "amount": 23337
    },
    {
      "npcId": 9914,
      "item": 2023,
      "amount": 338
    },
    {
      "npcId": 1906,
      "item": 995,
      "amount": 16099
    },
    {
      "npcId": 1906,
      "item": 2023,
      "amount": 98
    },
    {
      "npcId": 9028,
      "item": 23022,
      "amount": 1
    },
    {
      "npcId": 9029,
      "item": 995,
      "amount": 1813
    },
    {
      "npcId": 9029,
      "item": 2023,
      "amount": 314
    },
    {
      "npcId": 9029,
      "item": 23033,
      "amount": 2
    },
    {
      "npcId": 9029,
      "item": 23031,
      "amount": 2
    },
    {
      "npcId": 9029,
      "item": 23028,
      "amount": 2
    },
    {
      "npcId": 9029,
      "item": 23032,
      "amount": 1
    },
    {
      "npcId": 9029,
      "item": 23030,
      "amount": 3
    },
    {
      "npcId": 9029,
      "item": 23029,
      "amount": 1
    },
    {
      "npcId": 9030,
      "item": 995,
      "amount": 1786
    },
    {
      "npcId": 9030,
      "item": 2023,
      "amount": 288
    },
    {
      "npcId": 9030,
      "item": 23039,
      "amount": 3
    },
    {
      "npcId": 9030,
      "item": 23035,
      "amount": 2
    },
    {
      "npcId": 9030,
      "item": 23038,
      "amount": 1
    },
    {
      "npcId": 9030,
      "item": 23034,
      "amount": 2
    },
    {
      "npcId": 9030,
      "item": 23036,
      "amount": 1
    },
    {
      "npcId": 9030,
      "item": 23037,
      "amount": 1
    },
    {
      "npcId": 8014,
      "item": 23050,
      "amount": 1
    },
    {
      "npcId": 8003,
      "item": 20593,
      "amount": 2
    },
    {
      "npcId": 8003,
      "item": 19135,
      "amount": 3
    },
    {
      "npcId": 8003,
      "item": 8335,
      "amount": 2
    },
    {
      "npcId": 587,
      "item": 23058,
      "amount": 1
    },
    {
      "npcId": 587,
      "item": 23020,
      "amount": 10
    },
    {
      "npcId": 202,
      "item": 13305,
      "amount": 2
    },
    {
      "npcId": 8003,
      "item": 8334,
      "amount": 2
    },
    {
      "npcId": 8003,
      "item": 11140,
      "amount": 1
    },
    {
      "npcId": 2342,
      "item": 995,
      "amount": 18194
    },
    {
      "npcId": 2342,
      "item": 2023,
      "amount": 194
    },
    {
      "npcId": 8008,
      "item": 995,
      "amount": 15108
    },
    {
      "npcId": 8008,
      "item": 2023,
      "amount": 108
    },
    {
      "npcId": 9914,
      "item": 22123,
      "amount": 1
    },
    {
      "npcId": 9916,
      "item": 995,
      "amount": 20087
    },
    {
      "npcId": 9916,
      "item": 2023,
      "amount": 89
    },
    {
      "npcId": 9024,
      "item": 995,
      "amount": 19169
    },
    {
      "npcId": 9024,
      "item": 2023,
      "amount": 172
    },
    {
      "npcId": 9918,
      "item": 995,
      "amount": 21093
    },
    {
      "npcId": 9918,
      "item": 2023,
      "amount": 93
    },
    {
      "npcId": 9806,
      "item": 995,
      "amount": 26115
    }
  ],
  "holy-prayers-unlocked": [
    false,
    false,
    false,
    false,
    false,
    false
  ],
  "rune-ess": 0,
  "pure-ess": 0,
  "has-bank-pin": false,
  "last-pin-attempt": 0,
  "invalid-pin-attempts": 0,
  "bank-pin": [
    0,
    0,
    0,
    0
  ],
  "appearance": [
    0,
    5,
    18,
    27,
    33,
    36,
    42,
    10,
    0,
    0,
    0,
    0,
    0
  ],
  "agility-obj": [
    false,
    false,
    false,
    false,
    false,
    false,
    false
  ],
  "skills": {
    "level": [
      18,
      120,
      19,
      1200,
      120,
      1190,
      120,
      1,
      1,
      1,
      1,
      1,
      60,
      1,
      1,
      1,
      1,
      1,
      90,
      1,
      43,
      45,
      1,
      1,
      1
    ],
    "maxLevel": [
      18,
      120,
      19,
      1200,
      120,
      1190,
      120,
      1,
      1,
      1,
      1,
      1,
      60,
      1,
      1,
      1,
      1,
      1,
      90,
      1,
      43,
      45,
      1,
      13,
      1
    ],
    "experience": [
      3778,
      371632848,
      4280,
      2000000000,
      2000000000,
      102813234,
      679728315,
      0,
      0,
      0,
      0,
      0,
      293159,
      0,
      0,
      0,
      0,
      0,
      5673768,
      0,
      50355,
      66794,
      0,
      2101,
      0
    ]
  },
  "inventory": [
    {
      "id": 10835,
      "amount": 4785457,
      "slot": 0,
      "bonus": {
        "effect": "NOTHING",
        "rarity": "COMMON",
        "bonus": 0
      }
    },
    {
      "id": 995,
      "amount": 12208256,
      "slot": 0,
      "bonus": {
        "effect": "NOTHING",
        "rarity": "COMMON",
        "bonus": 0
      }
    },
    {
      "id": 23020,
      "amount": 17,
      "slot": 0,
      "bonus": {
        "effect": "NOTHING",
        "rarity": "COMMON",
        "bonus": 0
      }
    },
    {
      "id": 13640,
      "amount": 1,
      "slot": 0,
      "bonus": {
        "effect": "DOUBLE_DROP",
        "rarity": "RARE",
        "bonus": 14
      }
    },
    {
      "id": 23121,
      "amount": 1,
      "slot": 0,
      "bonus": {
        "effect": "NOTHING",
        "rarity": "COMMON",
        "bonus": 0
      }
    },
    {
      "id": 23124,
      "amount": 1,
      "slot": 0
    },
    {
      "id": 13727,
      "amount": 198,
      "slot": 0,
      "bonus": {
        "effect": "NOTHING",
        "rarity": "COMMON",
        "bonus": 0
      }
    },
    {
      "id": 2023,
      "amount": 43,
      "slot": 0,
      "bonus": {
        "effect": "NOTHING",
        "rarity": "COMMON",
        "bonus": 0
      }
    },
    {
      "id": 5023,
      "amount": 162,
      "slot": 0,
      "bonus": {
        "effect": "NOTHING",
        "rarity": "COMMON",
        "bonus": 0
      }
    },
    {
      "id": -1,
      "amount": 0,
      "slot": 0,
      "bonus": {
        "effect": "NOTHING",
        "rarity": "COMMON",
        "bonus": 0
      }
    },
    {
      "id": -1,
      "amount": 0,
      "slot": 0,
      "bonus": {
        "effect": "NOTHING",
        "rarity": "COMMON",
        "bonus": 0
      }
    },
    {
      "id": -1,
      "amount": 0,
      "slot": 0,
      "bonus": {
        "effect": "NOTHING",
        "rarity": "COMMON",
        "bonus": 0
      }
    },
    {
      "id": -1,
      "amount": 0,
      "slot": 0,
      "bonus": {
        "effect": "NOTHING",
        "rarity": "COMMON",
        "bonus": 0
      }
    },
    {
      "id": -1,
      "amount": 0,
      "slot": 0,
      "bonus": {
        "effect": "NOTHING",
        "rarity": "COMMON",
        "bonus": 0
      }
    },
    {
      "id": -1,
      "amount": 0,
      "slot": 0,
      "bonus": {
        "effect": "NOTHING",
        "rarity": "COMMON",
        "bonus": 0
      }
    },
    {
      "id": -1,
      "amount": 0,
      "slot": 0,
      "bonus": {
        "effect": "NOTHING",
        "rarity": "COMMON",
        "bonus": 0
      }
    },
    {
      "id": -1,
      "amount": 0,
      "slot": 0,
      "bonus": {
        "effect": "NOTHING",
        "rarity": "COMMON",
        "bonus": 0
      }
    },
    {
      "id": -1,
      "amount": 0,
      "slot": 0,
      "bonus": {
        "effect": "NOTHING",
        "rarity": "COMMON",
        "bonus": 0
      }
    },
    {
      "id": -1,
      "amount": 0,
      "slot": 0,
      "bonus": {
        "effect": "NOTHING",
        "rarity": "COMMON",
        "bonus": 0
      }
    },
    {
      "id": -1,
      "amount": 0,
      "slot": 0,
      "bonus": {
        "effect": "NOTHING",
        "rarity": "COMMON",
        "bonus": 0
      }
    },
    {
      "id": -1,
      "amount": 0,
      "slot": 0,
      "bonus": {
        "effect": "NOTHING",
        "rarity": "COMMON",
        "bonus": 0
      }
    },
    {
      "id": -1,
      "amount": 0,
      "slot": 0,
      "bonus": {
        "effect": "NOTHING",
        "rarity": "COMMON",
        "bonus": 0
      }
    },
    {
      "id": -1,
      "amount": 0,
      "slot": 0,
      "bonus": {
        "effect": "NOTHING",
        "rarity": "COMMON",
        "bonus": 0
      }
    },
    {
      "id": -1,
      "amount": 0,
      "slot": 0,
      "bonus": {
        "effect": "NOTHING",
        "rarity": "COMMON",
        "bonus": 0
      }
    },
    {
      "id": 8273,
      "amount": 1,
      "slot": 0,
      "bonus": {
        "effect": "NOTHING",
        "rarity": "COMMON",
        "bonus": 0
      }
    },
    {
      "id": -1,
      "amount": 0,
      "slot": 0,
      "bonus": {
        "effect": "NOTHING",
        "rarity": "COMMON",
        "bonus": 0
      }
    },
    {
      "id": 9939,
      "amount": 1,
      "slot": 0,
      "bonus": {
        "effect": "TRIPLE_KILLS",
        "rarity": "MYTHIC",
        "bonus": 2
      }
    },
    {
      "id": 8335,
      "amount": 1,
      "slot": 0,
      "bonus": {
        "effect": "DOUBLE_DROP",
        "rarity": "RARE",
        "bonus": 11
      }
    }
  ],
  "equipment": [
    {
      "id": 8813,
      "amount": 1,
      "slot": 0,
      "bonus": {
        "effect": "DROP_RATE_LOW",
        "rarity": "RARE",
        "bonus": 7
      }
    },
    {
      "id": 4367,
      "amount": 1,
      "slot": 0,
      "bonus": {
        "effect": "MAGIC_DAMAGE",
        "rarity": "UNCOMMON",
        "bonus": 1
      }
    },
    {
      "id": 19886,
      "amount": 1,
      "slot": 0,
      "bonus": {
        "effect": "NOTHING",
        "rarity": "COMMON",
        "bonus": 0
      }
    },
    {
      "id": 23066,
      "amount": 1,
      "slot": 0,
      "bonus": {
        "effect": "AOE_EFFECT",
        "rarity": "MYTHIC",
        "bonus": 1
      }
    },
    {
      "id": 20260,
      "amount": 1,
      "slot": 0,
      "bonus": {
        "effect": "NOTHING",
        "rarity": "COMMON",
        "bonus": 0
      }
    },
    {
      "id": 13964,
      "amount": 1,
      "slot": 0,
      "bonus": {
        "effect": "NOTHING",
        "rarity": "COMMON",
        "bonus": 0
      }
    },
    {
      "id": -1,
      "amount": 0,
      "slot": 0,
      "bonus": {
        "effect": "NOTHING",
        "rarity": "COMMON",
        "bonus": 0
      }
    },
    {
      "id": 20095,
      "amount": 1,
      "slot": 0,
      "bonus": {
        "effect": "RANGE_DAMAGE",
        "rarity": "UNCOMMON",
        "bonus": 1
      }
    },
    {
      "id": -1,
      "amount": 0,
      "slot": 0,
      "bonus": {
        "effect": "NOTHING",
        "rarity": "COMMON",
        "bonus": 0
      }
    },
    {
      "id": 14323,
      "amount": 1,
      "slot": 0,
      "bonus": {
        "effect": "DROP_RATE_HIGH",
        "rarity": "MYTHIC",
        "bonus": 50
      }
    },
    {
      "id": 22122,
      "amount": 1,
      "slot": 0,
      "bonus": {
        "effect": "DROP_RATE_LOW",
        "rarity": "RARE",
        "bonus": 12
      }
    },
    {
      "id": -1,
      "amount": 0,
      "slot": 0,
      "bonus": {
        "effect": "NOTHING",
        "rarity": "COMMON",
        "bonus": 0
      }
    },
    {
      "id": 8335,
      "amount": 1,
      "slot": 0,
      "bonus": {
        "effect": "RANGE_DAMAGE",
        "rarity": "UNCOMMON",
        "bonus": 1
      }
    },
    {
      "id": -1,
      "amount": 0,
      "slot": 0,
      "bonus": {
        "effect": "NOTHING",
        "rarity": "COMMON",
        "bonus": 0
      }
    },
    {
      "id": 15584,
      "amount": 1,
      "slot": 0,
      "bonus": {
        "effect": "NOTHING",
        "rarity": "COMMON",
        "bonus": 0
      }
    }
  ],
  "secondary-equipment": [
    {
      "id": -1,
      "amount": 0,
      "slot": 0,
      "bonus": {
        "effect": "NOTHING",
        "rarity": "COMMON",
        "bonus": 0
      }
    },
    {
      "id": -1,
      "amount": 0,
      "slot": 0,
      "bonus": {
        "effect": "NOTHING",
        "rarity": "COMMON",
        "bonus": 0
      }
    },
    {
      "id": -1,
      "amount": 0,
      "slot": 0,
      "bonus": {
        "effect": "NOTHING",
        "rarity": "COMMON",
        "bonus": 0
      }
    },
    {
      "id": -1,
      "amount": 0,
      "slot": 0,
      "bonus": {
        "effect": "NOTHING",
        "rarity": "COMMON",
        "bonus": 0
      }
    },
    {
      "id": -1,
      "amount": 0,
      "slot": 0,
      "bonus": {
        "effect": "NOTHING",
        "rarity": "COMMON",
        "bonus": 0
      }
    },
    {
      "id": -1,
      "amount": 0,
      "slot": 0,
      "bonus": {
        "effect": "NOTHING",
        "rarity": "COMMON",
        "bonus": 0
      }
    },
    {
      "id": -1,
      "amount": 0,
      "slot": 0,
      "bonus": {
        "effect": "NOTHING",
        "rarity": "COMMON",
        "bonus": 0
      }
    },
    {
      "id": -1,
      "amount": 0,
      "slot": 0,
      "bonus": {
        "effect": "NOTHING",
        "rarity": "COMMON",
        "bonus": 0
      }
    },
    {
      "id": -1,
      "amount": 0,
      "slot": 0,
      "bonus": {
        "effect": "NOTHING",
        "rarity": "COMMON",
        "bonus": 0
      }
    },
    {
      "id": -1,
      "amount": 0,
      "slot": 0,
      "bonus": {
        "effect": "NOTHING",
        "rarity": "COMMON",
        "bonus": 0
      }
    },
    {
      "id": -1,
      "amount": 0,
      "slot": 0,
      "bonus": {
        "effect": "NOTHING",
        "rarity": "COMMON",
        "bonus": 0
      }
    },
    {
      "id": -1,
      "amount": 0,
      "slot": 0,
      "bonus": {
        "effect": "NOTHING",
        "rarity": "COMMON",
        "bonus": 0
      }
    },
    {
      "id": -1,
      "amount": 0,
      "slot": 0,
      "bonus": {
        "effect": "NOTHING",
        "rarity": "COMMON",
        "bonus": 0
      }
    },
    {
      "id": -1,
      "amount": 0,
      "slot": 0,
      "bonus": {
        "effect": "NOTHING",
        "rarity": "COMMON",
        "bonus": 0
      }
    },
    {
      "id": -1,
      "amount": 0,
      "slot": 0,
      "bonus": {
        "effect": "NOTHING",
        "rarity": "COMMON",
        "bonus": 0
      }
    }
  ],
  "preset-equipment": [
    {
      "id": -1,
      "amount": 0,
      "slot": 0,
      "bonus": {
        "effect": "NOTHING",
        "rarity": "COMMON",
        "bonus": 0
      }
    },
    {
      "id": -1,
      "amount": 0,
      "slot": 0,
      "bonus": {
        "effect": "NOTHING",
        "rarity": "COMMON",
        "bonus": 0
      }
    },
    {
      "id": -1,
      "amount": 0,
      "slot": 0,
      "bonus": {
        "effect": "NOTHING",
        "rarity": "COMMON",
        "bonus": 0
      }
    },
    {
      "id": -1,
      "amount": 0,
      "slot": 0,
      "bonus": {
        "effect": "NOTHING",
        "rarity": "COMMON",
        "bonus": 0
      }
    },
    {
      "id": -1,
      "amount": 0,
      "slot": 0,
      "bonus": {
        "effect": "NOTHING",
        "rarity": "COMMON",
        "bonus": 0
      }
    },
    {
      "id": -1,
      "amount": 0,
      "slot": 0,
      "bonus": {
        "effect": "NOTHING",
        "rarity": "COMMON",
        "bonus": 0
      }
    },
    {
      "id": -1,
      "amount": 0,
      "slot": 0,
      "bonus": {
        "effect": "NOTHING",
        "rarity": "COMMON",
        "bonus": 0
      }
    },
    {
      "id": -1,
      "amount": 0,
      "slot": 0,
      "bonus": {
        "effect": "NOTHING",
        "rarity": "COMMON",
        "bonus": 0
      }
    },
    {
      "id": -1,
      "amount": 0,
      "slot": 0,
      "bonus": {
        "effect": "NOTHING",
        "rarity": "COMMON",
        "bonus": 0
      }
    },
    {
      "id": -1,
      "amount": 0,
      "slot": 0,
      "bonus": {
        "effect": "NOTHING",
        "rarity": "COMMON",
        "bonus": 0
      }
    },
    {
      "id": -1,
      "amount": 0,
      "slot": 0,
      "bonus": {
        "effect": "NOTHING",
        "rarity": "COMMON",
        "bonus": 0
      }
    },
    {
      "id": -1,
      "amount": 0,
      "slot": 0,
      "bonus": {
        "effect": "NOTHING",
        "rarity": "COMMON",
        "bonus": 0
      }
    },
    {
      "id": -1,
      "amount": 0,
      "slot": 0,
      "bonus": {
        "effect": "NOTHING",
        "rarity": "COMMON",
        "bonus": 0
      }
    },
    {
      "id": -1,
      "amount": 0,
      "slot": 0,
      "bonus": {
        "effect": "NOTHING",
        "rarity": "COMMON",
        "bonus": 0
      }
    },
    {
      "id": -1,
      "amount": 0,
      "slot": 0,
      "bonus": {
        "effect": "NOTHING",
        "rarity": "COMMON",
        "bonus": 0
      }
    }
  ],
  "offences": [],
  "bank-0": [
    {
      "id": 15359,
      "amount": 1,
      "slot": 0,
      "bonus": {
        "effect": "NOTHING",
        "rarity": "COMMON",
        "bonus": 0
      }
    },
    {
      "id": 15358,
      "amount": 2,
      "slot": 0,
      "bonus": {
        "effect": "NOTHING",
        "rarity": "COMMON",
        "bonus": 0
      }
    },
    {
      "id": 19944,
      "amount": 1,
      "slot": 0,
      "bonus": {
        "effect": "NOTHING",
        "rarity": "COMMON",
        "bonus": 0
      }
    },
    {
      "id": 19946,
      "amount": 1,
      "slot": 0,
      "bonus": {
        "effect": "NOTHING",
        "rarity": "COMMON",
        "bonus": 0
      }
    },
    {
      "id": 19945,
      "amount": 1,
      "slot": 0,
      "bonus": {
        "effect": "NOTHING",
        "rarity": "COMMON",
        "bonus": 0
      }
    },
    {
      "id": 22084,
      "amount": 1,
      "slot": 0,
      "bonus": {
        "effect": "NOTHING",
        "rarity": "COMMON",
        "bonus": 0
      }
    },
    {
      "id": 22092,
      "amount": 1,
      "slot": 0,
      "bonus": {
        "effect": "NOTHING",
        "rarity": "COMMON",
        "bonus": 0
      }
    },
    {
      "id": 703,
      "amount": 1,
      "slot": 0,
      "bonus": {
        "effect": "NOTHING",
        "rarity": "COMMON",
        "bonus": 0
      }
    },
    {
      "id": 23089,
      "amount": 1,
      "slot": 0,
      "bonus": {
        "effect": "NOTHING",
        "rarity": "COMMON",
        "bonus": 0
      }
    },
    {
      "id": 23091,
      "amount": 1,
      "slot": 0,
      "bonus": {
        "effect": "NOTHING",
        "rarity": "COMMON",
        "bonus": 0
      }
    },
    {
      "id": 705,
      "amount": 1,
      "slot": 0,
      "bonus": {
        "effect": "NOTHING",
        "rarity": "COMMON",
        "bonus": 0
      }
    },
    {
      "id": 704,
      "amount": 1,
      "slot": 0,
      "bonus": {
        "effect": "NOTHING",
        "rarity": "COMMON",
        "bonus": 0
      }
    },
    {
      "id": 3024,
      "amount": 98,
      "slot": 0,
      "bonus": {
        "effect": "NOTHING",
        "rarity": "COMMON",
        "bonus": 0
      }
    },
    {
      "id": 17817,
      "amount": 100,
      "slot": 0,
      "bonus": {
        "effect": "NOTHING",
        "rarity": "COMMON",
        "bonus": 0
      }
    },
    {
      "id": 10835,
      "amount": 0,
      "slot": 0,
      "bonus": {
        "effect": "NOTHING",
        "rarity": "COMMON",
        "bonus": 0
      }
    },
    {
      "id": 995,
      "amount": 0,
      "slot": 0,
      "bonus": {
        "effect": "NOTHING",
        "rarity": "COMMON",
        "bonus": 0
      }
    },
    {
      "id": 2023,
      "amount": 0,
      "slot": 0,
      "bonus": {
        "effect": "NOTHING",
        "rarity": "COMMON",
        "bonus": 0
      }
    },
    {
      "id": 22083,
      "amount": 1,
      "slot": 0,
      "bonus": {
        "effect": "NOTHING",
        "rarity": "COMMON",
        "bonus": 0
      }
    },
    {
      "id": 3026,
      "amount": 1,
      "slot": 0,
      "bonus": {
        "effect": "NOTHING",
        "rarity": "COMMON",
        "bonus": 0
      }
    },
    {
      "id": 22175,
      "amount": 1,
      "slot": 0,
      "bonus": {
        "effect": "NOTHING",
        "rarity": "COMMON",
        "bonus": 0
      }
    },
    {
      "id": 14484,
      "amount": 1,
      "slot": 0,
      "bonus": {
        "effect": "DROP_RATE_LOW",
        "rarity": "RARE",
        "bonus": 14
      }
    },
    {
      "id": 18636,
      "amount": 2,
      "slot": 0,
      "bonus": {
        "effect": "NOTHING",
        "rarity": "COMMON",
        "bonus": 0
      }
    },
    {
      "id": 13727,
      "amount": 0,
      "slot": 0,
      "bonus": {
        "effect": "NOTHING",
        "rarity": "COMMON",
        "bonus": 0
      }
    },
    {
      "id": 23144,
      "amount": 1,
      "slot": 0,
      "bonus": {
        "effect": "NOTHING",
        "rarity": "COMMON",
        "bonus": 0
      }
    },
    {
      "id": 1017,
      "amount": 1,
      "slot": 0,
      "bonus": {
        "effect": "NOTHING",
        "rarity": "COMMON",
        "bonus": 0
      }
    },
    {
      "id": 8788,
      "amount": 1,
      "slot": 0,
      "bonus": {
        "effect": "NOTHING",
        "rarity": "COMMON",
        "bonus": 0
      }
    },
    {
      "id": 916,
      "amount": 1,
      "slot": 0,
      "bonus": {
        "effect": "NOTHING",
        "rarity": "COMMON",
        "bonus": 0
      }
    },
    {
      "id": 789,
      "amount": 2,
      "slot": 0,
      "bonus": {
        "effect": "NOTHING",
        "rarity": "COMMON",
        "bonus": 0
      }
    },
    {
      "id": 5012,
      "amount": 1,
      "slot": 0,
      "bonus": {
        "effect": "DOUBLE_KILLS",
        "rarity": "LEGENDARY",
        "bonus": 2
      }
    },
    {
      "id": 19914,
      "amount": 1,
      "slot": 0,
      "bonus": {
        "effect": "NOTHING",
        "rarity": "COMMON",
        "bonus": 0
      }
    },
    {
      "id": 18636,
      "amount": 1,
      "slot": 0,
      "bonus": {
        "effect": "DROP_RATE_LOW",
        "rarity": "RARE",
        "bonus": 15
      }
    },
    {
      "id": 18636,
      "amount": 1,
      "slot": 0,
      "bonus": {
        "effect": "DROP_RATE_LOW",
        "rarity": "RARE",
        "bonus": 20
      }
    },
    {
      "id": 18636,
      "amount": 1,
      "slot": 0,
      "bonus": {
        "effect": "RANGE_DAMAGE",
        "rarity": "UNCOMMON",
        "bonus": 1
      }
    }
  ],
  "bank-1": [
    {
      "id": 1009,
      "amount": 1,
      "slot": 0,
      "bonus": {
        "effect": "NOTHING",
        "rarity": "COMMON",
        "bonus": 0
      }
    },
    {
      "id": 1007,
      "amount": 1,
      "slot": 0,
      "bonus": {
        "effect": "NOTHING",
        "rarity": "COMMON",
        "bonus": 0
      }
    },
    {
      "id": 937,
      "amount": 1,
      "slot": 0,
      "bonus": {
        "effect": "NOTHING",
        "rarity": "COMMON",
        "bonus": 0
      }
    },
    {
      "id": 928,
      "amount": 2,
      "slot": 0,
      "bonus": {
        "effect": "NOTHING",
        "rarity": "COMMON",
        "bonus": 0
      }
    },
    {
      "id": 922,
      "amount": 1,
      "slot": 0,
      "bonus": {
        "effect": "NOTHING",
        "rarity": "COMMON",
        "bonus": 0
      }
    },
    {
      "id": 942,
      "amount": 1,
      "slot": 0,
      "bonus": {
        "effect": "NOTHING",
        "rarity": "COMMON",
        "bonus": 0
      }
    },
    {
      "id": 731,
      "amount": 1,
      "slot": 0,
      "bonus": {
        "effect": "NOTHING",
        "rarity": "COMMON",
        "bonus": 0
      }
    },
    {
      "id": 732,
      "amount": 1,
      "slot": 0,
      "bonus": {
        "effect": "NOTHING",
        "rarity": "COMMON",
        "bonus": 0
      }
    },
    {
      "id": 783,
      "amount": 2,
      "slot": 0,
      "bonus": {
        "effect": "NOTHING",
        "rarity": "COMMON",
        "bonus": 0
      }
    },
    {
      "id": 795,
      "amount": 1,
      "slot": 0,
      "bonus": {
        "effect": "NOTHING",
        "rarity": "COMMON",
        "bonus": 0
      }
    },
    {
      "id": 925,
      "amount": 1,
      "slot": 0,
      "bonus": {
        "effect": "NOTHING",
        "rarity": "COMMON",
        "bonus": 0
      }
    }
  ],
  "bank-2": [],
  "bank-3": [],
  "bank-4": [],
  "bank-5": [],
  "bank-6": [],
  "bank-7": [],
  "bank-8": [],
  "new-uim-bank": [],
  "ge-slots": [
    null,
    null,
    null,
    null,
    null,
    null
  ],
  "charm-imp": [
    0,
    0,
    0,
    0
  ],
  "friends": [
    8669178,
    1234340195322170,
    28292544
  ],
  "ignores": [],
  "loyalty-titles": [
    false,
    false,
    false,
    false,
    false,
    false,
    false,
    false,
    false,
    false,
    false,
    false
  ],
  "kills": [
    {
      "runningTotal": 0,
      "npcId": 1265,
      "npcName": "Oracle Lion",
      "amount": 0,
      "boss": false
    },
    {
      "runningTotal": 10,
      "npcId": 9837,
      "npcName": "Blurite Goblin",
      "amount": 10,
      "boss": false
    },
    {
      "runningTotal": 20,
      "npcId": 9027,
      "npcName": "Blurite Orc",
      "amount": 20,
      "boss": false
    },
    {
      "runningTotal": 30,
      "npcId": 9835,
      "npcName": "Blurite Demon",
      "amount": 30,
      "boss": false
    },
    {
      "runningTotal": 40,
      "npcId": 9911,
      "npcName": "Blurite Werewolf",
      "amount": 40,
      "boss": false
    },
    {
      "runningTotal": 53,
      "npcId": 9922,
      "npcName": "Blurite Centaur",
      "amount": 53,
      "boss": false
    },
    {
      "runningTotal": 277,
      "npcId": 9838,
      "npcName": "Imperial Hound",
      "amount": 277,
      "boss": false
    },
    {
      "runningTotal": 405,
      "npcId": 9845,
      "npcName": "Imperial Scorpion",
      "amount": 405,
      "boss": false
    },
    {
      "runningTotal": 488,
      "npcId": 9910,
      "npcName": "Imperial Ranger",
      "amount": 488,
      "boss": false
    },
    {
      "runningTotal": 446,
      "npcId": 9807,
      "npcName": "Imperial Paladin",
      "amount": 446,
      "boss": false
    },
    {
      "runningTotal": 847,
      "npcId": 6692,
      "npcName": "Revenant Wyvern",
      "amount": 847,
      "boss": false
    },
    {
      "runningTotal": 489,
      "npcId": 9028,
      "npcName": "Mystic",
      "amount": 489,
      "boss": false
    },
    {
      "runningTotal": 526,
      "npcId": 8014,
      "npcName": "Zinqrux",
      "amount": 526,
      "boss": false
    },
    {
      "runningTotal": 1013,
      "npcId": 8003,
      "npcName": "Dr. Aberrant",
      "amount": 1013,
      "boss": false
    },
    {
      "runningTotal": 480,
      "npcId": 202,
      "npcName": "Inferno",
      "amount": 480,
      "boss": true
    },
    {
      "runningTotal": 224,
      "npcId": 9025,
      "npcName": "Avalon",
      "amount": 224,
      "boss": false
    },
    {
      "runningTotal": 424,
      "npcId": 3313,
      "npcName": "Miscreation",
      "amount": 424,
      "boss": false
    },
    {
      "runningTotal": 130,
      "npcId": 9026,
      "npcName": "Eragon",
      "amount": 130,
      "boss": false
    },
    {
      "runningTotal": 420,
      "npcId": 9836,
      "npcName": "Doomwatcher",
      "amount": 420,
      "boss": false
    },
    {
      "runningTotal": 240,
      "npcId": 9815,
      "npcName": "Kol\u0027gal",
      "amount": 240,
      "boss": false
    },
    {
      "runningTotal": 116,
      "npcId": 3831,
      "npcName": "Zernath",
      "amount": 116,
      "boss": true
    },
    {
      "runningTotal": 150,
      "npcId": 92,
      "npcName": "Maze Guardian",
      "amount": 150,
      "boss": false
    },
    {
      "runningTotal": 174,
      "npcId": 8002,
      "npcName": "Malvek",
      "amount": 174,
      "boss": false
    },
    {
      "runningTotal": 415,
      "npcId": 9914,
      "npcName": "Sasuke",
      "amount": 415,
      "boss": false
    },
    {
      "runningTotal": 188,
      "npcId": 1906,
      "npcName": "Zorbak",
      "amount": 188,
      "boss": false
    },
    {
      "runningTotal": 311,
      "npcId": 9029,
      "npcName": "Nightmare",
      "amount": 311,
      "boss": false
    },
    {
      "runningTotal": 286,
      "npcId": 9030,
      "npcName": "Patience",
      "amount": 286,
      "boss": false
    },
    {
      "runningTotal": 192,
      "npcId": 2342,
      "npcName": "Emerald Slayer",
      "amount": 192,
      "boss": false
    },
    {
      "runningTotal": 107,
      "npcId": 8008,
      "npcName": "Avatar titan",
      "amount": 107,
      "boss": false
    },
    {
      "runningTotal": 88,
      "npcId": 9916,
      "npcName": "Luffy",
      "amount": 88,
      "boss": false
    },
    {
      "runningTotal": 232,
      "npcId": 9024,
      "npcName": "Golden Golem",
      "amount": 232,
      "boss": false
    },
    {
      "runningTotal": 93,
      "npcId": 9918,
      "npcName": "Broly",
      "amount": 93,
      "boss": false
    },
    {
      "runningTotal": 348,
      "npcId": 9806,
      "npcName": "Gorvek",
      "amount": 348,
      "boss": false
    }
  ],
  "drops": [
    {
      "item": 995,
      "amount": 6767908,
      "rareDrop": false
    },
    {
      "item": 2023,
      "amount": 442,
      "rareDrop": false
    },
    {
      "item": 19988,
      "amount": 2,
      "rareDrop": false
    },
    {
      "item": 19989,
      "amount": 2,
      "rareDrop": false
    },
    {
      "item": 19992,
      "amount": 2,
      "rareDrop": false
    },
    {
      "item": 19984,
      "amount": 3,
      "rareDrop": false
    },
    {
      "item": 14488,
      "amount": 4,
      "rareDrop": false
    },
    {
      "item": 19991,
      "amount": 2,
      "rareDrop": false
    },
    {
      "item": 20400,
      "amount": 3,
      "rareDrop": false
    },
    {
      "item": 19985,
      "amount": 3,
      "rareDrop": false
    },
    {
      "item": 20093,
      "amount": 1,
      "rareDrop": false
    },
    {
      "item": 20088,
      "amount": 1,
      "rareDrop": false
    },
    {
      "item": 20092,
      "amount": 1,
      "rareDrop": false
    }
  ],
  "achievements-completion": [],
  "achievements-progress": [
    0,
    0,
    0,
    0,
    0,
    0,
    0,
    0,
    0,
    0,
    0,
    0,
    0,
    0,
    0,
    0,
    0,
    0,
    0,
    0,
    0,
    0,
    0,
    0,
    0,
    0,
    0,
    0,
    0,
    0,
    0,
    0,
    0,
    0,
    0,
    0,
    0,
    0,
    0,
    0,
    0,
    0,
    0,
    0,
    0,
    0,
    0,
    0,
    0,
    0,
    0,
    0,
    0
  ],
  "fri13may16": false,
  "spiritdebug": false,
  "reffered": false,
  "indung": false,
  "toggledglobalmessages": false,
  "flying": false,
  "canfly": false,
  "ghostwalking": false,
  "canghostwalk": false,
  "barrowschests": 0,
  "cluesteps": 0,
  "difficulty": "MODERN",
  "secondary-equipment-slots-unlocked": [
    false,
    false,
    false,
    false,
    false,
    false,
    false,
    false,
    false,
    false,
    false,
    false,
    false,
    false,
    false
  ],
  "hween2016": [
    false,
    false,
    false,
    false,
    false,
    false,
    false
  ],
  "donehween2016": false,
  "christmas2016": 0,
  "newYear2017": 0,
  "easter2017": 0,
  "hcimdunginventory": [
    {
      "id": -1,
      "amount": 0,
      "slot": 0,
      "bonus": {
        "effect": "NOTHING",
        "rarity": "COMMON",
        "bonus": 0
      }
    },
    {
      "id": -1,
      "amount": 0,
      "slot": 0,
      "bonus": {
        "effect": "NOTHING",
        "rarity": "COMMON",
        "bonus": 0
      }
    },
    {
      "id": -1,
      "amount": 0,
      "slot": 0,
      "bonus": {
        "effect": "NOTHING",
        "rarity": "COMMON",
        "bonus": 0
      }
    },
    {
      "id": -1,
      "amount": 0,
      "slot": 0,
      "bonus": {
        "effect": "NOTHING",
        "rarity": "COMMON",
        "bonus": 0
      }
    },
    {
      "id": -1,
      "amount": 0,
      "slot": 0,
      "bonus": {
        "effect": "NOTHING",
        "rarity": "COMMON",
        "bonus": 0
      }
    },
    {
      "id": -1,
      "amount": 0,
      "slot": 0,
      "bonus": {
        "effect": "NOTHING",
        "rarity": "COMMON",
        "bonus": 0
      }
    },
    {
      "id": -1,
      "amount": 0,
      "slot": 0,
      "bonus": {
        "effect": "NOTHING",
        "rarity": "COMMON",
        "bonus": 0
      }
    },
    {
      "id": -1,
      "amount": 0,
      "slot": 0,
      "bonus": {
        "effect": "NOTHING",
        "rarity": "COMMON",
        "bonus": 0
      }
    },
    {
      "id": -1,
      "amount": 0,
      "slot": 0,
      "bonus": {
        "effect": "NOTHING",
        "rarity": "COMMON",
        "bonus": 0
      }
    },
    {
      "id": -1,
      "amount": 0,
      "slot": 0,
      "bonus": {
        "effect": "NOTHING",
        "rarity": "COMMON",
        "bonus": 0
      }
    },
    {
      "id": -1,
      "amount": 0,
      "slot": 0,
      "bonus": {
        "effect": "NOTHING",
        "rarity": "COMMON",
        "bonus": 0
      }
    },
    {
      "id": -1,
      "amount": 0,
      "slot": 0,
      "bonus": {
        "effect": "NOTHING",
        "rarity": "COMMON",
        "bonus": 0
      }
    },
    {
      "id": -1,
      "amount": 0,
      "slot": 0,
      "bonus": {
        "effect": "NOTHING",
        "rarity": "COMMON",
        "bonus": 0
      }
    },
    {
      "id": -1,
      "amount": 0,
      "slot": 0,
      "bonus": {
        "effect": "NOTHING",
        "rarity": "COMMON",
        "bonus": 0
      }
    },
    {
      "id": -1,
      "amount": 0,
      "slot": 0,
      "bonus": {
        "effect": "NOTHING",
        "rarity": "COMMON",
        "bonus": 0
      }
    },
    {
      "id": -1,
      "amount": 0,
      "slot": 0,
      "bonus": {
        "effect": "NOTHING",
        "rarity": "COMMON",
        "bonus": 0
      }
    },
    {
      "id": -1,
      "amount": 0,
      "slot": 0,
      "bonus": {
        "effect": "NOTHING",
        "rarity": "COMMON",
        "bonus": 0
      }
    },
    {
      "id": -1,
      "amount": 0,
      "slot": 0,
      "bonus": {
        "effect": "NOTHING",
        "rarity": "COMMON",
        "bonus": 0
      }
    },
    {
      "id": -1,
      "amount": 0,
      "slot": 0,
      "bonus": {
        "effect": "NOTHING",
        "rarity": "COMMON",
        "bonus": 0
      }
    },
    {
      "id": -1,
      "amount": 0,
      "slot": 0,
      "bonus": {
        "effect": "NOTHING",
        "rarity": "COMMON",
        "bonus": 0
      }
    },
    {
      "id": -1,
      "amount": 0,
      "slot": 0,
      "bonus": {
        "effect": "NOTHING",
        "rarity": "COMMON",
        "bonus": 0
      }
    },
    {
      "id": -1,
      "amount": 0,
      "slot": 0,
      "bonus": {
        "effect": "NOTHING",
        "rarity": "COMMON",
        "bonus": 0
      }
    },
    {
      "id": -1,
      "amount": 0,
      "slot": 0,
      "bonus": {
        "effect": "NOTHING",
        "rarity": "COMMON",
        "bonus": 0
      }
    },
    {
      "id": -1,
      "amount": 0,
      "slot": 0,
      "bonus": {
        "effect": "NOTHING",
        "rarity": "COMMON",
        "bonus": 0
      }
    },
    {
      "id": -1,
      "amount": 0,
      "slot": 0,
      "bonus": {
        "effect": "NOTHING",
        "rarity": "COMMON",
        "bonus": 0
      }
    },
    {
      "id": -1,
      "amount": 0,
      "slot": 0,
      "bonus": {
        "effect": "NOTHING",
        "rarity": "COMMON",
        "bonus": 0
      }
    },
    {
      "id": -1,
      "amount": 0,
      "slot": 0,
      "bonus": {
        "effect": "NOTHING",
        "rarity": "COMMON",
        "bonus": 0
      }
    },
    {
      "id": -1,
      "amount": 0,
      "slot": 0,
      "bonus": {
        "effect": "NOTHING",
        "rarity": "COMMON",
        "bonus": 0
      }
    }
  ],
  "hcimdungequipment": [
    {
      "id": -1,
      "amount": 0,
      "slot": 0,
      "bonus": {
        "effect": "NOTHING",
        "rarity": "COMMON",
        "bonus": 0
      }
    },
    {
      "id": -1,
      "amount": 0,
      "slot": 0,
      "bonus": {
        "effect": "NOTHING",
        "rarity": "COMMON",
        "bonus": 0
      }
    },
    {
      "id": -1,
      "amount": 0,
      "slot": 0,
      "bonus": {
        "effect": "NOTHING",
        "rarity": "COMMON",
        "bonus": 0
      }
    },
    {
      "id": -1,
      "amount": 0,
      "slot": 0,
      "bonus": {
        "effect": "NOTHING",
        "rarity": "COMMON",
        "bonus": 0
      }
    },
    {
      "id": -1,
      "amount": 0,
      "slot": 0,
      "bonus": {
        "effect": "NOTHING",
        "rarity": "COMMON",
        "bonus": 0
      }
    },
    {
      "id": -1,
      "amount": 0,
      "slot": 0,
      "bonus": {
        "effect": "NOTHING",
        "rarity": "COMMON",
        "bonus": 0
      }
    },
    {
      "id": -1,
      "amount": 0,
      "slot": 0,
      "bonus": {
        "effect": "NOTHING",
        "rarity": "COMMON",
        "bonus": 0
      }
    },
    {
      "id": -1,
      "amount": 0,
      "slot": 0,
      "bonus": {
        "effect": "NOTHING",
        "rarity": "COMMON",
        "bonus": 0
      }
    },
    {
      "id": -1,
      "amount": 0,
      "slot": 0,
      "bonus": {
        "effect": "NOTHING",
        "rarity": "COMMON",
        "bonus": 0
      }
    },
    {
      "id": -1,
      "amount": 0,
      "slot": 0,
      "bonus": {
        "effect": "NOTHING",
        "rarity": "COMMON",
        "bonus": 0
      }
    },
    {
      "id": -1,
      "amount": 0,
      "slot": 0,
      "bonus": {
        "effect": "NOTHING",
        "rarity": "COMMON",
        "bonus": 0
      }
    },
    {
      "id": -1,
      "amount": 0,
      "slot": 0,
      "bonus": {
        "effect": "NOTHING",
        "rarity": "COMMON",
        "bonus": 0
      }
    },
    {
      "id": -1,
      "amount": 0,
      "slot": 0,
      "bonus": {
        "effect": "NOTHING",
        "rarity": "COMMON",
        "bonus": 0
      }
    },
    {
      "id": -1,
      "amount": 0,
      "slot": 0,
      "bonus": {
        "effect": "NOTHING",
        "rarity": "COMMON",
        "bonus": 0
      }
    },
    {
      "id": -1,
      "amount": 0,
      "slot": 0,
      "bonus": {
        "effect": "NOTHING",
        "rarity": "COMMON",
        "bonus": 0
      }
    },
    {
      "id": -1,
      "amount": 0,
      "slot": 0,
      "bonus": {
        "effect": "NOTHING",
        "rarity": "COMMON",
        "bonus": 0
      }
    },
    {
      "id": -1,
      "amount": 0,
      "slot": 0,
      "bonus": {
        "effect": "NOTHING",
        "rarity": "COMMON",
        "bonus": 0
      }
    },
    {
      "id": -1,
      "amount": 0,
      "slot": 0,
      "bonus": {
        "effect": "NOTHING",
        "rarity": "COMMON",
        "bonus": 0
      }
    },
    {
      "id": -1,
      "amount": 0,
      "slot": 0,
      "bonus": {
        "effect": "NOTHING",
        "rarity": "COMMON",
        "bonus": 0
      }
    },
    {
      "id": -1,
      "amount": 0,
      "slot": 0,
      "bonus": {
        "effect": "NOTHING",
        "rarity": "COMMON",
        "bonus": 0
      }
    },
    {
      "id": -1,
      "amount": 0,
      "slot": 0,
      "bonus": {
        "effect": "NOTHING",
        "rarity": "COMMON",
        "bonus": 0
      }
    },
    {
      "id": -1,
      "amount": 0,
      "slot": 0,
      "bonus": {
        "effect": "NOTHING",
        "rarity": "COMMON",
        "bonus": 0
      }
    },
    {
      "id": -1,
      "amount": 0,
      "slot": 0,
      "bonus": {
        "effect": "NOTHING",
        "rarity": "COMMON",
        "bonus": 0
      }
    },
    {
      "id": -1,
      "amount": 0,
      "slot": 0,
      "bonus": {
        "effect": "NOTHING",
        "rarity": "COMMON",
        "bonus": 0
      }
    },
    {
      "id": -1,
      "amount": 0,
      "slot": 0,
      "bonus": {
        "effect": "NOTHING",
        "rarity": "COMMON",
        "bonus": 0
      }
    },
    {
      "id": -1,
      "amount": 0,
      "slot": 0,
      "bonus": {
        "effect": "NOTHING",
        "rarity": "COMMON",
        "bonus": 0
      }
    },
    {
      "id": -1,
      "amount": 0,
      "slot": 0,
      "bonus": {
        "effect": "NOTHING",
        "rarity": "COMMON",
        "bonus": 0
      }
    },
    {
      "id": -1,
      "amount": 0,
      "slot": 0,
      "bonus": {
        "effect": "NOTHING",
        "rarity": "COMMON",
        "bonus": 0
      }
    }
  ],
  "bonecrusheffect": true,
  "p-tps": [
    0,
    0,
    0,
    0
  ],
  "yell-tit": "null",
  "afkstall1": 0,
  "afkstall2": 0,
  "afkstall3": 0,
  "achievements-points": 0,
  "achievements-amount": [
    [
      0,
      2,
      100,
      100,
      100,
      250,
      250,
      250,
      0,
      20,
      120,
      0,
      0,
      58,
      112,
      100,
      5000,
      24,
      0,
      0,
      0,
      0,
      0,
      0,
      0,
      0,
      0,
      0,
      0,
      0,
      0,
      0,
      0,
      0,
      0,
      0,
      0,
      0,
      0,
      0,
      0,
      0,
      0,
      0,
      0,
      0,
      0,
      0,
      0,
      0,
      0,
      0,
      0,
      0,
      0,
      0,
      0,
      0,
      0,
      0,
      0,
      0,
      0,
      0,
      0,
      0,
      0,
      0,
      0,
      0,
      0,
      0,
      0,
      0,
      0,
      0,
      0,
      0,
      0,
      0,
      0,
      0,
      0,
      0,
      0,
      0,
      0,
      0,
      0,
      0,
      0,
      0,
      0,
      0,
      0,
      0,
      0,
      0,
      0,
      0
    ],
    [
      0,
      2,
      210,
      75,
      212,
      107,
      98,
      0,
      192,
      50,
      168,
      88,
      93,
      0,
      338,
      1000,
      6143,
      0,
      0,
      0,
      0,
      0,
      0,
      0,
      0,
      0,
      0,
      0,
      0,
      0,
      0,
      0,
      0,
      0,
      0,
      0,
      0,
      0,
      0,
      0,
      0,
      0,
      0,
      0,
      0,
      0,
      0,
      0,
      0,
      0,
      0,
      0,
      0,
      0,
      0,
      0,
      0,
      0,
      0,
      0,
      0,
      0,
      0,
      0,
      0,
      0,
      0,
      0,
      0,
      0,
      0,
      0,
      0,
      0,
      0,
      0,
      0,
      0,
      0,
      0,
      0,
      0,
      0,
      0,
      0,
      0,
      0,
      0,
      0,
      0,
      0,
      0,
      0,
      0,
      0,
      0,
      0,
      0,
      0,
      0
    ],
    [
      0,
      2,
      0,
      0,
      116,
      0,
      0,
      87,
      0,
      57,
      0,
      0,
      0,
      0,
      0,
      0,
      10000,
      6143,
      0,
      0,
      0,
      0,
      0,
      0,
      0,
      0,
      0,
      0,
      0,
      0,
      0,
      0,
      0,
      0,
      0,
      0,
      0,
      0,
      0,
      0,
      0,
      0,
      0,
      0,
      0,
      0,
      0,
      0,
      0,
      0,
      0,
      0,
      0,
      0,
      0,
      0,
      0,
      0,
      0,
      0,
      0,
      0,
      0,
      0,
      0,
      0,
      0,
      0,
      0,
      0,
      0,
      0,
      0,
      0,
      0,
      0,
      0,
      0,
      0,
      0,
      0,
      0,
      0,
      0,
      0,
      0,
      0,
      0,
      0,
      0,
      0,
      0,
      0,
      0,
      0,
      0,
      0,
      0,
      0,
      0
    ],
    [
      0,
      0,
      0,
      0,
      0,
      0,
      0,
      0,
      0,
      0,
      0,
      0,
      0,
      0,
      0,
      0,
      0,
      0,
      0,
      0,
      0,
      0,
      0,
      0,
      0,
      0,
      0,
      0,
      0,
      0,
      0,
      0,
      0,
      0,
      0,
      0,
      0,
      0,
      0,
      0,
      0,
      0,
      0,
      0,
      0,
      0,
      0,
      0,
      0,
      0,
      0,
      0,
      0,
      0,
      0,
      0,
      0,
      0,
      0,
      0,
      0,
      0,
      0,
      0,
      0,
      0,
      0,
      0,
      0,
      0,
      0,
      0,
      0,
      0,
      0,
      0,
      0,
      0,
      0,
      0,
      0,
      0,
      0,
      0,
      0,
      0,
      0,
      0,
      0,
      0,
      0,
      0,
      0,
      0,
      0,
      0,
      0,
      0,
      0,
      0
    ]
  ],
  "achievements-completed": [
    [
      false,
      false,
      true,
      false,
      true,
      true,
      true,
      true,
      false,
      true,
      false,
      false,
      false,
      false,
      false,
      true,
      true,
      false,
      false,
      false,
      false,
      false,
      false,
      false,
      false,
      false,
      false,
      false,
      false,
      false,
      false,
      false,
      false,
      false,
      false,
      false,
      false,
      false,
      false,
      false,
      false,
      false,
      false,
      false,
      false,
      false,
      false,
      false,
      false,
      false,
      false,
      false,
      false,
      false,
      false,
      false,
      false,
      false,
      false,
      false,
      false,
      false,
      false,
      false,
      false,
      false,
      false,
      false,
      false,
      false,
      false,
      false,
      false,
      false,
      false,
      false,
      false,
      false,
      false,
      false,
      false,
      false,
      false,
      false,
      false,
      false,
      false,
      false,
      false,
      false,
      false,
      false,
      false,
      false,
      false,
      false,
      false,
      false,
      false,
      false
    ],
    [
      false,
      false,
      false,
      false,
      false,
      false,
      false,
      false,
      false,
      false,
      false,
      false,
      false,
      false,
      false,
      true,
      false,
      false,
      false,
      false,
      false,
      false,
      false,
      false,
      false,
      false,
      false,
      false,
      false,
      false,
      false,
      false,
      false,
      false,
      false,
      false,
      false,
      false,
      false,
      false,
      false,
      false,
      false,
      false,
      false,
      false,
      false,
      false,
      false,
      false,
      false,
      false,
      false,
      false,
      false,
      false,
      false,
      false,
      false,
      false,
      false,
      false,
      false,
      false,
      false,
      false,
      false,
      false,
      false,
      false,
      false,
      false,
      false,
      false,
      false,
      false,
      false,
      false,
      false,
      false,
      false,
      false,
      false,
      false,
      false,
      false,
      false,
      false,
      false,
      false,
      false,
      false,
      false,
      false,
      false,
      false,
      false,
      false,
      false,
      false
    ],
    [
      false,
      false,
      false,
      false,
      false,
      false,
      false,
      false,
      false,
      false,
      false,
      false,
      false,
      false,
      false,
      false,
      true,
      false,
      false,
      false,
      false,
      false,
      false,
      false,
      false,
      false,
      false,
      false,
      false,
      false,
      false,
      false,
      false,
      false,
      false,
      false,
      false,
      false,
      false,
      false,
      false,
      false,
      false,
      false,
      false,
      false,
      false,
      false,
      false,
      false,
      false,
      false,
      false,
      false,
      false,
      false,
      false,
      false,
      false,
      false,
      false,
      false,
      false,
      false,
      false,
      false,
      false,
      false,
      false,
      false,
      false,
      false,
      false,
      false,
      false,
      false,
      false,
      false,
      false,
      false,
      false,
      false,
      false,
      false,
      false,
      false,
      false,
      false,
      false,
      false,
      false,
      false,
      false,
      false,
      false,
      false,
      false,
      false,
      false,
      false
    ],
    [
      false,
      false,
      false,
      false,
      false,
      false,
      false,
      false,
      false,
      false,
      false,
      false,
      false,
      false,
      false,
      false,
      false,
      false,
      false,
      false,
      false,
      false,
      false,
      false,
      false,
      false,
      false,
      false,
      false,
      false,
      false,
      false,
      false,
      false,
      false,
      false,
      false,
      false,
      false,
      false,
      false,
      false,
      false,
      false,
      false,
      false,
      false,
      false,
      false,
      false,
      false,
      false,
      false,
      false,
      false,
      false,
      false,
      false,
      false,
      false,
      false,
      false,
      false,
      false,
      false,
      false,
      false,
      false,
      false,
      false,
      false,
      false,
      false,
      false,
      false,
      false,
      false,
      false,
      false,
      false,
      false,
      false,
      false,
      false,
      false,
      false,
      false,
      false,
      false,
      false,
      false,
      false,
      false,
      false,
      false,
      false,
      false,
      false,
      false,
      false
    ]
  ],
  "achievements-daily": 404,
  "progression-zones": [
    10,
    20,
    30,
    40,
    53
  ],
  "zones-complete": [
    true,
    true,
    true,
    true,
    true
  ],
  "gamble-banned": false,
  "lucifers-unlocked": false,
  "dark-supremes-unlocked": false,
  "currency-pouch": {
    "upgradeTokens": 0,
    "pvmTickets": 0,
    "afkTickets": 0,
    "slayerTickets": 0,
    "voteScrolls": 0,
    "petFragments": 0,
    "instanceTokens": 0,
    "goldCharms": 0,
    "greenCharms": 0,
    "crimsonCharms": 0,
    "blueCharms": 0
  },
  "lastTGloveIndex": -1,
  "group-ironman-locked": false,
  "lastInstanceNpc": 9806,
  "daily-task": {},
  "collectionlog-rewards": {
    "9024": {
      "canClaim": false,
      "hasClaimed": false
    },
    "9025": {
      "canClaim": false,
      "hasClaimed": false
    },
    "8002": {
      "canClaim": false,
      "hasClaimed": false
    },
    "9026": {
      "canClaim": false,
      "hasClaimed": false
    },
    "9922": {
      "canClaim": false,
      "hasClaimed": false
    },
    "8003": {
      "canClaim": false,
      "hasClaimed": false
    },
    "9027": {
      "canClaim": false,
      "hasClaimed": false
    },
    "9028": {
      "canClaim": true,
      "hasClaimed": true
    },
    "9029": {
      "canClaim": true,
      "hasClaimed": false
    },
    "9030": {
      "canClaim": true,
      "hasClaimed": true
    },
    "8008": {
      "canClaim": false,
      "hasClaimed": false
    },
    "202": {
      "canClaim": false,
      "hasClaimed": false
    },
    "587": {
      "canClaim": false,
      "hasClaimed": false
    },
    "8013": {
      "canClaim": false,
      "hasClaimed": false
    },
    "9806": {
      "canClaim": false,
      "hasClaimed": false
    },
    "8014": {
      "canClaim": true,
      "hasClaimed": true
    },
    "9807": {
      "canClaim": true,
      "hasClaimed": false
    },
    "9815": {
      "canClaim": false,
      "hasClaimed": false
    },
    "92": {
      "canClaim": false,
      "hasClaimed": false
    },
    "6692": {
      "canClaim": true,
      "hasClaimed": true
    },
    "2342": {
      "canClaim": false,
      "hasClaimed": false
    },
    "9835": {
      "canClaim": false,
      "hasClaimed": false
    },
    "9836": {
      "canClaim": false,
      "hasClaimed": false
    },
    "9837": {
      "canClaim": false,
      "hasClaimed": false
    },
    "9838": {
      "canClaim": true,
      "hasClaimed": false
    },
    "9904": {
      "canClaim": false,
      "hasClaimed": false
    },
    "3313": {
      "canClaim": false,
      "hasClaimed": false
    },
    "1906": {
      "canClaim": false,
      "hasClaimed": false
    },
    "9906": {
      "canClaim": false,
      "hasClaimed": false
    },
    "9907": {
      "canClaim": false,
      "hasClaimed": false
    },
    "9908": {
      "canClaim": false,
      "hasClaimed": false
    },
    "9845": {
      "canClaim": true,
      "hasClaimed": false
    },
    "9910": {
      "canClaim": false,
      "hasClaimed": false
    },
    "3831": {
      "canClaim": false,
      "hasClaimed": false
    },
    "9911": {
      "canClaim": false,
      "hasClaimed": false
    },
    "9914": {
      "canClaim": false,
      "hasClaimed": false
    },
    "9916": {
      "canClaim": false,
      "hasClaimed": false
    },
    "9918": {
      "canClaim": false,
      "hasClaimed": false
    }
  },
  "daily-skips": 3,
  "dailies-done": 0,
  "level-notifications": true,
  "dailies-received-times": [
    -1,
    -1,
    -1
  ],
  "favorite-teleports": [],
  "obtained-pets": [],
  "battlepass-xp": 0,
  "battlepass-premium": false,
  "mini-me-equipment": [
    null,
    null,
    null,
    null,
    null,
    null,
    null,
    null,
    null,
    null,
    null,
    null,
    null,
    null
  ],
  "drystreak": {
    "9024": 168,
    "9025": 112,
    "8002": 87,
    "9026": 129,
    "9922": 2,
    "8003": 16,
    "9027": 0,
    "9028": 8,
    "9029": 25,
    "9030": 3,
    "8008": 107,
    "202": 33,
    "587": 0,
    "8013": 0,
    "9806": 116,
    "8014": 6,
    "9807": 2,
    "9815": 6,
    "92": 75,
    "6692": 9,
    "2342": 192,
    "9835": 7,
    "9836": 60,
    "9837": 10,
    "9838": 2,
    "9904": 0,
    "3313": 6,
    "1906": 98,
    "9906": 0,
    "9907": 0,
    "9908": 0,
    "9845": 3,
    "9910": 9,
    "3831": 58,
    "9911": 2,
    "9914": 69,
    "9916": 88,
    "9918": 93
  },
  "boost": 0,
  "slot-level": 0,
  "sp-season": 1,
  "sp-premium": false,
  "sp-level": 3,
  "sp-exp": 1200,
  "sp-rewards": [
    true,
    true,
    false,
    false,
    false,
    false,
    false,
    false,
    false,
    false,
    false,
    false,
    false,
    false,
    false,
    false,
    false,
    false,
    false,
    false,
    false,
    false,
    false,
    false,
    false,
    false,
    false,
    false,
    false,
    false,
    false,
    false,
    false,
    false,
    false,
    false,
    false,
    false,
    false,
    false,
    false,
    false,
    false,
    false,
    false,
    false,
    false,
    false,
    false,
    false,
    false,
    false,
    false,
    false,
    false,
    false,
    false,
    false,
    false,
    false,
    false,
    false,
    false,
    false,
    false,
    false,
    false,
    false,
    false,
    false,
    false,
    false,
    false,
    false,
    false,
    false,
    false,
    false,
    false,
    false,
    false,
    false,
    false,
    false,
    false,
    false,
    false,
    false,
    false,
    false,
    false,
    false,
    false,
    false,
    false,
    false,
    false,
    false
  ],
  "dropMessage": true
}