{
  "shop": [
    {
      "id": 3082,
      "amount": 2,
      "maxAmount": 2,
      "price": 1900000,
      "effect": "NOTHING",
      "bonus": 0
    },
    {
      "id": 19888,
      "amount": 1,
      "maxAmount": 1,
      "price": 3000000,
      "effect": "DOUBLE_DROP",
      "bonus": 20
    },
    {
      "id": 23123,
      "amount": 3,
      "maxAmount": 3,
      "price": 3000000,
      "effect": "NOTHING",
      "bonus": 0
    },
    {
      "id": 22135,
      "amount": 1,
      "maxAmount": 3,
      "price": 5500000,
      "effect": "AOE_EFFECT",
      "bonus": 1
    },
    null,
    null,
    null,
    null,
    null,
    null,
    null,
    null,
    null,
    null,
    null,
    null,
    null,
    null,
    null,
    null,
    null,
    null,
    null,
    null,
    null,
    null,
    null,
    null,
    null,
    null,
    null,
    null
  ],
  "earnings": 10748800
}