{
  "shop": [
    {
      "id": 3090,
      "amount": 1,
      "maxAmount": 1,
      "price": 290000,
      "effect": "NOTHING",
      "bonus": 0
    },
    {
      "id": 3086,
      "amount": 1,
      "maxAmount": 1,
      "price": 1850000,
      "effect": "NOTHING",
      "bonus": 0
    },
    {
      "id": 19886,
      "amount": 1,
      "maxAmount": 1,
      "price": 1000000,
      "effect": "NOTHING",
      "bonus": 0
    },
    null,
    null,
    null,
    null,
    null,
    null,
    null,
    null,
    null,
    null,
    null,
    null,
    null,
    null,
    null,
    null,
    null,
    null,
    null,
    null,
    null,
    null,
    null,
    null,
    null,
    null,
    null,
    null,
    null
  ],
  "earnings": 0
}