{
  "shop": [
    {
      "id": 3082,
      "amount": 2,
      "maxAmount": 2,
      "price": 3000000,
      "effect": "NOTHING",
      "bonus": 0
    },
    {
      "id": 12843,
      "amount": 1,
      "maxAmount": 1,
      "price": 42000000,
      "effect": "AOE_EFFECT",
      "bonus": 1
    },
    null,
    null,
    null,
    null,
    null,
    null,
    null,
    null,
    null,
    null,
    null,
    null,
    null,
    null,
    null,
    null,
    null,
    null,
    null,
    null,
    null,
    null,
    null,
    null,
    null,
    null,
    null,
    null,
    null,
    null
  ],
  "earnings": 0
}