{
  "shop": [
    {
      "id": 19886,
      "amount": 1,
      "maxAmount": 1,
      "price": 1500000,
      "effect": "NOTHING",
      "bonus": 0
    },
    {
      "id": 15645,
      "amount": 1,
      "maxAmount": 1,
      "price": 600000,
      "effect": "ALL_DAMAGE_HIGH",
      "bonus": 3
    },
    {
      "id": 19481,
      "amount": 12,
      "maxAmount": 12,
      "price": 50000,
      "effect": "NOTHING",
      "bonus": 0
    },
    {
      "id": 2381,
      "amount": 1,
      "maxAmount": 1,
      "price": 2700000,
      "effect": "NOTHING",
      "bonus": 0
    },
    {
      "id": 2382,
      "amount": 4,
      "maxAmount": 4,
      "price": 3000000,
      "effect": "NOTHING",
      "bonus": 0
    },
    null,
    null,
    null,
    null,
    null,
    null,
    null,
    null,
    null,
    null,
    null,
    null,
    null,
    null,
    null,
    null,
    null,
    null,
    null,
    null,
    null,
    null,
    null,
    null,
    null,
    null,
    null
  ],
  "earnings": 0
}