{
  "shop": [
    {
      "id": 3092,
      "amount": 2,
      "maxAmount": 2,
      "price": 3500000,
      "effect": "NOTHING",
      "bonus": 0
    },
    {
      "id": 19888,
      "amount": 1,
      "maxAmount": 1,
      "price": 3500000,
      "effect": "NOTHING",
      "bonus": 0
    },
    {
      "id": 2383,
      "amount": 10,
      "maxAmount": 10,
      "price": 5000000,
      "effect": "NOTHING",
      "bonus": 0
    },
    {
      "id": 17542,
      "amount": 4,
      "maxAmount": 4,
      "price": 6000000,
      "effect": "NOTHING",
      "bonus": 0
    },
    {
      "id": 1050,
      "amount": 1,
      "maxAmount": 1,
      "price": 5000000,
      "effect": "NOTHING",
      "bonus": 0
    },
    null,
    null,
    null,
    null,
    null,
    null,
    null,
    null,
    null,
    null,
    null,
    null,
    null,
    null,
    null,
    null,
    null,
    null,
    null,
    null,
    null,
    null,
    null,
    null,
    null,
    null,
    null
  ],
  "earnings": 19000000
}