{
  "shop": [
    {
      "id": 19481,
      "amount": 8,
      "maxAmount": 8,
      "price": 8000,
      "effect": "NOTHING",
      "bonus": 0
    },
    {
      "id": 15647,
      "amount": 1,
      "maxAmount": 1,
      "price": 500000,
      "effect": "DROP_RATE_LOW",
      "bonus": 15
    },
    {
      "id": 15647,
      "amount": 1,
      "maxAmount": 1,
      "price": 500000,
      "effect": "MAGIC_DAMAGE",
      "bonus": 1
    },
    {
      "id": 15646,
      "amount": 1,
      "maxAmount": 1,
      "price": 300000,
      "effect": "DROP_RATE_LOW",
      "bonus": 6
    },
    {
      "id": 22135,
      "amount": 1,
      "maxAmount": 1,
      "price": 300000,
      "effect": "DROP_RATE_LOW",
      "bonus": 11
    },
    null,
    null,
    null,
    null,
    null,
    null,
    null,
    null,
    null,
    null,
    null,
    null,
    null,
    null,
    null,
    null,
    null,
    null,
    null,
    null,
    null,
    null,
    null,
    null,
    null,
    null,
    null
  ],
  "earnings": 0
}