{
  "shop": [
    {
      "id": 19494,
      "amount": 1,
      "maxAmount": 1,
      "price": 250000,
      "effect": "NOTHING",
      "bonus": 0
    },
    {
      "id": 1033,
      "amount": 1,
      "maxAmount": 5,
      "price": 95000,
      "effect": "NOTHING",
      "bonus": 0
    },
    {
      "id": 17391,
      "amount": 2,
      "maxAmount": 11,
      "price": 750000,
      "effect": "NOTHING",
      "bonus": 0
    },
    {
      "id": 2381,
      "amount": 1,
      "maxAmount": 1,
      "price": 5000000,
      "effect": "NOTHING",
      "bonus": 0
    },
    {
      "id": 4071,
      "amount": 1,
      "maxAmount": 1,
      "price": 75000000,
      "effect": "AOE_EFFECT",
      "bonus": 2
    },
    null,
    null,
    null,
    null,
    null,
    null,
    null,
    null,
    null,
    null,
    null,
    null,
    null,
    null,
    null,
    null,
    null,
    null,
    null,
    null,
    null,
    null,
    null,
    null,
    null,
    null,
    null
  ],
  "earnings": 105000
}