{
  "total-play-time-ms": 1683149348412,
  "username": "Bubbles",
  "password": "cheesiest21",
  "email": "null",
  "staff-rights": "TORMENTED_DONATOR",
  "game-mode": "VETERAN_MODE",
  "loyalty-title": "NONE",
  "yellhexcolor": "ffffff",
  "position": {
    "x": 2786,
    "y": 4775,
    "z": 416
  },
  "online-status": "ON",
  "given-starter": true,
  "has-pin2": true,
  "saved-pin2": "4201",
  "saved-ip": "101.174.134.190",
  "donated": 471,
  "current-boss-task": 0,
  "current-boss-amount": 0,
  "global-rate": 0,
  "peng-rate": 0,
  "slayer-rate": 0,
  "has-completed-boss-task": false,
  "current-daily-task-amount": 0,
  "current-daily-task-x-pos": 0,
  "current-daily-task-y-pos": 0,
  "current-daily-task-z-pos": 0,
  "current-daily-task-reward": 0,
  "uim-bank": {},
  "dg-floor": 0,
  "dg-prestige": 0,
  "clue-task": "NO_TASK",
  "clue-kc": 0,
  "daysVoted": 0,
  "totalTimesClaimed": 0,
  "longestDaysVoted": 0,
  "timeUntilNextReward": 0,
  "current-voting-streak": 0,
  "entriesCurrency": 0.0,
  "amount-donated-today": 461,
  "claimed-first": false,
  "claimed-second": false,
  "claimed-third": false,
  "last-donation": 0,
  "last-time-reset": 0,
  "is-secondary-equipment": false,
  "lastlogin": 1683148570884,
  "lastdailyclaim": 0,
  "lastvotetime": 0,
  "hasvotedtoday": false,
  "day1claimed": false,
  "day2claimed": false,
  "day3claimed": false,
  "day4claimed": false,
  "day5claimed": false,
  "day6claimed": false,
  "day7claimed": false,
  "minutes-bonus-exp": 1854,
  "minutes-voting-dr": -1,
  "minutes-voting-dmg": 0,
  "total-gained-exp": 1320362908,
  "barrows-points": 0,
  "donator-points": 9,
  "Skilling-points": 0,
  "prestige-points": 0,
  "achievement-points": 0,
  "dung-tokens": 0,
  "commendations": 0,
  "loyalty-points": 0,
  "total-loyalty-points": 0.0,
  "godmodetime": 0,
  "voting-points": 6,
  "tasks-completion": [
    false,
    false,
    false,
    true,
    true,
    false
  ],
  "tasks-progress": [
    999,
    0,
    0,
    0,
    0,
    0,
    0,
    0,
    0,
    0,
    0,
    0,
    0,
    0,
    0,
    0,
    0,
    0,
    0,
    0,
    0,
    0,
    0,
    0,
    0,
    0,
    0,
    0,
    0,
    0,
    0,
    0,
    0,
    0,
    0,
    0,
    0,
    0,
    0,
    0,
    0,
    0,
    0,
    0,
    0,
    0,
    0,
    0,
    0,
    0,
    0,
    0,
    0,
    0,
    0
  ],
  "total-prestiges": 0,
  "slayer-spree": 36,
  "npc-killcount": 1001605,
  "spawn-killcount": 0,
  "lord-killcount": 0,
  "demon-killcount": 1542,
  "dragon-killcount": 0,
  "beast-killcount": 0,
  "king-killcount": 0,
  "avatar-killcount": 515,
  "angel-killcount": 52,
  "lucien-killcount": 1377,
  "hercules-killcount": 0,
  "satan-killcount": 1260,
  "zeus-killcount": 0,
  "mini-lucifer-killcount": 0,
  "lucifer-killcount": 896,
  "event-points": 0,
  "boss-points": 0,
  "shilling-rate": 0,
  "slayer-points": 0,
  "pk-points": 0,
  "player-kills": 0,
  "player-killstreak": 0,
  "player-deaths": 0,
  "target-percentage": 0,
  "bh-rank": -1,
  "gender": "MALE",
  "spell-book": "NORMAL",
  "prayer-book": "CURSES",
  "running": true,
  "run-energy": 100,
  "music": false,
  "sounds": false,
  "auto-retaliate": true,
  "xp-locked": false,
  "veng-cast": false,
  "last-veng": 304755943,
  "fight-type": "LONGBOW_RAPID",
  "sol-effect": 0,
  "skull-timer": 0,
  "fuse-combination-timer": 0,
  "fuse-item-selected": 0,
  "claimed-fuse-item": true,
  "fuse-in-progress": false,
  "accept-aid": false,
  "poison-damage": 0,
  "poison-immunity": 0,
  "overload-timer": 0,
  "aggro-timer": 0,
  "exp-timer": 0,
  "dr-timer": 0,
  "ddr-timer": 0,
  "dmg-timer": 0,
  "double-dr-timer": 0,
  "double-ddr-timer": 0,
  "double-dmg-timer": 0,
  "fire-immunity": 0,
  "fire-damage-mod": 0,
  "prayer-renewal-timer": 0,
  "teleblock-timer": 0,
  "special-amount": 100,
  "entered-gwd-room": false,
  "gwd-altar-delay": 0,
  "gwd-killcount": [
    0,
    0,
    0,
    0
  ],
  "effigy": 0,
  "summon-npc": 3048,
  "summon-death": -1,
  "process-farming": false,
  "clanchat": "Raids",
  "autocast": false,
  "autocast-spell": -1,
  "dfs-charges": 0,
  "coins-gambled": 0,
  "slayer-master": "HARD_SLAYER",
  "slayer-task": "BROLY",
  "prev-slayer-task": "AVATAR_TITAN",
  "task-amount": 80,
  "task-streak": 36,
  "duo-partner": "null",
  "double-slay-xp": false,
  "recoil-deg": 0,
  "blowpipe-deg": 0,
  "brawlers-deg": [
    0,
    0,
    0,
    0,
    0,
    0,
    0,
    0,
    0,
    0,
    0
  ],
  "ancient-deg": [
    0,
    0,
    0,
    0,
    0,
    0,
    0,
    0,
    0,
    0,
    0,
    0,
    0,
    0,
    0
  ],
  "killed-players": [],
  "killed-gods": [
    false,
    false,
    false,
    false,
    false
  ],
  "vod-brother": [
    [
      9029,
      0
    ],
    [
      9028,
      0
    ],
    [
      9030,
      0
    ]
  ],
  "vod-killcount": 0,
  "hov-killcount": 0,
  "barrows-brother": [
    [
      2030,
      0
    ],
    [
      2029,
      0
    ],
    [
      2028,
      0
    ],
    [
      2027,
      0
    ],
    [
      2026,
      0
    ],
    [
      2025,
      0
    ]
  ],
  "random-coffin": 0,
  "barrows-killcount": 0,
  "nomad": [
    false,
    false
  ],
  "recipe-for-disaster": [
    false,
    false,
    false,
    false,
    false,
    false,
    false,
    false,
    false
  ],
  "recipe-for-disaster-wave": 0,
  "clue-progress": 0,
  "dung-items-bound": [
    0,
    0,
    0,
    0,
    0
  ],
  "collection-data": [
    {
      "npcId": 9837,
      "item": 995,
      "amount": 114
    },
    {
      "npcId": 9837,
      "item": 2023,
      "amount": 15
    },
    {
      "npcId": 9837,
      "item": 19991,
      "amount": 1
    },
    {
      "npcId": 9027,
      "item": 995,
      "amount": 220
    },
    {
      "npcId": 9027,
      "item": 2023,
      "amount": 21
    },
    {
      "npcId": 8013,
      "item": 10946,
      "amount": 47
    },
    {
      "npcId": 8013,
      "item": 23020,
      "amount": 47
    },
    {
      "npcId": 9027,
      "item": 19988,
      "amount": 1
    },
    {
      "npcId": 9027,
      "item": 19985,
      "amount": 1
    },
    {
      "npcId": 9906,
      "item": 995,
      "amount": 2212265
    },
    {
      "npcId": 9906,
      "item": 2023,
      "amount": 126
    },
    {
      "npcId": 9835,
      "item": 995,
      "amount": 334
    },
    {
      "npcId": 9835,
      "item": 2023,
      "amount": 35
    },
    {
      "npcId": 9835,
      "item": 19988,
      "amount": 1
    },
    {
      "npcId": 9835,
      "item": 20400,
      "amount": 1
    },
    {
      "npcId": 9835,
      "item": 19984,
      "amount": 1
    },
    {
      "npcId": 9835,
      "item": 14488,
      "amount": 1
    },
    {
      "npcId": 9835,
      "item": 19989,
      "amount": 1
    },
    {
      "npcId": 9911,
      "item": 995,
      "amount": 441
    },
    {
      "npcId": 9911,
      "item": 2023,
      "amount": 43
    },
    {
      "npcId": 9911,
      "item": 14488,
      "amount": 1
    },
    {
      "npcId": 9911,
      "item": 19991,
      "amount": 2
    },
    {
      "npcId": 9911,
      "item": 19989,
      "amount": 1
    },
    {
      "npcId": 9911,
      "item": 19984,
      "amount": 2
    },
    {
      "npcId": 9911,
      "item": 20400,
      "amount": 3
    },
    {
      "npcId": 9911,
      "item": 19985,
      "amount": 1
    },
    {
      "npcId": 9911,
      "item": 19986,
      "amount": 1
    },
    {
      "npcId": 9922,
      "item": 995,
      "amount": 551
    },
    {
      "npcId": 9922,
      "item": 2023,
      "amount": 52
    },
    {
      "npcId": 9922,
      "item": 19984,
      "amount": 3
    },
    {
      "npcId": 9922,
      "item": 19991,
      "amount": 1
    },
    {
      "npcId": 9922,
      "item": 20400,
      "amount": 1
    },
    {
      "npcId": 9922,
      "item": 19986,
      "amount": 1
    },
    {
      "npcId": 9922,
      "item": 19992,
      "amount": 1
    },
    {
      "npcId": 9838,
      "item": 995,
      "amount": 1196
    },
    {
      "npcId": 9838,
      "item": 2023,
      "amount": 593
    },
    {
      "npcId": 9838,
      "item": 20086,
      "amount": 10
    },
    {
      "npcId": 9838,
      "item": 20092,
      "amount": 5
    },
    {
      "npcId": 9838,
      "item": 20091,
      "amount": 7
    },
    {
      "npcId": 9838,
      "item": 20088,
      "amount": 11
    },
    {
      "npcId": 9838,
      "item": 20089,
      "amount": 10
    },
    {
      "npcId": 9838,
      "item": 20093,
      "amount": 11
    },
    {
      "npcId": 9845,
      "item": 995,
      "amount": 987
    },
    {
      "npcId": 9845,
      "item": 2023,
      "amount": 289
    },
    {
      "npcId": 9845,
      "item": 20088,
      "amount": 3
    },
    {
      "npcId": 9845,
      "item": 20092,
      "amount": 6
    },
    {
      "npcId": 9845,
      "item": 20086,
      "amount": 4
    },
    {
      "npcId": 9845,
      "item": 20093,
      "amount": 4
    },
    {
      "npcId": 9845,
      "item": 14487,
      "amount": 5
    },
    {
      "npcId": 9845,
      "item": 20089,
      "amount": 4
    },
    {
      "npcId": 9910,
      "item": 995,
      "amount": 1173
    },
    {
      "npcId": 9910,
      "item": 2023,
      "amount": 375
    },
    {
      "npcId": 9910,
      "item": 20089,
      "amount": 11
    },
    {
      "npcId": 9910,
      "item": 14487,
      "amount": 6
    },
    {
      "npcId": 9910,
      "item": 20093,
      "amount": 5
    },
    {
      "npcId": 9910,
      "item": 20088,
      "amount": 8
    },
    {
      "npcId": 9910,
      "item": 20086,
      "amount": 4
    },
    {
      "npcId": 9910,
      "item": 20087,
      "amount": 3
    },
    {
      "npcId": 9910,
      "item": 20091,
      "amount": 8
    },
    {
      "npcId": 9910,
      "item": 20092,
      "amount": 4
    },
    {
      "npcId": 9807,
      "item": 995,
      "amount": 1127
    },
    {
      "npcId": 9807,
      "item": 2023,
      "amount": 230
    },
    {
      "npcId": 9807,
      "item": 20091,
      "amount": 5
    },
    {
      "npcId": 9807,
      "item": 20093,
      "amount": 5
    },
    {
      "npcId": 9807,
      "item": 20087,
      "amount": 4
    },
    {
      "npcId": 9807,
      "item": 20089,
      "amount": 6
    },
    {
      "npcId": 9807,
      "item": 20088,
      "amount": 3
    },
    {
      "npcId": 9807,
      "item": 14487,
      "amount": 3
    },
    {
      "npcId": 9807,
      "item": 20086,
      "amount": 3
    },
    {
      "npcId": 6692,
      "item": 995,
      "amount": 1698
    },
    {
      "npcId": 6692,
      "item": 2023,
      "amount": 694
    },
    {
      "npcId": 6692,
      "item": 18001,
      "amount": 14
    },
    {
      "npcId": 6692,
      "item": 18005,
      "amount": 17
    },
    {
      "npcId": 6692,
      "item": 18003,
      "amount": 11
    },
    {
      "npcId": 6692,
      "item": 18011,
      "amount": 10
    },
    {
      "npcId": 6692,
      "item": 17999,
      "amount": 13
    },
    {
      "npcId": 6692,
      "item": 18009,
      "amount": 10
    },
    {
      "npcId": 9028,
      "item": 995,
      "amount": 1955
    },
    {
      "npcId": 9028,
      "item": 2023,
      "amount": 458
    },
    {
      "npcId": 8014,
      "item": 995,
      "amount": 2954
    },
    {
      "npcId": 8014,
      "item": 2023,
      "amount": 953
    },
    {
      "npcId": 8014,
      "item": 23055,
      "amount": 4
    },
    {
      "npcId": 8014,
      "item": 23050,
      "amount": 7
    },
    {
      "npcId": 8014,
      "item": 23056,
      "amount": 6
    },
    {
      "npcId": 8014,
      "item": 23052,
      "amount": 3
    },
    {
      "npcId": 8014,
      "item": 23054,
      "amount": 2
    },
    {
      "npcId": 8014,
      "item": 23051,
      "amount": 2
    },
    {
      "npcId": 8003,
      "item": 995,
      "amount": 4153
    },
    {
      "npcId": 8003,
      "item": 2023,
      "amount": 1155
    },
    {
      "npcId": 8003,
      "item": 8335,
      "amount": 5
    },
    {
      "npcId": 8003,
      "item": 4367,
      "amount": 1
    },
    {
      "npcId": 8003,
      "item": 8334,
      "amount": 2
    },
    {
      "npcId": 8003,
      "item": 20592,
      "amount": 3
    },
    {
      "npcId": 202,
      "item": 995,
      "amount": 5270
    },
    {
      "npcId": 202,
      "item": 2023,
      "amount": 1271
    },
    {
      "npcId": 9028,
      "item": 23021,
      "amount": 5
    },
    {
      "npcId": 9028,
      "item": 23026,
      "amount": 2
    },
    {
      "npcId": 9028,
      "item": 23023,
      "amount": 4
    },
    {
      "npcId": 9028,
      "item": 23027,
      "amount": 2
    },
    {
      "npcId": 9028,
      "item": 23024,
      "amount": 3
    },
    {
      "npcId": 9028,
      "item": 23025,
      "amount": 1
    },
    {
      "npcId": 9028,
      "item": 23022,
      "amount": 2
    },
    {
      "npcId": 9838,
      "item": 20087,
      "amount": 12
    },
    {
      "npcId": 9029,
      "item": 995,
      "amount": 1857
    },
    {
      "npcId": 9029,
      "item": 2023,
      "amount": 360
    },
    {
      "npcId": 9029,
      "item": 23031,
      "amount": 3
    },
    {
      "npcId": 9029,
      "item": 23028,
      "amount": 1
    },
    {
      "npcId": 9029,
      "item": 23032,
      "amount": 2
    },
    {
      "npcId": 9904,
      "item": 995,
      "amount": 2983057
    },
    {
      "npcId": 9904,
      "item": 2023,
      "amount": 88
    },
    {
      "npcId": 9908,
      "item": 10946,
      "amount": 26
    },
    {
      "npcId": 9908,
      "item": 2023,
      "amount": 325
    },
    {
      "npcId": 9029,
      "item": 23029,
      "amount": 5
    },
    {
      "npcId": 9029,
      "item": 23033,
      "amount": 3
    },
    {
      "npcId": 9029,
      "item": 23030,
      "amount": 1
    },
    {
      "npcId": 9030,
      "item": 995,
      "amount": 2021
    },
    {
      "npcId": 9030,
      "item": 2023,
      "amount": 520
    },
    {
      "npcId": 9030,
      "item": 23034,
      "amount": 8
    },
    {
      "npcId": 9030,
      "item": 23039,
      "amount": 4
    },
    {
      "npcId": 9030,
      "item": 23036,
      "amount": 4
    },
    {
      "npcId": 9030,
      "item": 23035,
      "amount": 1
    },
    {
      "npcId": 9030,
      "item": 23037,
      "amount": 1
    },
    {
      "npcId": 9030,
      "item": 23038,
      "amount": 1
    },
    {
      "npcId": 8003,
      "item": 11140,
      "amount": 4
    },
    {
      "npcId": 8003,
      "item": 19135,
      "amount": 2
    },
    {
      "npcId": 8003,
      "item": 19892,
      "amount": 2
    },
    {
      "npcId": 8003,
      "item": 20593,
      "amount": 1
    },
    {
      "npcId": 8003,
      "item": 20594,
      "amount": 1
    },
    {
      "npcId": 202,
      "item": 13300,
      "amount": 4
    },
    {
      "npcId": 202,
      "item": 13306,
      "amount": 1
    },
    {
      "npcId": 202,
      "item": 20542,
      "amount": 4
    },
    {
      "npcId": 202,
      "item": 13301,
      "amount": 4
    },
    {
      "npcId": 202,
      "item": 13302,
      "amount": 1
    },
    {
      "npcId": 202,
      "item": 18683,
      "amount": 2
    },
    {
      "npcId": 202,
      "item": 13304,
      "amount": 2
    },
    {
      "npcId": 811,
      "item": 995,
      "amount": 6398
    },
    {
      "npcId": 811,
      "item": 2023,
      "amount": 1401
    },
    {
      "npcId": 811,
      "item": 21066,
      "amount": 4
    },
    {
      "npcId": 811,
      "item": 21069,
      "amount": 4
    },
    {
      "npcId": 811,
      "item": 21071,
      "amount": 1
    },
    {
      "npcId": 811,
      "item": 21055,
      "amount": 2
    },
    {
      "npcId": 811,
      "item": 21067,
      "amount": 5
    },
    {
      "npcId": 9815,
      "item": 995,
      "amount": 6661
    },
    {
      "npcId": 9815,
      "item": 2023,
      "amount": 661
    },
    {
      "npcId": 9815,
      "item": 21036,
      "amount": 1
    },
    {
      "npcId": 811,
      "item": 21063,
      "amount": 2
    },
    {
      "npcId": 9815,
      "item": 21048,
      "amount": 1
    },
    {
      "npcId": 9815,
      "item": 21039,
      "amount": 2
    },
    {
      "npcId": 9815,
      "item": 21041,
      "amount": 2
    },
    {
      "npcId": 9817,
      "item": 995,
      "amount": 7484
    },
    {
      "npcId": 9817,
      "item": 2023,
      "amount": 487
    },
    {
      "npcId": 9906,
      "item": 23057,
      "amount": 1
    },
    {
      "npcId": 9817,
      "item": 17664,
      "amount": 1
    },
    {
      "npcId": 9817,
      "item": 23137,
      "amount": 2
    },
    {
      "npcId": 9817,
      "item": 23134,
      "amount": 2
    },
    {
      "npcId": 9920,
      "item": 995,
      "amount": 8449
    },
    {
      "npcId": 9920,
      "item": 2023,
      "amount": 450
    },
    {
      "npcId": 9907,
      "item": 10946,
      "amount": 36
    },
    {
      "npcId": 9907,
      "item": 2023,
      "amount": 135
    },
    {
      "npcId": 9920,
      "item": 14915,
      "amount": 1
    },
    {
      "npcId": 9920,
      "item": 14910,
      "amount": 2
    },
    {
      "npcId": 9920,
      "item": 14912,
      "amount": 2
    },
    {
      "npcId": 9920,
      "item": 14911,
      "amount": 1
    },
    {
      "npcId": 3831,
      "item": 995,
      "amount": 9530
    },
    {
      "npcId": 3831,
      "item": 2023,
      "amount": 529
    },
    {
      "npcId": 3831,
      "item": 14732,
      "amount": 2
    },
    {
      "npcId": 3831,
      "item": 14733,
      "amount": 1
    },
    {
      "npcId": 3831,
      "item": 12864,
      "amount": 1
    },
    {
      "npcId": 3831,
      "item": 14734,
      "amount": 2
    },
    {
      "npcId": 9025,
      "item": 995,
      "amount": 10554
    },
    {
      "npcId": 9025,
      "item": 2023,
      "amount": 552
    },
    {
      "npcId": 9025,
      "item": 8817,
      "amount": 1
    },
    {
      "npcId": 9025,
      "item": 8818,
      "amount": 1
    },
    {
      "npcId": 9025,
      "item": 8816,
      "amount": 1
    },
    {
      "npcId": 9025,
      "item": 8820,
      "amount": 1
    },
    {
      "npcId": 9026,
      "item": 995,
      "amount": 11264
    },
    {
      "npcId": 9026,
      "item": 2023,
      "amount": 263
    },
    {
      "npcId": 9026,
      "item": 23145,
      "amount": 1
    },
    {
      "npcId": 9836,
      "item": 995,
      "amount": 13051
    },
    {
      "npcId": 9836,
      "item": 2023,
      "amount": 1049
    },
    {
      "npcId": 9836,
      "item": 12614,
      "amount": 4
    },
    {
      "npcId": 92,
      "item": 995,
      "amount": 13582
    },
    {
      "npcId": 92,
      "item": 2023,
      "amount": 576
    },
    {
      "npcId": 9845,
      "item": 20091,
      "amount": 6
    },
    {
      "npcId": 9838,
      "item": 14487,
      "amount": 5
    },
    {
      "npcId": 3313,
      "item": 995,
      "amount": 14189
    },
    {
      "npcId": 3313,
      "item": 2023,
      "amount": 193
    },
    {
      "npcId": 3313,
      "item": 21046,
      "amount": 1
    },
    {
      "npcId": 8008,
      "item": 995,
      "amount": 15521
    },
    {
      "npcId": 8008,
      "item": 2023,
      "amount": 527
    },
    {
      "npcId": 8008,
      "item": 8803,
      "amount": 1
    },
    {
      "npcId": 1906,
      "item": 995,
      "amount": 16187
    },
    {
      "npcId": 1906,
      "item": 2023,
      "amount": 186
    },
    {
      "npcId": 9915,
      "item": 995,
      "amount": 18698
    },
    {
      "npcId": 9915,
      "item": 2023,
      "amount": 1701
    },
    {
      "npcId": 9915,
      "item": 14053,
      "amount": 2
    },
    {
      "npcId": 9915,
      "item": 14051,
      "amount": 4
    },
    {
      "npcId": 2342,
      "item": 995,
      "amount": 18413
    },
    {
      "npcId": 2342,
      "item": 2023,
      "amount": 416
    },
    {
      "npcId": 9906,
      "item": 23126,
      "amount": 1
    },
    {
      "npcId": 2342,
      "item": 11001,
      "amount": 2
    },
    {
      "npcId": 9024,
      "item": 995,
      "amount": 21433
    },
    {
      "npcId": 9024,
      "item": 2023,
      "amount": 1465
    },
    {
      "npcId": 9024,
      "item": 11179,
      "amount": 4
    },
    {
      "npcId": 9916,
      "item": 995,
      "amount": 21998
    },
    {
      "npcId": 9916,
      "item": 2023,
      "amount": 996
    },
    {
      "npcId": 9916,
      "item": 10887,
      "amount": 4
    },
    {
      "npcId": 9918,
      "item": 995,
      "amount": 22975
    },
    {
      "npcId": 9918,
      "item": 2023,
      "amount": 932
    },
    {
      "npcId": 9918,
      "item": 21028,
      "amount": 3
    },
    {
      "npcId": 9919,
      "item": 995,
      "amount": 23501
    },
    {
      "npcId": 9919,
      "item": 2023,
      "amount": 401
    },
    {
      "npcId": 9919,
      "item": 15888,
      "amount": 1
    },
    {
      "npcId": 9914,
      "item": 995,
      "amount": 25779
    },
    {
      "npcId": 9914,
      "item": 2023,
      "amount": 1634
    },
    {
      "npcId": 9914,
      "item": 22122,
      "amount": 2
    },
    {
      "npcId": 9914,
      "item": 22125,
      "amount": 1
    },
    {
      "npcId": 9914,
      "item": 12610,
      "amount": 1
    },
    {
      "npcId": 9914,
      "item": 17596,
      "amount": 2
    },
    {
      "npcId": 9817,
      "item": 23138,
      "amount": 1
    },
    {
      "npcId": 9845,
      "item": 20087,
      "amount": 2
    },
    {
      "npcId": 9025,
      "item": 8819,
      "amount": 1
    },
    {
      "npcId": 8013,
      "item": 2734,
      "amount": 3
    },
    {
      "npcId": 9017,
      "item": 995,
      "amount": 98779
    },
    {
      "npcId": 9017,
      "item": 15646,
      "amount": 41
    },
    {
      "npcId": 9017,
      "item": 19481,
      "amount": 36
    },
    {
      "npcId": 9017,
      "item": 22135,
      "amount": 86
    },
    {
      "npcId": 9017,
      "item": 15647,
      "amount": 51
    },
    {
      "npcId": 9839,
      "item": 995,
      "amount": 28437
    },
    {
      "npcId": 9806,
      "item": 995,
      "amount": 57139
    },
    {
      "npcId": 9839,
      "item": 21023,
      "amount": 2
    },
    {
      "npcId": 9806,
      "item": 4684,
      "amount": 2
    },
    {
      "npcId": 9816,
      "item": 995,
      "amount": 58218
    },
    {
      "npcId": 9903,
      "item": 995,
      "amount": 59314
    },
    {
      "npcId": 9836,
      "item": 15922,
      "amount": 6
    },
    {
      "npcId": 8002,
      "item": 995,
      "amount": 61810
    },
    {
      "npcId": 202,
      "item": 13305,
      "amount": 2
    },
    {
      "npcId": 811,
      "item": 21064,
      "amount": 2
    },
    {
      "npcId": 811,
      "item": 21068,
      "amount": 2
    },
    {
      "npcId": 811,
      "item": 21062,
      "amount": 1
    },
    {
      "npcId": 9815,
      "item": 21049,
      "amount": 1
    },
    {
      "npcId": 9815,
      "item": 21037,
      "amount": 1
    },
    {
      "npcId": 1746,
      "item": 995,
      "amount": 67266
    },
    {
      "npcId": 9017,
      "item": 15645,
      "amount": 37
    },
    {
      "npcId": 3010,
      "item": 995,
      "amount": 68935
    },
    {
      "npcId": 3013,
      "item": 995,
      "amount": 71265
    },
    {
      "npcId": 3014,
      "item": 995,
      "amount": 73498
    },
    {
      "npcId": 3831,
      "item": 10865,
      "amount": 1
    },
    {
      "npcId": 8008,
      "item": 8804,
      "amount": 2
    },
    {
      "npcId": 8010,
      "item": 995,
      "amount": 86348
    },
    {
      "npcId": 3016,
      "item": 995,
      "amount": 102626
    },
    {
      "npcId": 9906,
      "item": 23120,
      "amount": 1
    },
    {
      "npcId": 9836,
      "item": 16021,
      "amount": 2
    },
    {
      "npcId": 9836,
      "item": 15933,
      "amount": 3
    },
    {
      "npcId": 92,
      "item": 5428,
      "amount": 2
    },
    {
      "npcId": 92,
      "item": 17710,
      "amount": 1
    },
    {
      "npcId": 92,
      "item": 5420,
      "amount": 1
    },
    {
      "npcId": 92,
      "item": 17684,
      "amount": 2
    },
    {
      "npcId": 92,
      "item": 5422,
      "amount": 1
    },
    {
      "npcId": 8008,
      "item": 8805,
      "amount": 1
    },
    {
      "npcId": 9915,
      "item": 21018,
      "amount": 3
    },
    {
      "npcId": 9915,
      "item": 1485,
      "amount": 3
    },
    {
      "npcId": 9915,
      "item": 14055,
      "amount": 1
    },
    {
      "npcId": 9915,
      "item": 14050,
      "amount": 1
    },
    {
      "npcId": 9915,
      "item": 14052,
      "amount": 1
    },
    {
      "npcId": 2342,
      "item": 11002,
      "amount": 2
    },
    {
      "npcId": 2342,
      "item": 11003,
      "amount": 1
    },
    {
      "npcId": 2342,
      "item": 8088,
      "amount": 1
    },
    {
      "npcId": 9024,
      "item": 11762,
      "amount": 3
    },
    {
      "npcId": 9024,
      "item": 11182,
      "amount": 1
    },
    {
      "npcId": 9908,
      "item": 23057,
      "amount": 1
    },
    {
      "npcId": 9024,
      "item": 11181,
      "amount": 3
    },
    {
      "npcId": 9024,
      "item": 7014,
      "amount": 5
    },
    {
      "npcId": 9024,
      "item": 11184,
      "amount": 2
    },
    {
      "npcId": 9024,
      "item": 11183,
      "amount": 1
    },
    {
      "npcId": 9916,
      "item": 23094,
      "amount": 3
    },
    {
      "npcId": 9916,
      "item": 23092,
      "amount": 1
    },
    {
      "npcId": 9916,
      "item": 23093,
      "amount": 1
    },
    {
      "npcId": 9918,
      "item": 21029,
      "amount": 1
    },
    {
      "npcId": 9918,
      "item": 17391,
      "amount": 2
    },
    {
      "npcId": 9918,
      "item": 21030,
      "amount": 1
    },
    {
      "npcId": 9914,
      "item": 22123,
      "amount": 3
    },
    {
      "npcId": 9914,
      "item": 22127,
      "amount": 1
    },
    {
      "npcId": 9914,
      "item": 22126,
      "amount": 1
    },
    {
      "npcId": 4972,
      "item": 995,
      "amount": 218362
    },
    {
      "npcId": 8010,
      "item": 13640,
      "amount": 1
    },
    {
      "npcId": 9907,
      "item": 3578,
      "amount": 1
    },
    {
      "npcId": 587,
      "item": 23058,
      "amount": 4
    },
    {
      "npcId": 587,
      "item": 23020,
      "amount": 13
    },
    {
      "npcId": 587,
      "item": 11137,
      "amount": 50
    },
    {
      "npcId": 8002,
      "item": 19158,
      "amount": 1
    },
    {
      "npcId": 9806,
      "item": 8274,
      "amount": 1
    },
    {
      "npcId": 9806,
      "item": 8273,
      "amount": 1
    },
    {
      "npcId": 9816,
      "item": 17618,
      "amount": 1
    },
    {
      "npcId": 9012,
      "item": 995,
      "amount": 56426
    },
    {
      "npcId": 3019,
      "item": 995,
      "amount": 57939
    },
    {
      "npcId": 3020,
      "item": 995,
      "amount": 62310
    },
    {
      "npcId": 3021,
      "item": 995,
      "amount": 61855
    },
    {
      "npcId": 3305,
      "item": 995,
      "amount": 62915
    },
    {
      "npcId": 3305,
      "item": 23075,
      "amount": 1
    },
    {
      "npcId": 9818,
      "item": 995,
      "amount": 64375
    },
    {
      "npcId": 9912,
      "item": 995,
      "amount": 65967
    },
    {
      "npcId": 9912,
      "item": 22133,
      "amount": 1
    },
    {
      "npcId": 9913,
      "item": 995,
      "amount": 95204
    },
    {
      "npcId": 9913,
      "item": 20586,
      "amount": 6
    },
    {
      "npcId": 3117,
      "item": 995,
      "amount": 68922
    },
    {
      "npcId": 3115,
      "item": 995,
      "amount": 277475
    },
    {
      "npcId": 12239,
      "item": 995,
      "amount": 284156
    },
    {
      "npcId": 12239,
      "item": 5594,
      "amount": 1
    },
    {
      "npcId": 3112,
      "item": 995,
      "amount": 289362
    },
    {
      "npcId": 3112,
      "item": 15006,
      "amount": 1
    },
    {
      "npcId": 3011,
      "item": 995,
      "amount": 298976
    },
    {
      "npcId": 252,
      "item": 995,
      "amount": 301439
    },
    {
      "npcId": 449,
      "item": 995,
      "amount": 307358
    },
    {
      "npcId": 452,
      "item": 995,
      "amount": 313295
    },
    {
      "npcId": 187,
      "item": 995,
      "amount": 320945
    },
    {
      "npcId": 188,
      "item": 995,
      "amount": 328058
    },
    {
      "npcId": 1311,
      "item": 995,
      "amount": 363893
    },
    {
      "npcId": 9913,
      "item": 14490,
      "amount": 1
    },
    {
      "npcId": 1313,
      "item": 995,
      "amount": 390615
    }
  ],
  "holy-prayers-unlocked": [
    false,
    false,
    false,
    false,
    false,
    false
  ],
  "rune-ess": 0,
  "pure-ess": 0,
  "has-bank-pin": false,
  "last-pin-attempt": 0,
  "invalid-pin-attempts": 0,
  "bank-pin": [
    0,
    0,
    0,
    0
  ],
  "appearance": [
    0,
    0,
    18,
    26,
    33,
    36,
    42,
    10,
    0,
    0,
    0,
    0,
    0
  ],
  "agility-obj": [
    false,
    false,
    false,
    false,
    false,
    false,
    false
  ],
  "skills": {
    "level": [
      120,
      120,
      120,
      1200,
      120,
      917,
      120,
      1,
      1,
      1,
      1,
      1,
      91,
      1,
      43,
      1,
      12,
      1,
      81,
      1,
      1,
      1,
      1,
      1,
      1
    ],
    "maxLevel": [
      120,
      120,
      120,
      1200,
      120,
      920,
      120,
      1,
      1,
      1,
      1,
      1,
      91,
      1,
      43,
      1,
      12,
      1,
      81,
      1,
      1,
      1,
      1,
      1,
      1
    ],
    "experience": [
      317677719,
      2000000000,
      61322551,
      2000000000,
      2000000000,
      6814967,
      1497023663,
      0,
      0,
      0,
      0,
      0,
      6115018,
      0,
      52543,
      0,
      1820,
      0,
      2229340,
      0,
      0,
      0,
      0,
      0,
      0
    ]
  },
  "inventory": [
    {
      "id": 10835,
      "amount": 4852947,
      "slot": 0,
      "bonus": {
        "effect": "NOTHING",
        "rarity": "COMMON",
        "bonus": 0
      }
    },
    {
      "id": 995,
      "amount": 73728361,
      "slot": 0,
      "bonus": {
        "effect": "NOTHING",
        "rarity": "COMMON",
        "bonus": 0
      }
    },
    {
      "id": 11137,
      "amount": 204,
      "slot": 0,
      "bonus": {
        "effect": "NOTHING",
        "rarity": "COMMON",
        "bonus": 0
      }
    },
    {
      "id": 13727,
      "amount": 2071,
      "slot": 0,
      "bonus": {
        "effect": "NOTHING",
        "rarity": "COMMON",
        "bonus": 0
      }
    },
    {
      "id": 23124,
      "amount": 1,
      "slot": 0,
      "bonus": {
        "effect": "NOTHING",
        "rarity": "COMMON",
        "bonus": 0
      }
    },
    {
      "id": 23124,
      "amount": 1,
      "slot": 0
    },
    {
      "id": 5023,
      "amount": 120,
      "slot": 0,
      "bonus": {
        "effect": "NOTHING",
        "rarity": "COMMON",
        "bonus": 0
      }
    },
    {
      "id": 3024,
      "amount": 1,
      "slot": 0,
      "bonus": {
        "effect": "NOTHING",
        "rarity": "COMMON",
        "bonus": 0
      }
    },
    {
      "id": -1,
      "amount": 0,
      "slot": 0,
      "bonus": {
        "effect": "NOTHING",
        "rarity": "COMMON",
        "bonus": 0
      }
    },
    {
      "id": -1,
      "amount": 0,
      "slot": 0,
      "bonus": {
        "effect": "NOTHING",
        "rarity": "COMMON",
        "bonus": 0
      }
    },
    {
      "id": -1,
      "amount": 0,
      "slot": 0,
      "bonus": {
        "effect": "NOTHING",
        "rarity": "COMMON",
        "bonus": 0
      }
    },
    {
      "id": -1,
      "amount": 0,
      "slot": 0,
      "bonus": {
        "effect": "NOTHING",
        "rarity": "COMMON",
        "bonus": 0
      }
    },
    {
      "id": -1,
      "amount": 0,
      "slot": 0,
      "bonus": {
        "effect": "NOTHING",
        "rarity": "COMMON",
        "bonus": 0
      }
    },
    {
      "id": -1,
      "amount": 0,
      "slot": 0,
      "bonus": {
        "effect": "NOTHING",
        "rarity": "COMMON",
        "bonus": 0
      }
    },
    {
      "id": 18883,
      "amount": 1,
      "slot": 0,
      "bonus": {
        "effect": "MAGIC_DAMAGE",
        "rarity": "UNCOMMON",
        "bonus": 1
      }
    },
    {
      "id": 2023,
      "amount": 552,
      "slot": 0,
      "bonus": {
        "effect": "NOTHING",
        "rarity": "COMMON",
        "bonus": 0
      }
    },
    {
      "id": 19481,
      "amount": 1,
      "slot": 0,
      "bonus": {
        "effect": "NOTHING",
        "rarity": "COMMON",
        "bonus": 0
      }
    },
    {
      "id": 19481,
      "amount": 1,
      "slot": 0,
      "bonus": {
        "effect": "NOTHING",
        "rarity": "COMMON",
        "bonus": 0
      }
    },
    {
      "id": 23118,
      "amount": 1,
      "slot": 0,
      "bonus": {
        "effect": "NOTHING",
        "rarity": "COMMON",
        "bonus": 0
      }
    },
    {
      "id": 8788,
      "amount": 1,
      "slot": 0,
      "bonus": {
        "effect": "NOTHING",
        "rarity": "COMMON",
        "bonus": 0
      }
    },
    {
      "id": 19481,
      "amount": 1,
      "slot": 0,
      "bonus": {
        "effect": "NOTHING",
        "rarity": "COMMON",
        "bonus": 0
      }
    },
    {
      "id": 19481,
      "amount": 1,
      "slot": 0,
      "bonus": {
        "effect": "NOTHING",
        "rarity": "COMMON",
        "bonus": 0
      }
    },
    {
      "id": 1053,
      "amount": 1,
      "slot": 0,
      "bonus": {
        "effect": "NOTHING",
        "rarity": "COMMON",
        "bonus": 0
      }
    },
    {
      "id": 19495,
      "amount": 1,
      "slot": 0,
      "bonus": {
        "effect": "NOTHING",
        "rarity": "COMMON",
        "bonus": 0
      }
    },
    {
      "id": 19481,
      "amount": 1,
      "slot": 0,
      "bonus": {
        "effect": "NOTHING",
        "rarity": "COMMON",
        "bonus": 0
      }
    },
    {
      "id": 21814,
      "amount": 10,
      "slot": 0,
      "bonus": {
        "effect": "NOTHING",
        "rarity": "COMMON",
        "bonus": 0
      }
    },
    {
      "id": 21815,
      "amount": 22,
      "slot": 0,
      "bonus": {
        "effect": "NOTHING",
        "rarity": "COMMON",
        "bonus": 0
      }
    },
    {
      "id": 21816,
      "amount": 47,
      "slot": 0,
      "bonus": {
        "effect": "NOTHING",
        "rarity": "COMMON",
        "bonus": 0
      }
    }
  ],
  "equipment": [
    {
      "id": 14440,
      "amount": 1,
      "slot": 0,
      "bonus": {
        "effect": "DROP_RATE_HIGH",
        "rarity": "MYTHIC",
        "bonus": 71
      }
    },
    {
      "id": 4369,
      "amount": 1,
      "slot": 0,
      "bonus": {
        "effect": "DROP_RATE_HIGH",
        "rarity": "MYTHIC",
        "bonus": 99
      }
    },
    {
      "id": 19886,
      "amount": 1,
      "slot": 0,
      "bonus": {
        "effect": "DROP_RATE_HIGH",
        "rarity": "MYTHIC",
        "bonus": 68
      }
    },
    {
      "id": 12843,
      "amount": 1,
      "slot": 0,
      "bonus": {
        "effect": "AOE_EFFECT",
        "rarity": "MYTHIC",
        "bonus": 2
      }
    },
    {
      "id": 4067,
      "amount": 1,
      "slot": 0,
      "bonus": {
        "effect": "DROP_RATE_HIGH",
        "rarity": "MYTHIC",
        "bonus": 78
      }
    },
    {
      "id": 15008,
      "amount": 1,
      "slot": 0,
      "bonus": {
        "effect": "DOUBLE_KILLS",
        "rarity": "LEGENDARY",
        "bonus": 1
      }
    },
    {
      "id": -1,
      "amount": 0,
      "slot": 0
    },
    {
      "id": 14438,
      "amount": 1,
      "slot": 0,
      "bonus": {
        "effect": "TRIPLE_KILLS",
        "rarity": "MYTHIC",
        "bonus": 2
      }
    },
    {
      "id": 17391,
      "amount": 1,
      "slot": 0,
      "bonus": {
        "effect": "DOUBLE_CASH",
        "rarity": "LEGENDARY",
        "bonus": 1
      }
    },
    {
      "id": 22104,
      "amount": 1,
      "slot": 0,
      "bonus": {
        "effect": "DROP_RATE_HIGH",
        "rarity": "MYTHIC",
        "bonus": 64
      }
    },
    {
      "id": 14444,
      "amount": 1,
      "slot": 0,
      "bonus": {
        "effect": "ALL_DAMAGE_HIGH",
        "rarity": "MYTHIC",
        "bonus": 3
      }
    },
    {
      "id": -1,
      "amount": 0,
      "slot": 0,
      "bonus": {
        "effect": "NOTHING",
        "rarity": "COMMON",
        "bonus": 0
      }
    },
    {
      "id": -1,
      "amount": 0,
      "slot": 0
    },
    {
      "id": -1,
      "amount": 0,
      "slot": 0
    },
    {
      "id": 15584,
      "amount": 1,
      "slot": 0,
      "bonus": {
        "effect": "ALL_DAMAGE_HIGH",
        "rarity": "MYTHIC",
        "bonus": 3
      }
    }
  ],
  "secondary-equipment": [
    {
      "id": -1,
      "amount": 0,
      "slot": 0,
      "bonus": {
        "effect": "NOTHING",
        "rarity": "COMMON",
        "bonus": 0
      }
    },
    {
      "id": -1,
      "amount": 0,
      "slot": 0,
      "bonus": {
        "effect": "NOTHING",
        "rarity": "COMMON",
        "bonus": 0
      }
    },
    {
      "id": -1,
      "amount": 0,
      "slot": 0,
      "bonus": {
        "effect": "NOTHING",
        "rarity": "COMMON",
        "bonus": 0
      }
    },
    {
      "id": -1,
      "amount": 0,
      "slot": 0,
      "bonus": {
        "effect": "NOTHING",
        "rarity": "COMMON",
        "bonus": 0
      }
    },
    {
      "id": -1,
      "amount": 0,
      "slot": 0,
      "bonus": {
        "effect": "NOTHING",
        "rarity": "COMMON",
        "bonus": 0
      }
    },
    {
      "id": -1,
      "amount": 0,
      "slot": 0,
      "bonus": {
        "effect": "NOTHING",
        "rarity": "COMMON",
        "bonus": 0
      }
    },
    {
      "id": -1,
      "amount": 0,
      "slot": 0,
      "bonus": {
        "effect": "NOTHING",
        "rarity": "COMMON",
        "bonus": 0
      }
    },
    {
      "id": -1,
      "amount": 0,
      "slot": 0,
      "bonus": {
        "effect": "NOTHING",
        "rarity": "COMMON",
        "bonus": 0
      }
    },
    {
      "id": -1,
      "amount": 0,
      "slot": 0,
      "bonus": {
        "effect": "NOTHING",
        "rarity": "COMMON",
        "bonus": 0
      }
    },
    {
      "id": -1,
      "amount": 0,
      "slot": 0,
      "bonus": {
        "effect": "NOTHING",
        "rarity": "COMMON",
        "bonus": 0
      }
    },
    {
      "id": -1,
      "amount": 0,
      "slot": 0,
      "bonus": {
        "effect": "NOTHING",
        "rarity": "COMMON",
        "bonus": 0
      }
    },
    {
      "id": -1,
      "amount": 0,
      "slot": 0,
      "bonus": {
        "effect": "NOTHING",
        "rarity": "COMMON",
        "bonus": 0
      }
    },
    {
      "id": -1,
      "amount": 0,
      "slot": 0,
      "bonus": {
        "effect": "NOTHING",
        "rarity": "COMMON",
        "bonus": 0
      }
    },
    {
      "id": -1,
      "amount": 0,
      "slot": 0,
      "bonus": {
        "effect": "NOTHING",
        "rarity": "COMMON",
        "bonus": 0
      }
    },
    {
      "id": -1,
      "amount": 0,
      "slot": 0,
      "bonus": {
        "effect": "NOTHING",
        "rarity": "COMMON",
        "bonus": 0
      }
    }
  ],
  "preset-equipment": [
    {
      "id": -1,
      "amount": 0,
      "slot": 0,
      "bonus": {
        "effect": "NOTHING",
        "rarity": "COMMON",
        "bonus": 0
      }
    },
    {
      "id": -1,
      "amount": 0,
      "slot": 0,
      "bonus": {
        "effect": "NOTHING",
        "rarity": "COMMON",
        "bonus": 0
      }
    },
    {
      "id": -1,
      "amount": 0,
      "slot": 0,
      "bonus": {
        "effect": "NOTHING",
        "rarity": "COMMON",
        "bonus": 0
      }
    },
    {
      "id": -1,
      "amount": 0,
      "slot": 0,
      "bonus": {
        "effect": "NOTHING",
        "rarity": "COMMON",
        "bonus": 0
      }
    },
    {
      "id": -1,
      "amount": 0,
      "slot": 0,
      "bonus": {
        "effect": "NOTHING",
        "rarity": "COMMON",
        "bonus": 0
      }
    },
    {
      "id": -1,
      "amount": 0,
      "slot": 0,
      "bonus": {
        "effect": "NOTHING",
        "rarity": "COMMON",
        "bonus": 0
      }
    },
    {
      "id": -1,
      "amount": 0,
      "slot": 0,
      "bonus": {
        "effect": "NOTHING",
        "rarity": "COMMON",
        "bonus": 0
      }
    },
    {
      "id": -1,
      "amount": 0,
      "slot": 0,
      "bonus": {
        "effect": "NOTHING",
        "rarity": "COMMON",
        "bonus": 0
      }
    },
    {
      "id": -1,
      "amount": 0,
      "slot": 0,
      "bonus": {
        "effect": "NOTHING",
        "rarity": "COMMON",
        "bonus": 0
      }
    },
    {
      "id": -1,
      "amount": 0,
      "slot": 0,
      "bonus": {
        "effect": "NOTHING",
        "rarity": "COMMON",
        "bonus": 0
      }
    },
    {
      "id": -1,
      "amount": 0,
      "slot": 0,
      "bonus": {
        "effect": "NOTHING",
        "rarity": "COMMON",
        "bonus": 0
      }
    },
    {
      "id": -1,
      "amount": 0,
      "slot": 0,
      "bonus": {
        "effect": "NOTHING",
        "rarity": "COMMON",
        "bonus": 0
      }
    },
    {
      "id": -1,
      "amount": 0,
      "slot": 0,
      "bonus": {
        "effect": "NOTHING",
        "rarity": "COMMON",
        "bonus": 0
      }
    },
    {
      "id": -1,
      "amount": 0,
      "slot": 0,
      "bonus": {
        "effect": "NOTHING",
        "rarity": "COMMON",
        "bonus": 0
      }
    },
    {
      "id": -1,
      "amount": 0,
      "slot": 0,
      "bonus": {
        "effect": "NOTHING",
        "rarity": "COMMON",
        "bonus": 0
      }
    }
  ],
  "offences": [],
  "bank-0": [
    {
      "id": 995,
      "amount": 479,
      "slot": 0,
      "bonus": {
        "effect": "NOTHING",
        "rarity": "COMMON",
        "bonus": 0
      }
    },
    {
      "id": 2023,
      "amount": 0,
      "slot": 0,
      "bonus": {
        "effect": "NOTHING",
        "rarity": "COMMON",
        "bonus": 0
      }
    },
    {
      "id": 13727,
      "amount": 163,
      "slot": 0,
      "bonus": {
        "effect": "NOTHING",
        "rarity": "COMMON",
        "bonus": 0
      }
    },
    {
      "id": 10835,
      "amount": 0,
      "slot": 0,
      "bonus": {
        "effect": "NOTHING",
        "rarity": "COMMON",
        "bonus": 0
      }
    },
    {
      "id": 19914,
      "amount": 1,
      "slot": 0,
      "bonus": {
        "effect": "NOTHING",
        "rarity": "COMMON",
        "bonus": 0
      }
    },
    {
      "id": 22083,
      "amount": 1,
      "slot": 0,
      "bonus": {
        "effect": "NOTHING",
        "rarity": "COMMON",
        "bonus": 0
      }
    },
    {
      "id": 17817,
      "amount": 66,
      "slot": 0,
      "bonus": {
        "effect": "NOTHING",
        "rarity": "COMMON",
        "bonus": 0
      }
    },
    {
      "id": 22084,
      "amount": 1,
      "slot": 0,
      "bonus": {
        "effect": "NOTHING",
        "rarity": "COMMON",
        "bonus": 0
      }
    },
    {
      "id": 22092,
      "amount": 1,
      "slot": 0,
      "bonus": {
        "effect": "NOTHING",
        "rarity": "COMMON",
        "bonus": 0
      }
    },
    {
      "id": 3024,
      "amount": 960,
      "slot": 0,
      "bonus": {
        "effect": "NOTHING",
        "rarity": "COMMON",
        "bonus": 0
      }
    },
    {
      "id": 703,
      "amount": 1,
      "slot": 0,
      "bonus": {
        "effect": "NOTHING",
        "rarity": "COMMON",
        "bonus": 0
      }
    },
    {
      "id": 704,
      "amount": 1,
      "slot": 0,
      "bonus": {
        "effect": "NOTHING",
        "rarity": "COMMON",
        "bonus": 0
      }
    },
    {
      "id": 705,
      "amount": 1,
      "slot": 0,
      "bonus": {
        "effect": "NOTHING",
        "rarity": "COMMON",
        "bonus": 0
      }
    },
    {
      "id": 23089,
      "amount": 1,
      "slot": 0,
      "bonus": {
        "effect": "NOTHING",
        "rarity": "COMMON",
        "bonus": 0
      }
    },
    {
      "id": 3090,
      "amount": 1,
      "slot": 0,
      "bonus": {
        "effect": "NOTHING",
        "rarity": "COMMON",
        "bonus": 0
      }
    },
    {
      "id": 19945,
      "amount": 1,
      "slot": 0,
      "bonus": {
        "effect": "NOTHING",
        "rarity": "COMMON",
        "bonus": 0
      }
    },
    {
      "id": 3086,
      "amount": 0,
      "slot": 0,
      "bonus": {
        "effect": "NOTHING",
        "rarity": "COMMON",
        "bonus": 0
      }
    },
    {
      "id": 1033,
      "amount": 0,
      "slot": 0,
      "bonus": {
        "effect": "NOTHING",
        "rarity": "COMMON",
        "bonus": 0
      }
    },
    {
      "id": 15358,
      "amount": 0,
      "slot": 0,
      "bonus": {
        "effect": "NOTHING",
        "rarity": "COMMON",
        "bonus": 0
      }
    },
    {
      "id": 15359,
      "amount": 4,
      "slot": 0,
      "bonus": {
        "effect": "NOTHING",
        "rarity": "COMMON",
        "bonus": 0
      }
    },
    {
      "id": 19946,
      "amount": 1,
      "slot": 0,
      "bonus": {
        "effect": "NOTHING",
        "rarity": "COMMON",
        "bonus": 0
      }
    },
    {
      "id": 19944,
      "amount": 1,
      "slot": 0,
      "bonus": {
        "effect": "NOTHING",
        "rarity": "COMMON",
        "bonus": 0
      }
    },
    {
      "id": 925,
      "amount": 2,
      "slot": 0,
      "bonus": {
        "effect": "NOTHING",
        "rarity": "COMMON",
        "bonus": 0
      }
    },
    {
      "id": 919,
      "amount": 1,
      "slot": 0,
      "bonus": {
        "effect": "NOTHING",
        "rarity": "COMMON",
        "bonus": 0
      }
    },
    {
      "id": 795,
      "amount": 3,
      "slot": 0,
      "bonus": {
        "effect": "NOTHING",
        "rarity": "COMMON",
        "bonus": 0
      }
    },
    {
      "id": 732,
      "amount": 3,
      "slot": 0,
      "bonus": {
        "effect": "NOTHING",
        "rarity": "COMMON",
        "bonus": 0
      }
    },
    {
      "id": 18636,
      "amount": 5,
      "slot": 0,
      "bonus": {
        "effect": "NOTHING",
        "rarity": "COMMON",
        "bonus": 0
      }
    },
    {
      "id": 18636,
      "amount": 2,
      "slot": 0,
      "bonus": {
        "effect": "DROP_RATE_LOW",
        "rarity": "RARE",
        "bonus": 11
      }
    },
    {
      "id": 5023,
      "amount": 149,
      "slot": 0,
      "bonus": {
        "effect": "NOTHING",
        "rarity": "COMMON",
        "bonus": 0
      }
    },
    {
      "id": 22134,
      "amount": 0,
      "slot": 0,
      "bonus": {
        "effect": "NOTHING",
        "rarity": "COMMON",
        "bonus": 0
      }
    },
    {
      "id": 18636,
      "amount": 1,
      "slot": 0,
      "bonus": {
        "effect": "DOUBLE_DROP",
        "rarity": "RARE",
        "bonus": 5
      }
    },
    {
      "id": 18636,
      "amount": 1,
      "slot": 0,
      "bonus": {
        "effect": "DROP_RATE_LOW",
        "rarity": "RARE",
        "bonus": 7
      }
    },
    {
      "id": 11140,
      "amount": 1,
      "slot": 0,
      "bonus": {
        "effect": "ALL_DAMAGE_LOW",
        "rarity": "RARE",
        "bonus": 1
      }
    },
    {
      "id": 789,
      "amount": 2,
      "slot": 0,
      "bonus": {
        "effect": "NOTHING",
        "rarity": "COMMON",
        "bonus": 0
      }
    },
    {
      "id": 815,
      "amount": 1,
      "slot": 0,
      "bonus": {
        "effect": "NOTHING",
        "rarity": "COMMON",
        "bonus": 0
      }
    },
    {
      "id": 3026,
      "amount": 1,
      "slot": 0,
      "bonus": {
        "effect": "NOTHING",
        "rarity": "COMMON",
        "bonus": 0
      }
    },
    {
      "id": 15357,
      "amount": 2,
      "slot": 0,
      "bonus": {
        "effect": "NOTHING",
        "rarity": "COMMON",
        "bonus": 0
      }
    },
    {
      "id": 1013,
      "amount": 2,
      "slot": 0,
      "bonus": {
        "effect": "NOTHING",
        "rarity": "COMMON",
        "bonus": 0
      }
    },
    {
      "id": 8819,
      "amount": 1,
      "slot": 0,
      "bonus": {
        "effect": "NOTHING",
        "rarity": "COMMON",
        "bonus": 0
      }
    },
    {
      "id": 777,
      "amount": 80,
      "slot": 0,
      "bonus": {
        "effect": "NOTHING",
        "rarity": "COMMON",
        "bonus": 0
      }
    },
    {
      "id": 3028,
      "amount": 2,
      "slot": 0,
      "bonus": {
        "effect": "NOTHING",
        "rarity": "COMMON",
        "bonus": 0
      }
    },
    {
      "id": 3030,
      "amount": 2,
      "slot": 0,
      "bonus": {
        "effect": "NOTHING",
        "rarity": "COMMON",
        "bonus": 0
      }
    },
    {
      "id": 1005,
      "amount": 1,
      "slot": 0,
      "bonus": {
        "effect": "NOTHING",
        "rarity": "COMMON",
        "bonus": 0
      }
    },
    {
      "id": 783,
      "amount": 3,
      "slot": 0,
      "bonus": {
        "effect": "NOTHING",
        "rarity": "COMMON",
        "bonus": 0
      }
    },
    {
      "id": 934,
      "amount": 1,
      "slot": 0,
      "bonus": {
        "effect": "NOTHING",
        "rarity": "COMMON",
        "bonus": 0
      }
    },
    {
      "id": 940,
      "amount": 1,
      "slot": 0,
      "bonus": {
        "effect": "NOTHING",
        "rarity": "COMMON",
        "bonus": 0
      }
    },
    {
      "id": 1019,
      "amount": 1,
      "slot": 0,
      "bonus": {
        "effect": "NOTHING",
        "rarity": "COMMON",
        "bonus": 0
      }
    },
    {
      "id": 23118,
      "amount": 1,
      "slot": 0,
      "bonus": {
        "effect": "NOTHING",
        "rarity": "COMMON",
        "bonus": 0
      }
    },
    {
      "id": 11137,
      "amount": 0,
      "slot": 0,
      "bonus": {
        "effect": "NOTHING",
        "rarity": "COMMON",
        "bonus": 0
      }
    },
    {
      "id": 21816,
      "amount": 0,
      "slot": 0,
      "bonus": {
        "effect": "NOTHING",
        "rarity": "COMMON",
        "bonus": 0
      }
    },
    {
      "id": 14204,
      "amount": 0,
      "slot": 0,
      "bonus": {
        "effect": "DOUBLE_CASH",
        "rarity": "LEGENDARY",
        "bonus": 1
      }
    },
    {
      "id": 23120,
      "amount": 2,
      "slot": 0,
      "bonus": {
        "effect": "NOTHING",
        "rarity": "COMMON",
        "bonus": 0
      }
    },
    {
      "id": 945,
      "amount": 2,
      "slot": 0,
      "bonus": {
        "effect": "NOTHING",
        "rarity": "COMMON",
        "bonus": 0
      }
    },
    {
      "id": 942,
      "amount": 2,
      "slot": 0,
      "bonus": {
        "effect": "NOTHING",
        "rarity": "COMMON",
        "bonus": 0
      }
    },
    {
      "id": 931,
      "amount": 1,
      "slot": 0,
      "bonus": {
        "effect": "NOTHING",
        "rarity": "COMMON",
        "bonus": 0
      }
    },
    {
      "id": 17634,
      "amount": 16990,
      "slot": 0,
      "bonus": {
        "effect": "NOTHING",
        "rarity": "COMMON",
        "bonus": 0
      }
    },
    {
      "id": 1025,
      "amount": 1,
      "slot": 0,
      "bonus": {
        "effect": "NOTHING",
        "rarity": "COMMON",
        "bonus": 0
      }
    },
    {
      "id": 8788,
      "amount": 0,
      "slot": 0,
      "bonus": {
        "effect": "NOTHING",
        "rarity": "COMMON",
        "bonus": 0
      }
    },
    {
      "id": 19886,
      "amount": 1,
      "slot": 0,
      "bonus": {
        "effect": "TRIPLE_KILLS",
        "rarity": "MYTHIC",
        "bonus": 1
      }
    },
    {
      "id": 19481,
      "amount": 13,
      "slot": 0,
      "bonus": {
        "effect": "NOTHING",
        "rarity": "COMMON",
        "bonus": 0
      }
    },
    {
      "id": 20586,
      "amount": 4,
      "slot": 0,
      "bonus": {
        "effect": "NOTHING",
        "rarity": "COMMON",
        "bonus": 0
      }
    },
    {
      "id": 2736,
      "amount": 1,
      "slot": 0,
      "bonus": {
        "effect": "NOTHING",
        "rarity": "COMMON",
        "bonus": 0
      }
    },
    {
      "id": 229,
      "amount": 2,
      "slot": 0,
      "bonus": {
        "effect": "NOTHING",
        "rarity": "COMMON",
        "bonus": 0
      }
    },
    {
      "id": 22135,
      "amount": 1,
      "slot": 0,
      "bonus": {
        "effect": "DOUBLE_DROP",
        "rarity": "RARE",
        "bonus": 9
      }
    },
    {
      "id": 22135,
      "amount": 1,
      "slot": 0,
      "bonus": {
        "effect": "DOUBLE_CASH",
        "rarity": "LEGENDARY",
        "bonus": 2
      }
    },
    {
      "id": 15646,
      "amount": 1,
      "slot": 0,
      "bonus": {
        "effect": "TRIPLE_KILLS",
        "rarity": "MYTHIC",
        "bonus": 2
      }
    }
  ],
  "bank-1": [
    {
      "id": 21815,
      "amount": 0,
      "slot": 0,
      "bonus": {
        "effect": "NOTHING",
        "rarity": "COMMON",
        "bonus": 0
      }
    },
    {
      "id": 10946,
      "amount": 0,
      "slot": 0,
      "bonus": {
        "effect": "NOTHING",
        "rarity": "COMMON",
        "bonus": 0
      }
    },
    {
      "id": 23020,
      "amount": 0,
      "slot": 0,
      "bonus": {
        "effect": "NOTHING",
        "rarity": "COMMON",
        "bonus": 0
      }
    },
    {
      "id": 23091,
      "amount": 1,
      "slot": 0,
      "bonus": {
        "effect": "NOTHING",
        "rarity": "COMMON",
        "bonus": 0
      }
    },
    {
      "id": 21071,
      "amount": 0,
      "slot": 0,
      "bonus": {
        "effect": "ALL_DAMAGE_LOW",
        "rarity": "RARE",
        "bonus": 1
      }
    },
    {
      "id": 15647,
      "amount": 0,
      "slot": 0,
      "bonus": {
        "effect": "DOUBLE_CASH",
        "rarity": "LEGENDARY",
        "bonus": 1
      }
    },
    {
      "id": 1265,
      "amount": 2,
      "slot": 0,
      "bonus": {
        "effect": "NOTHING",
        "rarity": "COMMON",
        "bonus": 0
      }
    },
    {
      "id": 21814,
      "amount": 0,
      "slot": 0,
      "bonus": {
        "effect": "NOTHING",
        "rarity": "COMMON",
        "bonus": 0
      }
    },
    {
      "id": 23178,
      "amount": 0,
      "slot": 0,
      "bonus": {
        "effect": "NOTHING",
        "rarity": "COMMON",
        "bonus": 0
      }
    },
    {
      "id": 1027,
      "amount": 1,
      "slot": 0,
      "bonus": {
        "effect": "NOTHING",
        "rarity": "COMMON",
        "bonus": 0
      }
    },
    {
      "id": 922,
      "amount": 2,
      "slot": 0,
      "bonus": {
        "effect": "NOTHING",
        "rarity": "COMMON",
        "bonus": 0
      }
    },
    {
      "id": 2380,
      "amount": 0,
      "slot": 0,
      "bonus": {
        "effect": "NOTHING",
        "rarity": "COMMON",
        "bonus": 0
      }
    },
    {
      "id": 15647,
      "amount": 1,
      "slot": 0,
      "bonus": {
        "effect": "ALL_DAMAGE_MEDIUM",
        "rarity": "LEGENDARY",
        "bonus": 2
      }
    }
  ],
  "bank-2": [],
  "bank-3": [],
  "bank-4": [],
  "bank-5": [],
  "bank-6": [],
  "bank-7": [],
  "bank-8": [],
  "new-uim-bank": [],
  "ge-slots": [
    null,
    null,
    null,
    null,
    null,
    null
  ],
  "charm-imp": [
    0,
    0,
    0,
    0
  ],
  "friends": [
    26796,
    36304693434,
    26443,
    30919778,
    1178734896194,
    1086266026,
    1257798564,
    26052,
    71074186894519,
    2934455596517438433,
    24831,
    32962268114552,
    1143323291,
    279971649,
    40498943232775329,
    380549099232639511,
    1121977,
    50883676787608462,
    45252864,
    4828932,
    1375234507773201,
    82508859287572,
    64685516434254,
    35948306798,
    712189863,
    1429959732002,
    1340110196,
    33599,
    610,
    43182672,
    46269871217,
    105842907,
    64512053051464504,
    8772014595,
    1480805221088,
    1805763767,
    1074715704,
    30212,
    20669211,
    1058080137547,
    288071137,
    3002414493
  ],
  "ignores": [
    6251006,
    32308288684061
  ],
  "loyalty-titles": [
    false,
    false,
    false,
    false,
    false,
    false,
    false,
    false,
    false,
    false,
    false,
    false
  ],
  "kills": [
    {
      "runningTotal": 0,
      "npcId": 1265,
      "npcName": "Oracle Lion",
      "amount": 0,
      "boss": false
    },
    {
      "runningTotal": 15,
      "npcId": 9837,
      "npcName": "Blurite Goblin",
      "amount": 15,
      "boss": false
    },
    {
      "runningTotal": 21,
      "npcId": 9027,
      "npcName": "Blurite Orc",
      "amount": 21,
      "boss": false
    },
    {
      "runningTotal": 35,
      "npcId": 9835,
      "npcName": "Blurite Demon",
      "amount": 35,
      "boss": false
    },
    {
      "runningTotal": 41,
      "npcId": 9911,
      "npcName": "Blurite Werewolf",
      "amount": 41,
      "boss": false
    },
    {
      "runningTotal": 52,
      "npcId": 9922,
      "npcName": "Blurite Centaur",
      "amount": 52,
      "boss": false
    },
    {
      "runningTotal": 1404,
      "npcId": 9838,
      "npcName": "Imperial Hound",
      "amount": 1404,
      "boss": false
    },
    {
      "runningTotal": 617,
      "npcId": 9845,
      "npcName": "Imperial Scorpion",
      "amount": 617,
      "boss": false
    },
    {
      "runningTotal": 623,
      "npcId": 9910,
      "npcName": "Imperial Ranger",
      "amount": 623,
      "boss": false
    },
    {
      "runningTotal": 460,
      "npcId": 9807,
      "npcName": "Imperial Paladin",
      "amount": 460,
      "boss": false
    },
    {
      "runningTotal": 1053,
      "npcId": 6692,
      "npcName": "Revenant Wyvern",
      "amount": 1053,
      "boss": false
    },
    {
      "runningTotal": 454,
      "npcId": 9028,
      "npcName": "Mystic",
      "amount": 454,
      "boss": false
    },
    {
      "runningTotal": 1840,
      "npcId": 8014,
      "npcName": "Zinqrux",
      "amount": 1840,
      "boss": false
    },
    {
      "runningTotal": 1328,
      "npcId": 8003,
      "npcName": "Dr. Aberrant",
      "amount": 1328,
      "boss": false
    },
    {
      "runningTotal": 1815,
      "npcId": 202,
      "npcName": "Inferno",
      "amount": 1815,
      "boss": true
    },
    {
      "runningTotal": 357,
      "npcId": 9029,
      "npcName": "Nightmare",
      "amount": 357,
      "boss": false
    },
    {
      "runningTotal": 518,
      "npcId": 9030,
      "npcName": "Patience",
      "amount": 518,
      "boss": false
    },
    {
      "runningTotal": 3735,
      "npcId": 811,
      "npcName": "Nagendra",
      "amount": 3735,
      "boss": true
    },
    {
      "runningTotal": 1405,
      "npcId": 9815,
      "npcName": "Kol\u0027gal",
      "amount": 1405,
      "boss": false
    },
    {
      "runningTotal": 1510,
      "npcId": 9817,
      "npcName": "Yisdar",
      "amount": 1510,
      "boss": false
    },
    {
      "runningTotal": 467,
      "npcId": 9920,
      "npcName": "Ig\u0027thaur",
      "amount": 467,
      "boss": false
    },
    {
      "runningTotal": 765,
      "npcId": 3831,
      "npcName": "Zernath",
      "amount": 765,
      "boss": true
    },
    {
      "runningTotal": 657,
      "npcId": 9025,
      "npcName": "Avalon",
      "amount": 657,
      "boss": false
    },
    {
      "runningTotal": 843,
      "npcId": 9026,
      "npcName": "Eragon",
      "amount": 843,
      "boss": false
    },
    {
      "runningTotal": 2456,
      "npcId": 9836,
      "npcName": "Doomwatcher",
      "amount": 2456,
      "boss": false
    },
    {
      "runningTotal": 996,
      "npcId": 92,
      "npcName": "Maze Guardian",
      "amount": 996,
      "boss": false
    },
    {
      "runningTotal": 622,
      "npcId": 3313,
      "npcName": "Miscreation",
      "amount": 622,
      "boss": false
    },
    {
      "runningTotal": 1340,
      "npcId": 8008,
      "npcName": "Avatar titan",
      "amount": 1340,
      "boss": false
    },
    {
      "runningTotal": 736,
      "npcId": 1906,
      "npcName": "Zorbak",
      "amount": 736,
      "boss": false
    },
    {
      "runningTotal": 2180,
      "npcId": 9915,
      "npcName": "Death God",
      "amount": 2180,
      "boss": false
    },
    {
      "runningTotal": 1180,
      "npcId": 2342,
      "npcName": "Emerald Slayer",
      "amount": 1180,
      "boss": false
    },
    {
      "runningTotal": 2380,
      "npcId": 9024,
      "npcName": "Golden Golem",
      "amount": 2380,
      "boss": false
    },
    {
      "runningTotal": 1776,
      "npcId": 9916,
      "npcName": "Luffy",
      "amount": 1776,
      "boss": false
    },
    {
      "runningTotal": 1620,
      "npcId": 9918,
      "npcName": "Broly",
      "amount": 1620,
      "boss": false
    },
    {
      "runningTotal": 1235,
      "npcId": 9919,
      "npcName": "Bowser",
      "amount": 1235,
      "boss": false
    },
    {
      "runningTotal": 3022,
      "npcId": 9914,
      "npcName": "Sasuke",
      "amount": 3022,
      "boss": false
    },
    {
      "runningTotal": 1,
      "npcId": 1308,
      "npcName": "Herbal Champion",
      "amount": 1,
      "boss": false
    },
    {
      "runningTotal": 5,
      "npcId": 810,
      "npcName": "Fire Champion",
      "amount": 5,
      "boss": false
    },
    {
      "runningTotal": 212032,
      "npcId": 9017,
      "npcName": "Sanctum Golem",
      "amount": 212032,
      "boss": true
    },
    {
      "runningTotal": 8064,
      "npcId": 9839,
      "npcName": "Mutant Hydra",
      "amount": 8064,
      "boss": false
    },
    {
      "runningTotal": 8,
      "npcId": 9907,
      "npcName": "Meruem The King",
      "amount": 8,
      "boss": true
    },
    {
      "runningTotal": 9808,
      "npcId": 9806,
      "npcName": "Gorvek",
      "amount": 9808,
      "boss": false
    },
    {
      "runningTotal": 5884,
      "npcId": 9816,
      "npcName": "Dragonite",
      "amount": 5884,
      "boss": false
    },
    {
      "runningTotal": 2024,
      "npcId": 9903,
      "npcName": "Asmodeus",
      "amount": 2024,
      "boss": true
    },
    {
      "runningTotal": 3580,
      "npcId": 8002,
      "npcName": "Malvek",
      "amount": 3580,
      "boss": false
    },
    {
      "runningTotal": 3888,
      "npcId": 1746,
      "npcName": "Onyx Griffin",
      "amount": 3888,
      "boss": false
    },
    {
      "runningTotal": 2904,
      "npcId": 3010,
      "npcName": "Zeidan Grimm",
      "amount": 2904,
      "boss": false
    },
    {
      "runningTotal": 3388,
      "npcId": 3013,
      "npcName": "Ag\u0027thomoth",
      "amount": 3388,
      "boss": false
    },
    {
      "runningTotal": 3476,
      "npcId": 3014,
      "npcName": "Lilinryss",
      "amount": 3476,
      "boss": false
    },
    {
      "runningTotal": 4,
      "npcId": 9906,
      "npcName": "Final Boss Veigar",
      "amount": 4,
      "boss": true
    },
    {
      "runningTotal": 18264,
      "npcId": 8010,
      "npcName": "Groudon",
      "amount": 18264,
      "boss": true
    },
    {
      "runningTotal": 4320,
      "npcId": 3016,
      "npcName": "Varthramoth",
      "amount": 4320,
      "boss": false
    },
    {
      "runningTotal": 9152,
      "npcId": 4972,
      "npcName": "Tyrant Lord",
      "amount": 9152,
      "boss": false
    },
    {
      "runningTotal": 3584,
      "npcId": 9012,
      "npcName": "Lucifer",
      "amount": 3584,
      "boss": true
    },
    {
      "runningTotal": 3632,
      "npcId": 3019,
      "npcName": "Virtuoso",
      "amount": 3632,
      "boss": false
    },
    {
      "runningTotal": 14720,
      "npcId": 3020,
      "npcName": "Agumon",
      "amount": 14720,
      "boss": false
    },
    {
      "runningTotal": 7164,
      "npcId": 3021,
      "npcName": "White Beard",
      "amount": 7164,
      "boss": false
    },
    {
      "runningTotal": 5440,
      "npcId": 3305,
      "npcName": "Panther",
      "amount": 5440,
      "boss": false
    },
    {
      "runningTotal": 5288,
      "npcId": 9818,
      "npcName": "Leviathan",
      "amount": 5288,
      "boss": false
    },
    {
      "runningTotal": 5620,
      "npcId": 9912,
      "npcName": "Calamity",
      "amount": 5620,
      "boss": false
    },
    {
      "runningTotal": 112660,
      "npcId": 9913,
      "npcName": "Slender Man",
      "amount": 112660,
      "boss": false
    },
    {
      "runningTotal": 5508,
      "npcId": 3117,
      "npcName": "Charybdis",
      "amount": 5508,
      "boss": false
    },
    {
      "runningTotal": 5672,
      "npcId": 3115,
      "npcName": "Scylla",
      "amount": 5672,
      "boss": false
    },
    {
      "runningTotal": 8320,
      "npcId": 12239,
      "npcName": "Exoden",
      "amount": 8320,
      "boss": true
    },
    {
      "runningTotal": 5248,
      "npcId": 3112,
      "npcName": "Ezkel-Nojad",
      "amount": 5248,
      "boss": false
    },
    {
      "runningTotal": 18782,
      "npcId": 3011,
      "npcName": "Janemba",
      "amount": 18782,
      "boss": false
    },
    {
      "runningTotal": 5532,
      "npcId": 252,
      "npcName": "Frieza",
      "amount": 5532,
      "boss": true
    },
    {
      "runningTotal": 5228,
      "npcId": 449,
      "npcName": "Perfect Cell",
      "amount": 5228,
      "boss": true
    },
    {
      "runningTotal": 5008,
      "npcId": 452,
      "npcName": "Super buu",
      "amount": 5008,
      "boss": true
    },
    {
      "runningTotal": 11284,
      "npcId": 187,
      "npcName": "Goku",
      "amount": 11284,
      "boss": true
    },
    {
      "runningTotal": 15652,
      "npcId": 188,
      "npcName": "Byakuya",
      "amount": 15652,
      "boss": false
    },
    {
      "runningTotal": 15036,
      "npcId": 1311,
      "npcName": "Queen Fazula",
      "amount": 15036,
      "boss": false
    },
    {
      "runningTotal": 2356,
      "npcId": 1313,
      "npcName": "Lord Yasuda",
      "amount": 2356,
      "boss": false
    }
  ],
  "drops": [
    {
      "item": 995,
      "amount": 2050976160,
      "rareDrop": false
    },
    {
      "item": 2023,
      "amount": 3712,
      "rareDrop": false
    },
    {
      "item": 19991,
      "amount": 4,
      "rareDrop": false
    },
    {
      "item": 10946,
      "amount": 22,
      "rareDrop": false
    },
    {
      "item": 23020,
      "amount": 24,
      "rareDrop": false
    },
    {
      "item": 19988,
      "amount": 2,
      "rareDrop": false
    },
    {
      "item": 19985,
      "amount": 2,
      "rareDrop": false
    },
    {
      "item": 20400,
      "amount": 5,
      "rareDrop": false
    },
    {
      "item": 19984,
      "amount": 6,
      "rareDrop": false
    },
    {
      "item": 14488,
      "amount": 2,
      "rareDrop": false
    },
    {
      "item": 19989,
      "amount": 2,
      "rareDrop": false
    },
    {
      "item": 19986,
      "amount": 2,
      "rareDrop": false
    },
    {
      "item": 19992,
      "amount": 1,
      "rareDrop": false
    },
    {
      "item": 20092,
      "amount": 2,
      "rareDrop": false
    },
    {
      "item": 20086,
      "amount": 4,
      "rareDrop": false
    },
    {
      "item": 20089,
      "amount": 5,
      "rareDrop": false
    },
    {
      "item": 14487,
      "amount": 2,
      "rareDrop": false
    },
    {
      "item": 20091,
      "amount": 5,
      "rareDrop": false
    },
    {
      "item": 20087,
      "amount": 2,
      "rareDrop": false
    },
    {
      "item": 18005,
      "amount": 3,
      "rareDrop": false
    },
    {
      "item": 17999,
      "amount": 1,
      "rareDrop": false
    },
    {
      "item": 18003,
      "amount": 1,
      "rareDrop": false
    },
    {
      "item": 18011,
      "amount": 1,
      "rareDrop": false
    },
    {
      "item": 23055,
      "amount": 1,
      "rareDrop": false
    },
    {
      "item": 23056,
      "amount": 1,
      "rareDrop": false
    },
    {
      "item": 23052,
      "amount": 1,
      "rareDrop": false
    },
    {
      "item": 23050,
      "amount": 3,
      "rareDrop": false
    },
    {
      "item": 23051,
      "amount": 1,
      "rareDrop": false
    },
    {
      "item": 15647,
      "amount": 6,
      "rareDrop": false
    },
    {
      "item": 22135,
      "amount": 4,
      "rareDrop": false
    },
    {
      "item": 15933,
      "amount": 2,
      "rareDrop": false
    },
    {
      "item": 1485,
      "amount": 2,
      "rareDrop": false
    },
    {
      "item": 19481,
      "amount": 4,
      "rareDrop": false
    },
    {
      "item": 22123,
      "amount": 2,
      "rareDrop": false
    },
    {
      "item": 20586,
      "amount": 2,
      "rareDrop": false
    }
  ],
  "achievements-completion": [],
  "achievements-progress": [
    0,
    0,
    0,
    0,
    0,
    0,
    0,
    0,
    0,
    0,
    0,
    0,
    0,
    0,
    0,
    0,
    0,
    0,
    0,
    0,
    0,
    0,
    0,
    0,
    0,
    0,
    0,
    0,
    0,
    0,
    0,
    0,
    0,
    0,
    0,
    0,
    0,
    0,
    0,
    0,
    0,
    0,
    0,
    0,
    0,
    0,
    0,
    0,
    0,
    0,
    0,
    0,
    0
  ],
  "fri13may16": false,
  "spiritdebug": false,
  "reffered": false,
  "indung": false,
  "toggledglobalmessages": false,
  "flying": false,
  "canfly": false,
  "ghostwalking": false,
  "canghostwalk": false,
  "barrowschests": 0,
  "cluesteps": 0,
  "difficulty": "MODERN",
  "secondary-equipment-slots-unlocked": [
    false,
    false,
    false,
    false,
    false,
    false,
    false,
    false,
    false,
    false,
    false,
    false,
    false,
    false,
    false
  ],
  "hween2016": [
    false,
    false,
    false,
    false,
    false,
    false,
    false
  ],
  "donehween2016": false,
  "christmas2016": 0,
  "newYear2017": 0,
  "easter2017": 0,
  "hcimdunginventory": [
    {
      "id": -1,
      "amount": 0,
      "slot": 0,
      "bonus": {
        "effect": "NOTHING",
        "rarity": "COMMON",
        "bonus": 0
      }
    },
    {
      "id": -1,
      "amount": 0,
      "slot": 0,
      "bonus": {
        "effect": "NOTHING",
        "rarity": "COMMON",
        "bonus": 0
      }
    },
    {
      "id": -1,
      "amount": 0,
      "slot": 0,
      "bonus": {
        "effect": "NOTHING",
        "rarity": "COMMON",
        "bonus": 0
      }
    },
    {
      "id": -1,
      "amount": 0,
      "slot": 0,
      "bonus": {
        "effect": "NOTHING",
        "rarity": "COMMON",
        "bonus": 0
      }
    },
    {
      "id": -1,
      "amount": 0,
      "slot": 0,
      "bonus": {
        "effect": "NOTHING",
        "rarity": "COMMON",
        "bonus": 0
      }
    },
    {
      "id": -1,
      "amount": 0,
      "slot": 0,
      "bonus": {
        "effect": "NOTHING",
        "rarity": "COMMON",
        "bonus": 0
      }
    },
    {
      "id": -1,
      "amount": 0,
      "slot": 0,
      "bonus": {
        "effect": "NOTHING",
        "rarity": "COMMON",
        "bonus": 0
      }
    },
    {
      "id": -1,
      "amount": 0,
      "slot": 0,
      "bonus": {
        "effect": "NOTHING",
        "rarity": "COMMON",
        "bonus": 0
      }
    },
    {
      "id": -1,
      "amount": 0,
      "slot": 0,
      "bonus": {
        "effect": "NOTHING",
        "rarity": "COMMON",
        "bonus": 0
      }
    },
    {
      "id": -1,
      "amount": 0,
      "slot": 0,
      "bonus": {
        "effect": "NOTHING",
        "rarity": "COMMON",
        "bonus": 0
      }
    },
    {
      "id": -1,
      "amount": 0,
      "slot": 0,
      "bonus": {
        "effect": "NOTHING",
        "rarity": "COMMON",
        "bonus": 0
      }
    },
    {
      "id": -1,
      "amount": 0,
      "slot": 0,
      "bonus": {
        "effect": "NOTHING",
        "rarity": "COMMON",
        "bonus": 0
      }
    },
    {
      "id": -1,
      "amount": 0,
      "slot": 0,
      "bonus": {
        "effect": "NOTHING",
        "rarity": "COMMON",
        "bonus": 0
      }
    },
    {
      "id": -1,
      "amount": 0,
      "slot": 0,
      "bonus": {
        "effect": "NOTHING",
        "rarity": "COMMON",
        "bonus": 0
      }
    },
    {
      "id": -1,
      "amount": 0,
      "slot": 0,
      "bonus": {
        "effect": "NOTHING",
        "rarity": "COMMON",
        "bonus": 0
      }
    },
    {
      "id": -1,
      "amount": 0,
      "slot": 0,
      "bonus": {
        "effect": "NOTHING",
        "rarity": "COMMON",
        "bonus": 0
      }
    },
    {
      "id": -1,
      "amount": 0,
      "slot": 0,
      "bonus": {
        "effect": "NOTHING",
        "rarity": "COMMON",
        "bonus": 0
      }
    },
    {
      "id": -1,
      "amount": 0,
      "slot": 0,
      "bonus": {
        "effect": "NOTHING",
        "rarity": "COMMON",
        "bonus": 0
      }
    },
    {
      "id": -1,
      "amount": 0,
      "slot": 0,
      "bonus": {
        "effect": "NOTHING",
        "rarity": "COMMON",
        "bonus": 0
      }
    },
    {
      "id": -1,
      "amount": 0,
      "slot": 0,
      "bonus": {
        "effect": "NOTHING",
        "rarity": "COMMON",
        "bonus": 0
      }
    },
    {
      "id": -1,
      "amount": 0,
      "slot": 0,
      "bonus": {
        "effect": "NOTHING",
        "rarity": "COMMON",
        "bonus": 0
      }
    },
    {
      "id": -1,
      "amount": 0,
      "slot": 0,
      "bonus": {
        "effect": "NOTHING",
        "rarity": "COMMON",
        "bonus": 0
      }
    },
    {
      "id": -1,
      "amount": 0,
      "slot": 0,
      "bonus": {
        "effect": "NOTHING",
        "rarity": "COMMON",
        "bonus": 0
      }
    },
    {
      "id": -1,
      "amount": 0,
      "slot": 0,
      "bonus": {
        "effect": "NOTHING",
        "rarity": "COMMON",
        "bonus": 0
      }
    },
    {
      "id": -1,
      "amount": 0,
      "slot": 0,
      "bonus": {
        "effect": "NOTHING",
        "rarity": "COMMON",
        "bonus": 0
      }
    },
    {
      "id": -1,
      "amount": 0,
      "slot": 0,
      "bonus": {
        "effect": "NOTHING",
        "rarity": "COMMON",
        "bonus": 0
      }
    },
    {
      "id": -1,
      "amount": 0,
      "slot": 0,
      "bonus": {
        "effect": "NOTHING",
        "rarity": "COMMON",
        "bonus": 0
      }
    },
    {
      "id": -1,
      "amount": 0,
      "slot": 0,
      "bonus": {
        "effect": "NOTHING",
        "rarity": "COMMON",
        "bonus": 0
      }
    }
  ],
  "hcimdungequipment": [
    {
      "id": -1,
      "amount": 0,
      "slot": 0,
      "bonus": {
        "effect": "NOTHING",
        "rarity": "COMMON",
        "bonus": 0
      }
    },
    {
      "id": -1,
      "amount": 0,
      "slot": 0,
      "bonus": {
        "effect": "NOTHING",
        "rarity": "COMMON",
        "bonus": 0
      }
    },
    {
      "id": -1,
      "amount": 0,
      "slot": 0,
      "bonus": {
        "effect": "NOTHING",
        "rarity": "COMMON",
        "bonus": 0
      }
    },
    {
      "id": -1,
      "amount": 0,
      "slot": 0,
      "bonus": {
        "effect": "NOTHING",
        "rarity": "COMMON",
        "bonus": 0
      }
    },
    {
      "id": -1,
      "amount": 0,
      "slot": 0,
      "bonus": {
        "effect": "NOTHING",
        "rarity": "COMMON",
        "bonus": 0
      }
    },
    {
      "id": -1,
      "amount": 0,
      "slot": 0,
      "bonus": {
        "effect": "NOTHING",
        "rarity": "COMMON",
        "bonus": 0
      }
    },
    {
      "id": -1,
      "amount": 0,
      "slot": 0,
      "bonus": {
        "effect": "NOTHING",
        "rarity": "COMMON",
        "bonus": 0
      }
    },
    {
      "id": -1,
      "amount": 0,
      "slot": 0,
      "bonus": {
        "effect": "NOTHING",
        "rarity": "COMMON",
        "bonus": 0
      }
    },
    {
      "id": -1,
      "amount": 0,
      "slot": 0,
      "bonus": {
        "effect": "NOTHING",
        "rarity": "COMMON",
        "bonus": 0
      }
    },
    {
      "id": -1,
      "amount": 0,
      "slot": 0,
      "bonus": {
        "effect": "NOTHING",
        "rarity": "COMMON",
        "bonus": 0
      }
    },
    {
      "id": -1,
      "amount": 0,
      "slot": 0,
      "bonus": {
        "effect": "NOTHING",
        "rarity": "COMMON",
        "bonus": 0
      }
    },
    {
      "id": -1,
      "amount": 0,
      "slot": 0,
      "bonus": {
        "effect": "NOTHING",
        "rarity": "COMMON",
        "bonus": 0
      }
    },
    {
      "id": -1,
      "amount": 0,
      "slot": 0,
      "bonus": {
        "effect": "NOTHING",
        "rarity": "COMMON",
        "bonus": 0
      }
    },
    {
      "id": -1,
      "amount": 0,
      "slot": 0,
      "bonus": {
        "effect": "NOTHING",
        "rarity": "COMMON",
        "bonus": 0
      }
    },
    {
      "id": -1,
      "amount": 0,
      "slot": 0,
      "bonus": {
        "effect": "NOTHING",
        "rarity": "COMMON",
        "bonus": 0
      }
    },
    {
      "id": -1,
      "amount": 0,
      "slot": 0,
      "bonus": {
        "effect": "NOTHING",
        "rarity": "COMMON",
        "bonus": 0
      }
    },
    {
      "id": -1,
      "amount": 0,
      "slot": 0,
      "bonus": {
        "effect": "NOTHING",
        "rarity": "COMMON",
        "bonus": 0
      }
    },
    {
      "id": -1,
      "amount": 0,
      "slot": 0,
      "bonus": {
        "effect": "NOTHING",
        "rarity": "COMMON",
        "bonus": 0
      }
    },
    {
      "id": -1,
      "amount": 0,
      "slot": 0,
      "bonus": {
        "effect": "NOTHING",
        "rarity": "COMMON",
        "bonus": 0
      }
    },
    {
      "id": -1,
      "amount": 0,
      "slot": 0,
      "bonus": {
        "effect": "NOTHING",
        "rarity": "COMMON",
        "bonus": 0
      }
    },
    {
      "id": -1,
      "amount": 0,
      "slot": 0,
      "bonus": {
        "effect": "NOTHING",
        "rarity": "COMMON",
        "bonus": 0
      }
    },
    {
      "id": -1,
      "amount": 0,
      "slot": 0,
      "bonus": {
        "effect": "NOTHING",
        "rarity": "COMMON",
        "bonus": 0
      }
    },
    {
      "id": -1,
      "amount": 0,
      "slot": 0,
      "bonus": {
        "effect": "NOTHING",
        "rarity": "COMMON",
        "bonus": 0
      }
    },
    {
      "id": -1,
      "amount": 0,
      "slot": 0,
      "bonus": {
        "effect": "NOTHING",
        "rarity": "COMMON",
        "bonus": 0
      }
    },
    {
      "id": -1,
      "amount": 0,
      "slot": 0,
      "bonus": {
        "effect": "NOTHING",
        "rarity": "COMMON",
        "bonus": 0
      }
    },
    {
      "id": -1,
      "amount": 0,
      "slot": 0,
      "bonus": {
        "effect": "NOTHING",
        "rarity": "COMMON",
        "bonus": 0
      }
    },
    {
      "id": -1,
      "amount": 0,
      "slot": 0,
      "bonus": {
        "effect": "NOTHING",
        "rarity": "COMMON",
        "bonus": 0
      }
    },
    {
      "id": -1,
      "amount": 0,
      "slot": 0,
      "bonus": {
        "effect": "NOTHING",
        "rarity": "COMMON",
        "bonus": 0
      }
    }
  ],
  "bonecrusheffect": true,
  "p-tps": [
    0,
    0,
    0,
    0
  ],
  "yell-tit": "null",
  "afkstall1": 0,
  "afkstall2": 0,
  "afkstall3": 0,
  "achievements-points": 0,
  "achievements-amount": [
    [
      0,
      14,
      100,
      100,
      100,
      250,
      250,
      250,
      350,
      20,
      400,
      400,
      400,
      400,
      500,
      100,
      5000,
      45,
      0,
      0,
      0,
      0,
      0,
      0,
      0,
      0,
      0,
      0,
      0,
      0,
      0,
      0,
      0,
      0,
      0,
      0,
      0,
      0,
      0,
      0,
      0,
      0,
      0,
      0,
      0,
      0,
      0,
      0,
      0,
      0,
      0,
      0,
      0,
      0,
      0,
      0,
      0,
      0,
      0,
      0,
      0,
      0,
      0,
      0,
      0,
      0,
      0,
      0,
      0,
      0,
      0,
      0,
      0,
      0,
      0,
      0,
      0,
      0,
      0,
      0,
      0,
      0,
      0,
      0,
      0,
      0,
      0,
      0,
      0,
      0,
      0,
      0,
      0,
      0,
      0,
      0,
      0,
      0,
      0,
      0
    ],
    [
      0,
      103,
      1000,
      561,
      188,
      515,
      184,
      1000,
      403,
      36,
      1425,
      972,
      897,
      394,
      1594,
      554,
      10000,
      0,
      0,
      0,
      0,
      0,
      0,
      0,
      0,
      0,
      0,
      0,
      0,
      0,
      0,
      0,
      0,
      0,
      0,
      0,
      0,
      0,
      0,
      0,
      0,
      0,
      0,
      0,
      0,
      0,
      0,
      0,
      0,
      0,
      0,
      0,
      0,
      0,
      0,
      0,
      0,
      0,
      0,
      0,
      0,
      0,
      0,
      0,
      0,
      0,
      0,
      0,
      0,
      0,
      0,
      0,
      0,
      0,
      0,
      0,
      0,
      0,
      0,
      0,
      0,
      0,
      0,
      0,
      0,
      0,
      0,
      0,
      0,
      0,
      0,
      0,
      0,
      0,
      0,
      0,
      0,
      0,
      0,
      0
    ],
    [
      0,
      103,
      2000,
      2000,
      2000,
      1471,
      506,
      895,
      1236,
      36,
      726,
      847,
      869,
      2283,
      1080,
      2288,
      554,
      25000,
      0,
      0,
      0,
      0,
      0,
      0,
      0,
      0,
      0,
      0,
      0,
      0,
      0,
      0,
      0,
      0,
      0,
      0,
      0,
      0,
      0,
      0,
      0,
      0,
      0,
      0,
      0,
      0,
      0,
      0,
      0,
      0,
      0,
      0,
      0,
      0,
      0,
      0,
      0,
      0,
      0,
      0,
      0,
      0,
      0,
      0,
      0,
      0,
      0,
      0,
      0,
      0,
      0,
      0,
      0,
      0,
      0,
      0,
      0,
      0,
      0,
      0,
      0,
      0,
      0,
      0,
      0,
      0,
      0,
      0,
      0,
      0,
      0,
      0,
      0,
      0,
      0,
      0,
      0,
      0,
      0,
      0
    ],
    [
      0,
      0,
      0,
      0,
      0,
      0,
      0,
      0,
      0,
      0,
      0,
      0,
      0,
      0,
      0,
      0,
      0,
      0,
      0,
      0,
      0,
      0,
      0,
      0,
      0,
      0,
      0,
      0,
      0,
      0,
      0,
      0,
      0,
      0,
      0,
      0,
      0,
      0,
      0,
      0,
      0,
      0,
      0,
      0,
      0,
      0,
      0,
      0,
      0,
      0,
      0,
      0,
      0,
      0,
      0,
      0,
      0,
      0,
      0,
      0,
      0,
      0,
      0,
      0,
      0,
      0,
      0,
      0,
      0,
      0,
      0,
      0,
      0,
      0,
      0,
      0,
      0,
      0,
      0,
      0,
      0,
      0,
      0,
      0,
      0,
      0,
      0,
      0,
      0,
      0,
      0,
      0,
      0,
      0,
      0,
      0,
      0,
      0,
      0,
      0
    ]
  ],
  "achievements-completed": [
    [
      false,
      true,
      true,
      true,
      true,
      true,
      true,
      true,
      true,
      false,
      true,
      true,
      true,
      true,
      true,
      true,
      true,
      true,
      false,
      false,
      false,
      false,
      false,
      false,
      false,
      false,
      false,
      false,
      false,
      false,
      false,
      false,
      false,
      false,
      false,
      false,
      false,
      false,
      false,
      false,
      false,
      false,
      false,
      false,
      false,
      false,
      false,
      false,
      false,
      false,
      false,
      false,
      false,
      false,
      false,
      false,
      false,
      false,
      false,
      false,
      false,
      false,
      false,
      false,
      false,
      false,
      false,
      false,
      false,
      false,
      false,
      false,
      false,
      false,
      false,
      false,
      false,
      false,
      false,
      false,
      false,
      false,
      false,
      false,
      false,
      false,
      false,
      false,
      false,
      false,
      false,
      false,
      false,
      false,
      false,
      false,
      false,
      false,
      false,
      false
    ],
    [
      false,
      true,
      false,
      false,
      false,
      false,
      false,
      true,
      false,
      false,
      false,
      false,
      false,
      false,
      false,
      false,
      true,
      false,
      false,
      false,
      false,
      false,
      false,
      false,
      false,
      false,
      false,
      false,
      false,
      false,
      false,
      false,
      false,
      false,
      false,
      false,
      false,
      false,
      false,
      false,
      false,
      false,
      false,
      false,
      false,
      false,
      false,
      false,
      false,
      false,
      false,
      false,
      false,
      false,
      false,
      false,
      false,
      false,
      false,
      false,
      false,
      false,
      false,
      false,
      false,
      false,
      false,
      false,
      false,
      false,
      false,
      false,
      false,
      false,
      false,
      false,
      false,
      false,
      false,
      false,
      false,
      false,
      false,
      false,
      false,
      false,
      false,
      false,
      false,
      false,
      false,
      false,
      false,
      false,
      false,
      false,
      false,
      false,
      false,
      false
    ],
    [
      false,
      true,
      true,
      true,
      true,
      false,
      false,
      false,
      false,
      false,
      false,
      false,
      false,
      false,
      false,
      false,
      false,
      true,
      false,
      false,
      false,
      false,
      false,
      false,
      false,
      false,
      false,
      false,
      false,
      false,
      false,
      false,
      false,
      false,
      false,
      false,
      false,
      false,
      false,
      false,
      false,
      false,
      false,
      false,
      false,
      false,
      false,
      false,
      false,
      false,
      false,
      false,
      false,
      false,
      false,
      false,
      false,
      false,
      false,
      false,
      false,
      false,
      false,
      false,
      false,
      false,
      false,
      false,
      false,
      false,
      false,
      false,
      false,
      false,
      false,
      false,
      false,
      false,
      false,
      false,
      false,
      false,
      false,
      false,
      false,
      false,
      false,
      false,
      false,
      false,
      false,
      false,
      false,
      false,
      false,
      false,
      false,
      false,
      false,
      false
    ],
    [
      false,
      false,
      false,
      false,
      false,
      false,
      false,
      false,
      false,
      false,
      false,
      false,
      false,
      false,
      false,
      false,
      false,
      false,
      false,
      false,
      false,
      false,
      false,
      false,
      false,
      false,
      false,
      false,
      false,
      false,
      false,
      false,
      false,
      false,
      false,
      false,
      false,
      false,
      false,
      false,
      false,
      false,
      false,
      false,
      false,
      false,
      false,
      false,
      false,
      false,
      false,
      false,
      false,
      false,
      false,
      false,
      false,
      false,
      false,
      false,
      false,
      false,
      false,
      false,
      false,
      false,
      false,
      false,
      false,
      false,
      false,
      false,
      false,
      false,
      false,
      false,
      false,
      false,
      false,
      false,
      false,
      false,
      false,
      false,
      false,
      false,
      false,
      false,
      false,
      false,
      false,
      false,
      false,
      false,
      false,
      false,
      false,
      false,
      false,
      false
    ]
  ],
  "achievements-daily": 403,
  "progression-zones": [
    15,
    21,
    35,
    41,
    52
  ],
  "zones-complete": [
    true,
    true,
    true,
    true,
    true
  ],
  "gamble-banned": false,
  "lucifers-unlocked": false,
  "dark-supremes-unlocked": false,
  "currency-pouch": {
    "upgradeTokens": 0,
    "pvmTickets": 0,
    "afkTickets": 0,
    "slayerTickets": 0,
    "voteScrolls": 0,
    "petFragments": 0,
    "instanceTokens": 0,
    "goldCharms": 0,
    "greenCharms": 0,
    "crimsonCharms": 0,
    "blueCharms": 0
  },
  "lastTGloveIndex": -1,
  "group-ironman-locked": false,
  "lastInstanceNpc": 9017,
  "daily-task": {},
  "collectionlog-rewards": {
    "1311": {
      "canClaim": false,
      "hasClaimed": false
    },
    "1313": {
      "canClaim": false,
      "hasClaimed": false
    },
    "6692": {
      "canClaim": true,
      "hasClaimed": true
    },
    "2342": {
      "canClaim": true,
      "hasClaimed": true
    },
    "3112": {
      "canClaim": false,
      "hasClaimed": false
    },
    "3115": {
      "canClaim": false,
      "hasClaimed": false
    },
    "811": {
      "canClaim": true,
      "hasClaimed": true
    },
    "3117": {
      "canClaim": false,
      "hasClaimed": false
    },
    "9903": {
      "canClaim": false,
      "hasClaimed": false
    },
    "9904": {
      "canClaim": false,
      "hasClaimed": false
    },
    "9906": {
      "canClaim": false,
      "hasClaimed": false
    },
    "9907": {
      "canClaim": false,
      "hasClaimed": false
    },
    "9012": {
      "canClaim": false,
      "hasClaimed": false
    },
    "9908": {
      "canClaim": false,
      "hasClaimed": false
    },
    "9910": {
      "canClaim": true,
      "hasClaimed": false
    },
    "9911": {
      "canClaim": false,
      "hasClaimed": false
    },
    "9912": {
      "canClaim": false,
      "hasClaimed": false
    },
    "9913": {
      "canClaim": true,
      "hasClaimed": true
    },
    "9017": {
      "canClaim": true,
      "hasClaimed": true
    },
    "9914": {
      "canClaim": true,
      "hasClaimed": true
    },
    "187": {
      "canClaim": false,
      "hasClaimed": false
    },
    "9915": {
      "canClaim": true,
      "hasClaimed": true
    },
    "188": {
      "canClaim": false,
      "hasClaimed": false
    },
    "9916": {
      "canClaim": true,
      "hasClaimed": true
    },
    "9918": {
      "canClaim": true,
      "hasClaimed": true
    },
    "9919": {
      "canClaim": false,
      "hasClaimed": false
    },
    "9024": {
      "canClaim": true,
      "hasClaimed": true
    },
    "9920": {
      "canClaim": false,
      "hasClaimed": false
    },
    "449": {
      "canClaim": false,
      "hasClaimed": false
    },
    "9025": {
      "canClaim": true,
      "hasClaimed": true
    },
    "3010": {
      "canClaim": false,
      "hasClaimed": false
    },
    "8002": {
      "canClaim": false,
      "hasClaimed": false
    },
    "9026": {
      "canClaim": false,
      "hasClaimed": false
    },
    "9922": {
      "canClaim": false,
      "hasClaimed": false
    },
    "3011": {
      "canClaim": false,
      "hasClaimed": false
    },
    "8003": {
      "canClaim": true,
      "hasClaimed": true
    },
    "9027": {
      "canClaim": false,
      "hasClaimed": false
    },
    "452": {
      "canClaim": false,
      "hasClaimed": false
    },
    "9028": {
      "canClaim": true,
      "hasClaimed": true
    },
    "3013": {
      "canClaim": false,
      "hasClaimed": false
    },
    "9029": {
      "canClaim": true,
      "hasClaimed": true
    },
    "3014": {
      "canClaim": false,
      "hasClaimed": false
    },
    "9030": {
      "canClaim": true,
      "hasClaimed": true
    },
    "3016": {
      "canClaim": false,
      "hasClaimed": false
    },
    "8008": {
      "canClaim": true,
      "hasClaimed": true
    },
    "8010": {
      "canClaim": false,
      "hasClaimed": false
    },
    "202": {
      "canClaim": true,
      "hasClaimed": true
    },
    "3019": {
      "canClaim": false,
      "hasClaimed": false
    },
    "587": {
      "canClaim": false,
      "hasClaimed": false
    },
    "3020": {
      "canClaim": false,
      "hasClaimed": false
    },
    "3021": {
      "canClaim": false,
      "hasClaimed": false
    },
    "8013": {
      "canClaim": false,
      "hasClaimed": false
    },
    "9806": {
      "canClaim": false,
      "hasClaimed": false
    },
    "8014": {
      "canClaim": true,
      "hasClaimed": true
    },
    "12239": {
      "canClaim": false,
      "hasClaimed": false
    },
    "9807": {
      "canClaim": false,
      "hasClaimed": false
    },
    "1746": {
      "canClaim": false,
      "hasClaimed": false
    },
    "9815": {
      "canClaim": false,
      "hasClaimed": false
    },
    "9816": {
      "canClaim": false,
      "hasClaimed": false
    },
    "9817": {
      "canClaim": false,
      "hasClaimed": false
    },
    "9818": {
      "canClaim": false,
      "hasClaimed": false
    },
    "92": {
      "canClaim": true,
      "hasClaimed": true
    },
    "3305": {
      "canClaim": false,
      "hasClaimed": false
    },
    "9835": {
      "canClaim": false,
      "hasClaimed": false
    },
    "4972": {
      "canClaim": false,
      "hasClaimed": false
    },
    "9836": {
      "canClaim": true,
      "hasClaimed": true
    },
    "9837": {
      "canClaim": false,
      "hasClaimed": false
    },
    "9838": {
      "canClaim": true,
      "hasClaimed": false
    },
    "9839": {
      "canClaim": false,
      "hasClaimed": false
    },
    "3313": {
      "canClaim": false,
      "hasClaimed": false
    },
    "1906": {
      "canClaim": false,
      "hasClaimed": false
    },
    "9845": {
      "canClaim": true,
      "hasClaimed": false
    },
    "3831": {
      "canClaim": false,
      "hasClaimed": false
    },
    "252": {
      "canClaim": false,
      "hasClaimed": false
    }
  },
  "daily-skips": 3,
  "dailies-done": 0,
  "level-notifications": true,
  "dailies-received-times": [
    -1,
    -1,
    -1
  ],
  "favorite-teleports": [],
  "obtained-pets": [
    "SLENDER_MAN_PET",
    "BYAKUYA_PET"
  ],
  "battlepass-xp": 0,
  "battlepass-premium": false,
  "mini-me-equipment": [
    null,
    null,
    null,
    null,
    null,
    null,
    null,
    null,
    null,
    null,
    null,
    null,
    null,
    null
  ],
  "drystreak": {
    "1308": 1,
    "1311": 3759,
    "1313": 589,
    "6692": 5,
    "2342": 1,
    "3112": 169,
    "810": 5,
    "3115": 1418,
    "811": 43,
    "3117": 1377,
    "9903": 506,
    "9904": 0,
    "9906": 0,
    "9907": 0,
    "9012": 896,
    "9908": 0,
    "9910": 8,
    "9911": 2,
    "9912": 1355,
    "9913": 12,
    "9017": 331,
    "9914": 0,
    "187": 2821,
    "9915": 4,
    "188": 3913,
    "9916": 12,
    "9918": 25,
    "9919": 144,
    "9024": 49,
    "9920": 45,
    "449": 1307,
    "9025": 7,
    "3010": 726,
    "8002": 4,
    "9026": 119,
    "9922": 0,
    "3011": 4781,
    "8003": 51,
    "9027": 6,
    "452": 1252,
    "9028": 11,
    "3013": 847,
    "9029": 17,
    "3014": 869,
    "9030": 19,
    "3016": 1080,
    "8008": 6,
    "8010": 12,
    "202": 12,
    "3019": 908,
    "587": 0,
    "3020": 3680,
    "3021": 1791,
    "8013": 0,
    "9806": 10,
    "8014": 8,
    "12239": 968,
    "9807": 0,
    "1746": 1236,
    "9815": 52,
    "9816": 417,
    "9817": 2,
    "9818": 1322,
    "92": 25,
    "3305": 972,
    "9835": 3,
    "4972": 2288,
    "9836": 10,
    "9837": 0,
    "9838": 7,
    "9839": 144,
    "3313": 18,
    "1906": 184,
    "9845": 0,
    "3831": 40,
    "252": 1383
  },
  "boost": 131941500190740,
  "slot-level": 4505798936957200,
  "sp-season": 1,
  "sp-premium": false,
  "sp-level": 10,
  "sp-exp": 3050,
  "sp-rewards": [
    true,
    true,
    true,
    true,
    true,
    true,
    true,
    true,
    true,
    true,
    false,
    false,
    false,
    false,
    false,
    false,
    false,
    false,
    false,
    false,
    false,
    false,
    false,
    false,
    false,
    false,
    false,
    false,
    false,
    false,
    false,
    false,
    false,
    false,
    false,
    false,
    false,
    false,
    false,
    false,
    false,
    false,
    false,
    false,
    false,
    false,
    false,
    false,
    false,
    false,
    false,
    false,
    false,
    false,
    false,
    false,
    false,
    false,
    false,
    false,
    false,
    false,
    false,
    false,
    false,
    false,
    false,
    false,
    false,
    false,
    false,
    false,
    false,
    false,
    false,
    false,
    false,
    false,
    false,
    false,
    false,
    false,
    false,
    false,
    false,
    false,
    false,
    false,
    false,
    false,
    false,
    false,
    false,
    false,
    false,
    false,
    false,
    false
  ],
  "dropMessage": false
}