{
  "shop": [
    {
      "id": 22132,
      "amount": 1,
      "maxAmount": 1,
      "price": 100000000,
      "effect": "NOTHING",
      "bonus": 0
    },
    {
      "id": 22130,
      "amount": 1,
      "maxAmount": 1,
      "price": 100000000,
      "effect": "NOTHING",
      "bonus": 0
    },
    {
      "id": 22131,
      "amount": 1,
      "maxAmount": 1,
      "price": 100000000,
      "effect": "NOTHING",
      "bonus": 0
    },
    {
      "id": 22129,
      "amount": 1,
      "maxAmount": 1,
      "price": 100000000,
      "effect": "NOTHING",
      "bonus": 0
    },
    {
      "id": 22128,
      "amount": 1,
      "maxAmount": 1,
      "price": 100000000,
      "effect": "NOTHING",
      "bonus": 0
    },
    {
      "id": 1055,
      "amount": 2,
      "maxAmount": 2,
      "price": 2000000,
      "effect": "NOTHING",
      "bonus": 0
    },
    {
      "id": 1053,
      "amount": 2,
      "maxAmount": 2,
      "price": 2000000,
      "effect": "NOTHING",
      "bonus": 0
    },
    {
      "id": 1057,
      "amount": 5,
      "maxAmount": 5,
      "price": 2000000,
      "effect": "NOTHING",
      "bonus": 0
    },
    {
      "id": 20552,
      "amount": 1,
      "maxAmount": 2,
      "price": 750000,
      "effect": "NOTHING",
      "bonus": 0
    },
    {
      "id": 3082,
      "amount": 16,
      "maxAmount": 38,
      "price": 2000000,
      "effect": "NOTHING",
      "bonus": 0
    },
    {
      "id": 8410,
      "amount": 1,
      "maxAmount": 1,
      "price": 2000000,
      "effect": "MAGIC_DAMAGE",
      "bonus": 1
    },
    {
      "id": 8410,
      "amount": 1,
      "maxAmount": 1,
      "price": 2000000,
      "effect": "NOTHING",
      "bonus": 0
    },
    {
      "id": 3086,
      "amount": 1,
      "maxAmount": 8,
      "price": 2000000,
      "effect": "NOTHING",
      "bonus": 0
    },
    {
      "id": 13333,
      "amount": 1,
      "maxAmount": 1,
      "price": 3000000,
      "effect": "NOTHING",
      "bonus": 0
    },
    {
      "id": 13775,
      "amount": 4,
      "maxAmount": 4,
      "price": 5000000,
      "effect": "NOTHING",
      "bonus": 0
    },
    {
      "id": 17542,
      "amount": 1,
      "maxAmount": 4,
      "price": 2000000,
      "effect": "NOTHING",
      "bonus": 0
    },
    {
      "id": 4489,
      "amount": 1,
      "maxAmount": 1,
      "price": 420000000,
      "effect": "NOTHING",
      "bonus": 0
    },
    {
      "id": 2383,
      "amount": 10,
      "maxAmount": 10,
      "price": 3500000,
      "effect": "NOTHING",
      "bonus": 0
    },
    {
      "id": 9480,
      "amount": 1,
      "maxAmount": 1,
      "price": 3000000,
      "effect": "ALL_DAMAGE_HIGH",
      "bonus": 3
    },
    null,
    null,
    null,
    null,
    null,
    null,
    null,
    null,
    null,
    null,
    null,
    null,
    null
  ],
  "earnings": 6000000
}