{
  "shop": [
    {
      "id": 21020,
      "amount": 1,
      "maxAmount": 1,
      "price": 15000,
      "effect": "NOTHING",
      "bonus": 0
    },
    {
      "id": 10025,
      "amount": 5,
      "maxAmount": 5,
      "price": 28000,
      "effect": "NOTHING",
      "bonus": 0
    },
    null,
    null,
    null,
    null,
    null,
    null,
    null,
    null,
    null,
    null,
    null,
    null,
    null,
    null,
    null,
    null,
    null,
    null,
    null,
    null,
    null,
    null,
    null,
    null,
    null,
    null,
    null,
    null,
    null,
    null
  ],
  "earnings": 0
}