{
  "username": "Enough",
  "total-play-time": 0,
  "staff-rights": "OBSIDIAN_DONATOR",
  "game-mode": "NORMAL",
  "yellhexcolor": "ffffff",
  "position": {
    "x": 3017,
    "y": 2764,
    "z": 160
  },
  "online-status": "ON",
  "given-starter": true,
  "has-pin2": true,
  "saved-pin2": "0985",
  "donated": 2553,
  "current-boss-task": 0,
  "current-boss-amount": 0,
  "global-rate": 0,
  "peng-rate": 0,
  "slayer-rate": 0,
  "has-completed-boss-task": false,
  "current-daily-task-id": "",
  "current-daily-task-amount": 0,
  "current-daily-task-x-pos": 0,
  "current-daily-task-y-pos": 0,
  "current-daily-task-z-pos": 0,
  "current-daily-task-reward": 0,
  "uim-bank": {},
  "dg-floor": 0,
  "dg-prestige": 0,
  "clue-task": "NO_TASK",
  "clue-kc": 0,
  "daysVoted": 0,
  "totalTimesClaimed": 0,
  "longestDaysVoted": 0,
  "timeUntilNextReward": 0,
  "lastVoted": "",
  "current-voting-streak": 0,
  "entriesCurrency": 0.0,
  "amount-donated-today": 2553,
  "claimed-first": false,
  "claimed-second": false,
  "claimed-third": false,
  "last-donation": 0,
  "last-time-reset": 0,
  "is-secondary-equipment": false,
  "lastlogin": 1684886991370,
  "lastdailyclaim": 0,
  "lastvotetime": 0,
  "hasvotedtoday": false,
  "day1claimed": false,
  "day2claimed": false,
  "day3claimed": false,
  "day4claimed": false,
  "day5claimed": false,
  "day6claimed": false,
  "day7claimed": false,
  "minutes-bonus-exp": 1943,
  "minutes-voting-dr": -1,
  "minutes-voting-dmg": 0,
  "total-gained-exp": 636745554,
  "barrows-points": 0,
  "donator-points": 0,
  "Skilling-points": 0,
  "prestige-points": 0,
  "achievement-points": 0,
  "dung-tokens": 0,
  "commendations": 0,
  "loyalty-points": 0,
  "total-loyalty-points": 0.0,
  "godmodetime": 0,
  "voting-points": 17,
  "tasks-completion": [
    false,
    false,
    false,
    true,
    true,
    false
  ],
  "tasks-progress": [
    999,
    0,
    0,
    0,
    0,
    0,
    0,
    0,
    0,
    0,
    0,
    0,
    0,
    0,
    0,
    0,
    0,
    0,
    0,
    0,
    0,
    0,
    0,
    0,
    0,
    0,
    0,
    0,
    0,
    0,
    0,
    0,
    0,
    0,
    0,
    0,
    0,
    0,
    0,
    0,
    0,
    0,
    0,
    0,
    0,
    0,
    0,
    0,
    0,
    0,
    0,
    0,
    0,
    0,
    0
  ],
  "total-prestiges": 0,
  "slayer-spree": 239,
  "npc-killcount": 595294,
  "spawn-killcount": 0,
  "lord-killcount": 0,
  "demon-killcount": 773,
  "dragon-killcount": 0,
  "beast-killcount": 0,
  "king-killcount": 0,
  "avatar-killcount": 433,
  "angel-killcount": 50,
  "lucien-killcount": 1691,
  "hercules-killcount": 0,
  "satan-killcount": 208,
  "zeus-killcount": 0,
  "mini-lucifer-killcount": 0,
  "lucifer-killcount": 1162,
  "event-points": 0,
  "boss-points": 0,
  "shilling-rate": 0,
  "slayer-points": 0,
  "pk-points": 0,
  "player-kills": 0,
  "player-killstreak": 0,
  "player-deaths": 0,
  "target-percentage": 0,
  "bh-rank": -1,
  "gender": "MALE",
  "spell-book": "NORMAL",
  "prayer-book": "CURSES",
  "running": true,
  "run-energy": 100,
  "music": false,
  "sounds": false,
  "auto-retaliate": true,
  "xp-locked": false,
  "veng-cast": false,
  "last-veng": 1684673058366,
  "fight-type": "LONGBOW_RAPID",
  "sol-effect": 0,
  "skull-timer": 0,
  "fuse-combination-timer": 0,
  "fuse-item-selected": 0,
  "claimed-fuse-item": true,
  "fuse-in-progress": false,
  "accept-aid": false,
  "poison-damage": 0,
  "poison-immunity": 0,
  "overload-timer": 0,
  "aggro-timer": 0,
  "exp-timer": 0,
  "dr-timer": 0,
  "ddr-timer": 0,
  "dmg-timer": 0,
  "double-dr-timer": 0,
  "double-ddr-timer": 0,
  "double-dmg-timer": 5988,
  "fire-immunity": 0,
  "fire-damage-mod": 0,
  "prayer-renewal-timer": 0,
  "teleblock-timer": 0,
  "special-amount": 100,
  "entered-gwd-room": false,
  "gwd-altar-delay": 0,
  "gwd-killcount": [
    0,
    0,
    0,
    0
  ],
  "effigy": 0,
  "summon-npc": 1312,
  "summon-death": -1,
  "process-farming": false,
  "clanchat": "Raids",
  "autocast": false,
  "autocast-spell": -1,
  "dfs-charges": 0,
  "coins-gambled": 0,
  "slayer-master": "HARD_SLAYER",
  "slayer-task": "NO_TASK",
  "prev-slayer-task": "BROLY",
  "task-amount": 0,
  "task-streak": 239,
  "duo-partner": "null",
  "double-slay-xp": false,
  "recoil-deg": 0,
  "blowpipe-deg": 0,
  "brawlers-deg": [
    0,
    0,
    0,
    0,
    0,
    0,
    0,
    0,
    0,
    0,
    0
  ],
  "ancient-deg": [
    0,
    0,
    0,
    0,
    0,
    0,
    0,
    0,
    0,
    0,
    0,
    0,
    0,
    0,
    0
  ],
  "killed-players": [],
  "killed-gods": [
    false,
    false,
    false,
    false,
    false
  ],
  "vod-brother": [
    [
      9029,
      0
    ],
    [
      9028,
      0
    ],
    [
      9030,
      0
    ]
  ],
  "vod-killcount": 0,
  "hov-killcount": 0,
  "barrows-brother": [
    [
      2030,
      0
    ],
    [
      2029,
      0
    ],
    [
      2028,
      0
    ],
    [
      2027,
      0
    ],
    [
      2026,
      0
    ],
    [
      2025,
      0
    ]
  ],
  "random-coffin": 0,
  "barrows-killcount": 0,
  "nomad": [
    false,
    false
  ],
  "recipe-for-disaster": [
    false,
    false,
    false,
    false,
    false,
    false,
    false,
    false,
    false
  ],
  "recipe-for-disaster-wave": 0,
  "clue-progress": 0,
  "dung-items-bound": [
    0,
    0,
    0,
    0,
    0
  ],
  "collection-data": [
    {
      "npcId": 9837,
      "item": 995,
      "amount": 135
    },
    {
      "npcId": 9837,
      "item": 2023,
      "amount": 36
    },
    {
      "npcId": 9837,
      "item": 20400,
      "amount": 1
    },
    {
      "npcId": 9027,
      "item": 995,
      "amount": 220
    },
    {
      "npcId": 9027,
      "item": 2023,
      "amount": 21
    },
    {
      "npcId": 9027,
      "item": 19989,
      "amount": 1
    },
    {
      "npcId": 9835,
      "item": 995,
      "amount": 333
    },
    {
      "npcId": 9835,
      "item": 2023,
      "amount": 34
    },
    {
      "npcId": 9835,
      "item": 20400,
      "amount": 2
    },
    {
      "npcId": 9835,
      "item": 19991,
      "amount": 1
    },
    {
      "npcId": 9911,
      "item": 995,
      "amount": 442
    },
    {
      "npcId": 9911,
      "item": 2023,
      "amount": 43
    },
    {
      "npcId": 9911,
      "item": 19984,
      "amount": 1
    },
    {
      "npcId": 9911,
      "item": 19989,
      "amount": 1
    },
    {
      "npcId": 9911,
      "item": 19992,
      "amount": 1
    },
    {
      "npcId": 9911,
      "item": 19985,
      "amount": 1
    },
    {
      "npcId": 9911,
      "item": 19991,
      "amount": 3
    },
    {
      "npcId": 9911,
      "item": 20400,
      "amount": 2
    },
    {
      "npcId": 9911,
      "item": 14488,
      "amount": 1
    },
    {
      "npcId": 9922,
      "item": 995,
      "amount": 551
    },
    {
      "npcId": 9922,
      "item": 2023,
      "amount": 52
    },
    {
      "npcId": 9922,
      "item": 14488,
      "amount": 1
    },
    {
      "npcId": 9922,
      "item": 19988,
      "amount": 1
    },
    {
      "npcId": 9922,
      "item": 19991,
      "amount": 1
    },
    {
      "npcId": 9922,
      "item": 19989,
      "amount": 1
    },
    {
      "npcId": 9922,
      "item": 19992,
      "amount": 1
    },
    {
      "npcId": 9922,
      "item": 20400,
      "amount": 1
    },
    {
      "npcId": 9922,
      "item": 19984,
      "amount": 1
    },
    {
      "npcId": 9910,
      "item": 995,
      "amount": 848
    },
    {
      "npcId": 9910,
      "item": 2023,
      "amount": 49
    },
    {
      "npcId": 9910,
      "item": 20092,
      "amount": 1
    },
    {
      "npcId": 9910,
      "item": 20088,
      "amount": 1
    },
    {
      "npcId": 9910,
      "item": 20091,
      "amount": 1
    },
    {
      "npcId": 9910,
      "item": 20087,
      "amount": 1
    },
    {
      "npcId": 8014,
      "item": 995,
      "amount": 2405
    },
    {
      "npcId": 8014,
      "item": 2023,
      "amount": 410
    },
    {
      "npcId": 8014,
      "item": 23055,
      "amount": 3
    },
    {
      "npcId": 9914,
      "item": 995,
      "amount": 24235
    },
    {
      "npcId": 9914,
      "item": 2023,
      "amount": 1237
    },
    {
      "npcId": 9906,
      "item": 995,
      "amount": 1446183
    },
    {
      "npcId": 9906,
      "item": 2023,
      "amount": 42
    },
    {
      "npcId": 9916,
      "item": 995,
      "amount": 20640
    },
    {
      "npcId": 9916,
      "item": 2023,
      "amount": 645
    },
    {
      "npcId": 9918,
      "item": 995,
      "amount": 21592
    },
    {
      "npcId": 9918,
      "item": 2023,
      "amount": 594
    },
    {
      "npcId": 9915,
      "item": 995,
      "amount": 17436
    },
    {
      "npcId": 9915,
      "item": 2023,
      "amount": 436
    },
    {
      "npcId": 2342,
      "item": 995,
      "amount": 18635
    },
    {
      "npcId": 2342,
      "item": 2023,
      "amount": 633
    },
    {
      "npcId": 8013,
      "item": 10946,
      "amount": 38
    },
    {
      "npcId": 8013,
      "item": 23020,
      "amount": 35
    },
    {
      "npcId": 9904,
      "item": 995,
      "amount": 3805264
    },
    {
      "npcId": 9904,
      "item": 2023,
      "amount": 57
    },
    {
      "npcId": 9907,
      "item": 10946,
      "amount": 14
    },
    {
      "npcId": 9907,
      "item": 2023,
      "amount": 112
    },
    {
      "npcId": 9914,
      "item": 17596,
      "amount": 1
    },
    {
      "npcId": 1906,
      "item": 995,
      "amount": 16596
    },
    {
      "npcId": 1906,
      "item": 2023,
      "amount": 595
    },
    {
      "npcId": 1906,
      "item": 8808,
      "amount": 3
    },
    {
      "npcId": 9903,
      "item": 995,
      "amount": 29917
    },
    {
      "npcId": 9916,
      "item": 23093,
      "amount": 1
    },
    {
      "npcId": 9024,
      "item": 995,
      "amount": 19625
    },
    {
      "npcId": 9024,
      "item": 2023,
      "amount": 626
    },
    {
      "npcId": 2342,
      "item": 11001,
      "amount": 2
    },
    {
      "npcId": 8008,
      "item": 995,
      "amount": 15435
    },
    {
      "npcId": 8008,
      "item": 2023,
      "amount": 439
    },
    {
      "npcId": 8002,
      "item": 995,
      "amount": 29581
    },
    {
      "npcId": 1746,
      "item": 995,
      "amount": 31400
    },
    {
      "npcId": 9839,
      "item": 995,
      "amount": 26834
    },
    {
      "npcId": 9806,
      "item": 995,
      "amount": 31253
    },
    {
      "npcId": 3010,
      "item": 995,
      "amount": 32959
    },
    {
      "npcId": 9816,
      "item": 995,
      "amount": 28262
    },
    {
      "npcId": 3013,
      "item": 995,
      "amount": 34037
    },
    {
      "npcId": 9916,
      "item": 10887,
      "amount": 2
    },
    {
      "npcId": 9918,
      "item": 21030,
      "amount": 1
    },
    {
      "npcId": 8008,
      "item": 8803,
      "amount": 2
    },
    {
      "npcId": 9908,
      "item": 10946,
      "amount": 15
    },
    {
      "npcId": 9908,
      "item": 2023,
      "amount": 313
    },
    {
      "npcId": 9024,
      "item": 11181,
      "amount": 1
    },
    {
      "npcId": 9914,
      "item": 22127,
      "amount": 1
    },
    {
      "npcId": 9026,
      "item": 995,
      "amount": 44075
    },
    {
      "npcId": 9026,
      "item": 2023,
      "amount": 77
    },
    {
      "npcId": 9915,
      "item": 14051,
      "amount": 1
    },
    {
      "npcId": 9915,
      "item": 21018,
      "amount": 1
    },
    {
      "npcId": 9918,
      "item": 21029,
      "amount": 1
    },
    {
      "npcId": 2342,
      "item": 8088,
      "amount": 1
    },
    {
      "npcId": 9916,
      "item": 23094,
      "amount": 1
    },
    {
      "npcId": 8010,
      "item": 995,
      "amount": 138732
    },
    {
      "npcId": 9914,
      "item": 22122,
      "amount": 1
    },
    {
      "npcId": 9024,
      "item": 11762,
      "amount": 1
    },
    {
      "npcId": 9024,
      "item": 11183,
      "amount": 1
    },
    {
      "npcId": 9024,
      "item": 11179,
      "amount": 1
    },
    {
      "npcId": 9914,
      "item": 22123,
      "amount": 1
    },
    {
      "npcId": 3014,
      "item": 995,
      "amount": 134134
    },
    {
      "npcId": 9903,
      "item": 23067,
      "amount": 1
    },
    {
      "npcId": 9806,
      "item": 9939,
      "amount": 3
    },
    {
      "npcId": 3014,
      "item": 22142,
      "amount": 1
    },
    {
      "npcId": 8010,
      "item": 19490,
      "amount": 1
    },
    {
      "npcId": 9839,
      "item": 19482,
      "amount": 1
    },
    {
      "npcId": 9806,
      "item": 5012,
      "amount": 1
    },
    {
      "npcId": 3010,
      "item": 8814,
      "amount": 1
    },
    {
      "npcId": 8010,
      "item": 13640,
      "amount": 1
    },
    {
      "npcId": 9903,
      "item": 23066,
      "amount": 1
    },
    {
      "npcId": 3013,
      "item": 19488,
      "amount": 1
    },
    {
      "npcId": 9904,
      "item": 15002,
      "amount": 1
    },
    {
      "npcId": 3016,
      "item": 995,
      "amount": 141186
    },
    {
      "npcId": 3016,
      "item": 22145,
      "amount": 1
    },
    {
      "npcId": 4972,
      "item": 995,
      "amount": 145432
    },
    {
      "npcId": 587,
      "item": 23058,
      "amount": 35
    },
    {
      "npcId": 587,
      "item": 23020,
      "amount": 29
    },
    {
      "npcId": 9012,
      "item": 995,
      "amount": 149191
    },
    {
      "npcId": 9012,
      "item": 22104,
      "amount": 1
    },
    {
      "npcId": 9012,
      "item": 22103,
      "amount": 1
    },
    {
      "npcId": 3019,
      "item": 995,
      "amount": 153058
    },
    {
      "npcId": 8014,
      "item": 23054,
      "amount": 4
    },
    {
      "npcId": 8014,
      "item": 23056,
      "amount": 7
    },
    {
      "npcId": 8014,
      "item": 23051,
      "amount": 3
    },
    {
      "npcId": 8014,
      "item": 23050,
      "amount": 8
    },
    {
      "npcId": 3020,
      "item": 995,
      "amount": 181170
    },
    {
      "npcId": 3020,
      "item": 22154,
      "amount": 1
    },
    {
      "npcId": 3021,
      "item": 995,
      "amount": 185720
    },
    {
      "npcId": 3021,
      "item": 22164,
      "amount": 1
    },
    {
      "npcId": 3305,
      "item": 995,
      "amount": 192266
    },
    {
      "npcId": 3305,
      "item": 23077,
      "amount": 1
    },
    {
      "npcId": 9818,
      "item": 995,
      "amount": 194930
    },
    {
      "npcId": 9912,
      "item": 995,
      "amount": 199558
    },
    {
      "npcId": 9913,
      "item": 995,
      "amount": 216720
    },
    {
      "npcId": 9913,
      "item": 20586,
      "amount": 2
    },
    {
      "npcId": 3117,
      "item": 995,
      "amount": 217741
    },
    {
      "npcId": 8013,
      "item": 2736,
      "amount": 5
    },
    {
      "npcId": 3115,
      "item": 995,
      "amount": 222548
    },
    {
      "npcId": 3115,
      "item": 14365,
      "amount": 1
    },
    {
      "npcId": 12239,
      "item": 995,
      "amount": 227496
    },
    {
      "npcId": 12239,
      "item": 22072,
      "amount": 1
    },
    {
      "npcId": 3112,
      "item": 995,
      "amount": 233495
    },
    {
      "npcId": 3011,
      "item": 995,
      "amount": 236952
    },
    {
      "npcId": 3011,
      "item": 14492,
      "amount": 1
    },
    {
      "npcId": 252,
      "item": 995,
      "amount": 241764
    },
    {
      "npcId": 449,
      "item": 995,
      "amount": 62982
    },
    {
      "npcId": 452,
      "item": 995,
      "amount": 64153
    },
    {
      "npcId": 4972,
      "item": 19492,
      "amount": 1
    },
    {
      "npcId": 187,
      "item": 995,
      "amount": 67074
    },
    {
      "npcId": 188,
      "item": 995,
      "amount": 70051
    },
    {
      "npcId": 188,
      "item": 4369,
      "amount": 1
    },
    {
      "npcId": 587,
      "item": 3094,
      "amount": 4
    },
    {
      "npcId": 587,
      "item": 15450,
      "amount": 1
    },
    {
      "npcId": 587,
      "item": 15003,
      "amount": 10
    },
    {
      "npcId": 587,
      "item": 1033,
      "amount": 10
    },
    {
      "npcId": 587,
      "item": 3088,
      "amount": 4
    },
    {
      "npcId": 188,
      "item": 13332,
      "amount": 1
    },
    {
      "npcId": 188,
      "item": 13329,
      "amount": 1
    },
    {
      "npcId": 1311,
      "item": 995,
      "amount": 84316
    },
    {
      "npcId": 9017,
      "item": 995,
      "amount": 99752
    },
    {
      "npcId": 9017,
      "item": 15645,
      "amount": 68
    },
    {
      "npcId": 9017,
      "item": 22135,
      "amount": 150
    },
    {
      "npcId": 9017,
      "item": 15646,
      "amount": 77
    },
    {
      "npcId": 9017,
      "item": 15647,
      "amount": 64
    },
    {
      "npcId": 9017,
      "item": 19481,
      "amount": 80
    },
    {
      "npcId": 9913,
      "item": 14490,
      "amount": 2
    },
    {
      "npcId": 587,
      "item": 3082,
      "amount": 8
    },
    {
      "npcId": 1313,
      "item": 995,
      "amount": 86777
    },
    {
      "npcId": 1318,
      "item": 995,
      "amount": 181440
    },
    {
      "npcId": 1318,
      "item": 13650,
      "amount": 217
    },
    {
      "npcId": 8014,
      "item": 23052,
      "amount": 8
    },
    {
      "npcId": 9806,
      "item": 8273,
      "amount": 1
    },
    {
      "npcId": 9806,
      "item": 4684,
      "amount": 3
    },
    {
      "npcId": 8013,
      "item": 11137,
      "amount": 5
    },
    {
      "npcId": 9806,
      "item": 8274,
      "amount": 2
    },
    {
      "npcId": 1311,
      "item": 4072,
      "amount": 2
    },
    {
      "npcId": 1311,
      "item": 4067,
      "amount": 2
    },
    {
      "npcId": 8013,
      "item": 19886,
      "amount": 1
    },
    {
      "npcId": 1318,
      "item": 14440,
      "amount": 4
    },
    {
      "npcId": 8003,
      "item": 995,
      "amount": 6670
    },
    {
      "npcId": 8003,
      "item": 2023,
      "amount": 219
    },
    {
      "npcId": 8003,
      "item": 8335,
      "amount": 2
    },
    {
      "npcId": 8003,
      "item": 20592,
      "amount": 2
    },
    {
      "npcId": 8003,
      "item": 19892,
      "amount": 2
    },
    {
      "npcId": 8003,
      "item": 4367,
      "amount": 6
    },
    {
      "npcId": 8003,
      "item": 19135,
      "amount": 1
    },
    {
      "npcId": 8003,
      "item": 11140,
      "amount": 2
    },
    {
      "npcId": 8003,
      "item": 20593,
      "amount": 1
    },
    {
      "npcId": 202,
      "item": 995,
      "amount": 8815
    },
    {
      "npcId": 202,
      "item": 2023,
      "amount": 224
    },
    {
      "npcId": 202,
      "item": 20542,
      "amount": 5
    },
    {
      "npcId": 202,
      "item": 13304,
      "amount": 1
    },
    {
      "npcId": 202,
      "item": 13305,
      "amount": 2
    },
    {
      "npcId": 202,
      "item": 13300,
      "amount": 1
    },
    {
      "npcId": 202,
      "item": 13301,
      "amount": 3
    },
    {
      "npcId": 202,
      "item": 18683,
      "amount": 1
    },
    {
      "npcId": 811,
      "item": 995,
      "amount": 10971
    },
    {
      "npcId": 811,
      "item": 2023,
      "amount": 215
    },
    {
      "npcId": 811,
      "item": 21068,
      "amount": 3
    },
    {
      "npcId": 811,
      "item": 21066,
      "amount": 1
    },
    {
      "npcId": 811,
      "item": 21062,
      "amount": 1
    },
    {
      "npcId": 811,
      "item": 21063,
      "amount": 1
    },
    {
      "npcId": 1318,
      "item": 14446,
      "amount": 4
    },
    {
      "npcId": 587,
      "item": 13019,
      "amount": 2
    },
    {
      "npcId": 3305,
      "item": 23076,
      "amount": 1
    },
    {
      "npcId": 1318,
      "item": 14438,
      "amount": 2
    },
    {
      "npcId": 1318,
      "item": 14444,
      "amount": 1
    },
    {
      "npcId": 595,
      "item": 995,
      "amount": 320589
    },
    {
      "npcId": 587,
      "item": 18888,
      "amount": 1
    }
  ],
  "holy-prayers-unlocked": [
    false,
    false,
    true,
    true,
    true,
    true
  ],
  "rune-ess": 0,
  "pure-ess": 0,
  "has-bank-pin": false,
  "last-pin-attempt": 0,
  "invalid-pin-attempts": 0,
  "bank-pin": [
    0,
    0,
    0,
    0
  ],
  "appearance": [
    0,
    0,
    18,
    26,
    33,
    36,
    42,
    10,
    0,
    0,
    0,
    0,
    0
  ],
  "agility-obj": [
    false,
    false,
    false,
    false,
    false,
    false,
    false
  ],
  "skills": {
    "level": [
      101,
      120,
      84,
      1200,
      120,
      1200,
      120,
      1,
      1,
      1,
      1,
      1,
      120,
      1,
      1,
      1,
      1,
      1,
      119,
      72,
      1,
      1,
      72,
      73,
      1
    ],
    "maxLevel": [
      101,
      120,
      84,
      1200,
      120,
      1200,
      120,
      1,
      1,
      1,
      1,
      1,
      120,
      1,
      1,
      1,
      1,
      1,
      119,
      72,
      1,
      1,
      72,
      73,
      1
    ],
    "experience": [
      16547494,
      2000000000,
      3119252,
      2000000000,
      2000000000,
      108632550,
      2000000000,
      0,
      0,
      0,
      0,
      0,
      2000000000,
      0,
      0,
      0,
      0,
      0,
      99011380,
      935980,
      0,
      0,
      935992,
      1024480,
      0
    ]
  },
  "inventory": [
    {
      "id": 21815,
      "amount": 43,
      "slot": 0,
      "bonus": {
        "effect": "NOTHING",
        "rarity": "COMMON",
        "bonus": 0
      }
    },
    {
      "id": 21814,
      "amount": 53,
      "slot": 0,
      "bonus": {
        "effect": "NOTHING",
        "rarity": "COMMON",
        "bonus": 0
      }
    },
    {
      "id": 23174,
      "amount": 1,
      "slot": 0,
      "bonus": {
        "effect": "NOTHING",
        "rarity": "COMMON",
        "bonus": 0
      }
    },
    {
      "id": 4442,
      "amount": 1,
      "slot": 0,
      "bonus": {
        "effect": "NOTHING",
        "rarity": "COMMON",
        "bonus": 0
      }
    },
    {
      "id": 23178,
      "amount": 1,
      "slot": 0,
      "bonus": {
        "effect": "NOTHING",
        "rarity": "COMMON",
        "bonus": 0
      }
    },
    {
      "id": 21816,
      "amount": 337,
      "slot": 0,
      "bonus": {
        "effect": "NOTHING",
        "rarity": "COMMON",
        "bonus": 0
      }
    },
    {
      "id": -1,
      "amount": 0,
      "slot": 0,
      "bonus": {
        "effect": "NOTHING",
        "rarity": "COMMON",
        "bonus": 0
      }
    },
    {
      "id": -1,
      "amount": 0,
      "slot": 0,
      "bonus": {
        "effect": "NOTHING",
        "rarity": "COMMON",
        "bonus": 0
      }
    },
    {
      "id": -1,
      "amount": 0,
      "slot": 0,
      "bonus": {
        "effect": "NOTHING",
        "rarity": "COMMON",
        "bonus": 0
      }
    },
    {
      "id": -1,
      "amount": 0,
      "slot": 0,
      "bonus": {
        "effect": "NOTHING",
        "rarity": "COMMON",
        "bonus": 0
      }
    },
    {
      "id": -1,
      "amount": 0,
      "slot": 0,
      "bonus": {
        "effect": "NOTHING",
        "rarity": "COMMON",
        "bonus": 0
      }
    },
    {
      "id": -1,
      "amount": 0,
      "slot": 0,
      "bonus": {
        "effect": "NOTHING",
        "rarity": "COMMON",
        "bonus": 0
      }
    },
    {
      "id": -1,
      "amount": 0,
      "slot": 0,
      "bonus": {
        "effect": "NOTHING",
        "rarity": "COMMON",
        "bonus": 0
      }
    },
    {
      "id": -1,
      "amount": 0,
      "slot": 0,
      "bonus": {
        "effect": "NOTHING",
        "rarity": "COMMON",
        "bonus": 0
      }
    },
    {
      "id": 15357,
      "amount": 1,
      "slot": 0,
      "bonus": {
        "effect": "NOTHING",
        "rarity": "COMMON",
        "bonus": 0
      }
    },
    {
      "id": 15357,
      "amount": 1,
      "slot": 0,
      "bonus": {
        "effect": "NOTHING",
        "rarity": "COMMON",
        "bonus": 0
      }
    },
    {
      "id": 15357,
      "amount": 1,
      "slot": 0,
      "bonus": {
        "effect": "NOTHING",
        "rarity": "COMMON",
        "bonus": 0
      }
    },
    {
      "id": 15357,
      "amount": 1,
      "slot": 0,
      "bonus": {
        "effect": "NOTHING",
        "rarity": "COMMON",
        "bonus": 0
      }
    },
    {
      "id": 15357,
      "amount": 1,
      "slot": 0,
      "bonus": {
        "effect": "NOTHING",
        "rarity": "COMMON",
        "bonus": 0
      }
    },
    {
      "id": 15357,
      "amount": 1,
      "slot": 0,
      "bonus": {
        "effect": "NOTHING",
        "rarity": "COMMON",
        "bonus": 0
      }
    },
    {
      "id": -1,
      "amount": 0,
      "slot": 0,
      "bonus": {
        "effect": "NOTHING",
        "rarity": "COMMON",
        "bonus": 0
      }
    },
    {
      "id": 2736,
      "amount": 2,
      "slot": 0,
      "bonus": {
        "effect": "NOTHING",
        "rarity": "COMMON",
        "bonus": 0
      }
    },
    {
      "id": 10835,
      "amount": 60474696,
      "slot": 0,
      "bonus": {
        "effect": "NOTHING",
        "rarity": "COMMON",
        "bonus": 0
      }
    },
    {
      "id": 995,
      "amount": 120806765,
      "slot": 0,
      "bonus": {
        "effect": "NOTHING",
        "rarity": "COMMON",
        "bonus": 0
      }
    },
    {
      "id": 23020,
      "amount": 38,
      "slot": 0,
      "bonus": {
        "effect": "NOTHING",
        "rarity": "COMMON",
        "bonus": 0
      }
    },
    {
      "id": 13650,
      "amount": 22610,
      "slot": 0,
      "bonus": {
        "effect": "NOTHING",
        "rarity": "COMMON",
        "bonus": 0
      }
    },
    {
      "id": 23126,
      "amount": 1,
      "slot": 0,
      "bonus": null
    },
    {
      "id": 13727,
      "amount": 519,
      "slot": 0,
      "bonus": {
        "effect": "NOTHING",
        "rarity": "COMMON",
        "bonus": 0
      }
    }
  ],
  "equipment": [
    {
      "id": 14440,
      "amount": 1,
      "slot": 0,
      "bonus": {
        "effect": "ALL_DAMAGE_HIGH",
        "rarity": "MYTHIC",
        "bonus": 3
      }
    },
    {
      "id": 22252,
      "amount": 1,
      "slot": 0,
      "bonus": {
        "effect": "DROP_RATE_HIGH",
        "rarity": "MYTHIC",
        "bonus": 99
      }
    },
    {
      "id": 4489,
      "amount": 1,
      "slot": 0,
      "bonus": {
        "effect": "DROP_RATE_HIGH",
        "rarity": "MYTHIC",
        "bonus": 92
      }
    },
    {
      "id": 12843,
      "amount": 1,
      "slot": 0,
      "bonus": {
        "effect": "AOE_EFFECT",
        "rarity": "MYTHIC",
        "bonus": 2
      }
    },
    {
      "id": 22244,
      "amount": 1,
      "slot": 0,
      "bonus": {
        "effect": "DROP_RATE_HIGH",
        "rarity": "MYTHIC",
        "bonus": 81
      }
    },
    {
      "id": 4072,
      "amount": 1,
      "slot": 0,
      "bonus": {
        "effect": "ALL_DAMAGE_HIGH",
        "rarity": "MYTHIC",
        "bonus": 3
      }
    },
    {
      "id": 15449,
      "amount": 1,
      "slot": 0,
      "bonus": {
        "effect": "ALL_DAMAGE_HIGH",
        "rarity": "MYTHIC",
        "bonus": 3
      }
    },
    {
      "id": 14438,
      "amount": 1,
      "slot": 0,
      "bonus": {
        "effect": "DROP_RATE_HIGH",
        "rarity": "MYTHIC",
        "bonus": 76
      }
    },
    {
      "id": 1857,
      "amount": 1,
      "slot": 0,
      "bonus": {
        "effect": "ALL_DAMAGE_HIGH",
        "rarity": "MYTHIC",
        "bonus": 3
      }
    },
    {
      "id": 22248,
      "amount": 1,
      "slot": 0,
      "bonus": {
        "effect": "DROP_RATE_HIGH",
        "rarity": "MYTHIC",
        "bonus": 76
      }
    },
    {
      "id": 14444,
      "amount": 1,
      "slot": 0,
      "bonus": {
        "effect": "ALL_DAMAGE_HIGH",
        "rarity": "MYTHIC",
        "bonus": 3
      }
    },
    {
      "id": 11340,
      "amount": 1,
      "slot": 0,
      "bonus": {
        "effect": "ALL_DAMAGE_HIGH",
        "rarity": "MYTHIC",
        "bonus": 3
      }
    },
    {
      "id": 5521,
      "amount": 1,
      "slot": 0,
      "bonus": {
        "effect": "DROP_RATE_HIGH",
        "rarity": "MYTHIC",
        "bonus": 97
      }
    },
    {
      "id": 23049,
      "amount": 1,
      "slot": 0,
      "bonus": {
        "effect": "DROP_RATE_HIGH",
        "rarity": "MYTHIC",
        "bonus": 93
      }
    },
    {
      "id": 15589,
      "amount": 1,
      "slot": 0,
      "bonus": {
        "effect": "ALL_DAMAGE_HIGH",
        "rarity": "MYTHIC",
        "bonus": 3
      }
    }
  ],
  "secondary-equipment": [
    {
      "id": -1,
      "amount": 0,
      "slot": 0,
      "bonus": {
        "effect": "NOTHING",
        "rarity": "COMMON",
        "bonus": 0
      }
    },
    {
      "id": -1,
      "amount": 0,
      "slot": 0,
      "bonus": {
        "effect": "NOTHING",
        "rarity": "COMMON",
        "bonus": 0
      }
    },
    {
      "id": -1,
      "amount": 0,
      "slot": 0,
      "bonus": {
        "effect": "NOTHING",
        "rarity": "COMMON",
        "bonus": 0
      }
    },
    {
      "id": -1,
      "amount": 0,
      "slot": 0,
      "bonus": {
        "effect": "NOTHING",
        "rarity": "COMMON",
        "bonus": 0
      }
    },
    {
      "id": -1,
      "amount": 0,
      "slot": 0,
      "bonus": {
        "effect": "NOTHING",
        "rarity": "COMMON",
        "bonus": 0
      }
    },
    {
      "id": -1,
      "amount": 0,
      "slot": 0,
      "bonus": {
        "effect": "NOTHING",
        "rarity": "COMMON",
        "bonus": 0
      }
    },
    {
      "id": -1,
      "amount": 0,
      "slot": 0,
      "bonus": {
        "effect": "NOTHING",
        "rarity": "COMMON",
        "bonus": 0
      }
    },
    {
      "id": -1,
      "amount": 0,
      "slot": 0,
      "bonus": {
        "effect": "NOTHING",
        "rarity": "COMMON",
        "bonus": 0
      }
    },
    {
      "id": -1,
      "amount": 0,
      "slot": 0,
      "bonus": {
        "effect": "NOTHING",
        "rarity": "COMMON",
        "bonus": 0
      }
    },
    {
      "id": -1,
      "amount": 0,
      "slot": 0,
      "bonus": {
        "effect": "NOTHING",
        "rarity": "COMMON",
        "bonus": 0
      }
    },
    {
      "id": -1,
      "amount": 0,
      "slot": 0,
      "bonus": {
        "effect": "NOTHING",
        "rarity": "COMMON",
        "bonus": 0
      }
    },
    {
      "id": -1,
      "amount": 0,
      "slot": 0,
      "bonus": {
        "effect": "NOTHING",
        "rarity": "COMMON",
        "bonus": 0
      }
    },
    {
      "id": -1,
      "amount": 0,
      "slot": 0,
      "bonus": {
        "effect": "NOTHING",
        "rarity": "COMMON",
        "bonus": 0
      }
    },
    {
      "id": -1,
      "amount": 0,
      "slot": 0,
      "bonus": {
        "effect": "NOTHING",
        "rarity": "COMMON",
        "bonus": 0
      }
    },
    {
      "id": -1,
      "amount": 0,
      "slot": 0,
      "bonus": {
        "effect": "NOTHING",
        "rarity": "COMMON",
        "bonus": 0
      }
    }
  ],
  "preset-equipment": [
    {
      "id": -1,
      "amount": 0,
      "slot": 0,
      "bonus": {
        "effect": "NOTHING",
        "rarity": "COMMON",
        "bonus": 0
      }
    },
    {
      "id": -1,
      "amount": 0,
      "slot": 0,
      "bonus": {
        "effect": "NOTHING",
        "rarity": "COMMON",
        "bonus": 0
      }
    },
    {
      "id": -1,
      "amount": 0,
      "slot": 0,
      "bonus": {
        "effect": "NOTHING",
        "rarity": "COMMON",
        "bonus": 0
      }
    },
    {
      "id": -1,
      "amount": 0,
      "slot": 0,
      "bonus": {
        "effect": "NOTHING",
        "rarity": "COMMON",
        "bonus": 0
      }
    },
    {
      "id": -1,
      "amount": 0,
      "slot": 0,
      "bonus": {
        "effect": "NOTHING",
        "rarity": "COMMON",
        "bonus": 0
      }
    },
    {
      "id": -1,
      "amount": 0,
      "slot": 0,
      "bonus": {
        "effect": "NOTHING",
        "rarity": "COMMON",
        "bonus": 0
      }
    },
    {
      "id": -1,
      "amount": 0,
      "slot": 0,
      "bonus": {
        "effect": "NOTHING",
        "rarity": "COMMON",
        "bonus": 0
      }
    },
    {
      "id": -1,
      "amount": 0,
      "slot": 0,
      "bonus": {
        "effect": "NOTHING",
        "rarity": "COMMON",
        "bonus": 0
      }
    },
    {
      "id": -1,
      "amount": 0,
      "slot": 0,
      "bonus": {
        "effect": "NOTHING",
        "rarity": "COMMON",
        "bonus": 0
      }
    },
    {
      "id": -1,
      "amount": 0,
      "slot": 0,
      "bonus": {
        "effect": "NOTHING",
        "rarity": "COMMON",
        "bonus": 0
      }
    },
    {
      "id": -1,
      "amount": 0,
      "slot": 0,
      "bonus": {
        "effect": "NOTHING",
        "rarity": "COMMON",
        "bonus": 0
      }
    },
    {
      "id": -1,
      "amount": 0,
      "slot": 0,
      "bonus": {
        "effect": "NOTHING",
        "rarity": "COMMON",
        "bonus": 0
      }
    },
    {
      "id": -1,
      "amount": 0,
      "slot": 0,
      "bonus": {
        "effect": "NOTHING",
        "rarity": "COMMON",
        "bonus": 0
      }
    },
    {
      "id": -1,
      "amount": 0,
      "slot": 0,
      "bonus": {
        "effect": "NOTHING",
        "rarity": "COMMON",
        "bonus": 0
      }
    },
    {
      "id": -1,
      "amount": 0,
      "slot": 0,
      "bonus": {
        "effect": "NOTHING",
        "rarity": "COMMON",
        "bonus": 0
      }
    }
  ],
  "offences": [],
  "bank-0": [
    {
      "id": 17817,
      "amount": 100,
      "slot": 0,
      "bonus": {
        "effect": "NOTHING",
        "rarity": "COMMON",
        "bonus": 0
      }
    },
    {
      "id": 3024,
      "amount": 100,
      "slot": 0,
      "bonus": {
        "effect": "NOTHING",
        "rarity": "COMMON",
        "bonus": 0
      }
    },
    {
      "id": 14488,
      "amount": 3,
      "slot": 0,
      "bonus": {
        "effect": "NOTHING",
        "rarity": "COMMON",
        "bonus": 0
      }
    },
    {
      "id": 22084,
      "amount": 1,
      "slot": 0,
      "bonus": {
        "effect": "NOTHING",
        "rarity": "COMMON",
        "bonus": 0
      }
    },
    {
      "id": 19944,
      "amount": 1,
      "slot": 0,
      "bonus": {
        "effect": "NOTHING",
        "rarity": "COMMON",
        "bonus": 0
      }
    },
    {
      "id": 19946,
      "amount": 1,
      "slot": 0,
      "bonus": {
        "effect": "NOTHING",
        "rarity": "COMMON",
        "bonus": 0
      }
    },
    {
      "id": 703,
      "amount": 1,
      "slot": 0,
      "bonus": {
        "effect": "NOTHING",
        "rarity": "COMMON",
        "bonus": 0
      }
    },
    {
      "id": 22083,
      "amount": 1,
      "slot": 0,
      "bonus": {
        "effect": "NOTHING",
        "rarity": "COMMON",
        "bonus": 0
      }
    },
    {
      "id": 704,
      "amount": 1,
      "slot": 0,
      "bonus": {
        "effect": "NOTHING",
        "rarity": "COMMON",
        "bonus": 0
      }
    },
    {
      "id": 705,
      "amount": 1,
      "slot": 0,
      "bonus": {
        "effect": "NOTHING",
        "rarity": "COMMON",
        "bonus": 0
      }
    },
    {
      "id": 22092,
      "amount": 1,
      "slot": 0,
      "bonus": {
        "effect": "NOTHING",
        "rarity": "COMMON",
        "bonus": 0
      }
    },
    {
      "id": 23091,
      "amount": 1,
      "slot": 0,
      "bonus": {
        "effect": "NOTHING",
        "rarity": "COMMON",
        "bonus": 0
      }
    },
    {
      "id": 23089,
      "amount": 1,
      "slot": 0,
      "bonus": {
        "effect": "NOTHING",
        "rarity": "COMMON",
        "bonus": 0
      }
    },
    {
      "id": 13727,
      "amount": 0,
      "slot": 0,
      "bonus": {
        "effect": "NOTHING",
        "rarity": "COMMON",
        "bonus": 0
      }
    },
    {
      "id": 2023,
      "amount": 12480,
      "slot": 0,
      "bonus": {
        "effect": "NOTHING",
        "rarity": "COMMON",
        "bonus": 0
      }
    },
    {
      "id": 19984,
      "amount": 1,
      "slot": 0,
      "bonus": {
        "effect": "NOTHING",
        "rarity": "COMMON",
        "bonus": 0
      }
    },
    {
      "id": 19985,
      "amount": 1,
      "slot": 0,
      "bonus": {
        "effect": "NOTHING",
        "rarity": "COMMON",
        "bonus": 0
      }
    },
    {
      "id": 19986,
      "amount": 1,
      "slot": 0,
      "bonus": {
        "effect": "NOTHING",
        "rarity": "COMMON",
        "bonus": 0
      }
    },
    {
      "id": 22175,
      "amount": 1,
      "slot": 0,
      "bonus": {
        "effect": "NOTHING",
        "rarity": "COMMON",
        "bonus": 0
      }
    },
    {
      "id": 19945,
      "amount": 1,
      "slot": 0,
      "bonus": {
        "effect": "NOTHING",
        "rarity": "COMMON",
        "bonus": 0
      }
    },
    {
      "id": 20092,
      "amount": 1,
      "slot": 0,
      "bonus": {
        "effect": "NOTHING",
        "rarity": "COMMON",
        "bonus": 0
      }
    },
    {
      "id": 19914,
      "amount": 1,
      "slot": 0,
      "bonus": {
        "effect": "NOTHING",
        "rarity": "COMMON",
        "bonus": 0
      }
    },
    {
      "id": 22135,
      "amount": 0,
      "slot": 0,
      "bonus": {
        "effect": "MAGIC_DAMAGE",
        "rarity": "UNCOMMON",
        "bonus": 1
      }
    },
    {
      "id": 17283,
      "amount": 0,
      "slot": 0,
      "bonus": {
        "effect": "ALL_DAMAGE_LOW",
        "rarity": "RARE",
        "bonus": 1
      }
    },
    {
      "id": 15646,
      "amount": 0,
      "slot": 0,
      "bonus": {
        "effect": "DROP_RATE_LOW",
        "rarity": "RARE",
        "bonus": 15
      }
    },
    {
      "id": 21066,
      "amount": 0,
      "slot": 0,
      "bonus": {
        "effect": "NOTHING",
        "rarity": "COMMON",
        "bonus": 0
      }
    },
    {
      "id": 18750,
      "amount": 1,
      "slot": 0,
      "bonus": {
        "effect": "MAGIC_DAMAGE",
        "rarity": "UNCOMMON",
        "bonus": 1
      }
    },
    {
      "id": 23122,
      "amount": 3,
      "slot": 0,
      "bonus": {
        "effect": "NOTHING",
        "rarity": "COMMON",
        "bonus": 0
      }
    },
    {
      "id": 8788,
      "amount": 0,
      "slot": 0,
      "bonus": {
        "effect": "NOTHING",
        "rarity": "COMMON",
        "bonus": 0
      }
    },
    {
      "id": 20503,
      "amount": 48,
      "slot": 0,
      "bonus": {
        "effect": "NOTHING",
        "rarity": "COMMON",
        "bonus": 0
      }
    },
    {
      "id": 23124,
      "amount": 4,
      "slot": 0,
      "bonus": {
        "effect": "NOTHING",
        "rarity": "COMMON",
        "bonus": 0
      }
    },
    {
      "id": 11137,
      "amount": 466,
      "slot": 0,
      "bonus": {
        "effect": "NOTHING",
        "rarity": "COMMON",
        "bonus": 0
      }
    },
    {
      "id": 23126,
      "amount": 1,
      "slot": 0,
      "bonus": {
        "effect": "NOTHING",
        "rarity": "COMMON",
        "bonus": 0
      }
    },
    {
      "id": 23123,
      "amount": 2,
      "slot": 0,
      "bonus": {
        "effect": "NOTHING",
        "rarity": "COMMON",
        "bonus": 0
      }
    },
    {
      "id": 22103,
      "amount": 1,
      "slot": 0,
      "bonus": {
        "effect": "NOTHING",
        "rarity": "COMMON",
        "bonus": 0
      }
    },
    {
      "id": 15250,
      "amount": 7,
      "slot": 0,
      "bonus": {
        "effect": "NOTHING",
        "rarity": "COMMON",
        "bonus": 0
      }
    },
    {
      "id": 14357,
      "amount": 1,
      "slot": 0,
      "bonus": {
        "effect": "NOTHING",
        "rarity": "COMMON",
        "bonus": 0
      }
    },
    {
      "id": 2736,
      "amount": 0,
      "slot": 0,
      "bonus": {
        "effect": "NOTHING",
        "rarity": "COMMON",
        "bonus": 0
      }
    },
    {
      "id": 15646,
      "amount": 0,
      "slot": 0,
      "bonus": {
        "effect": "NOTHING",
        "rarity": "COMMON",
        "bonus": 0
      }
    },
    {
      "id": 15646,
      "amount": 0,
      "slot": 0,
      "bonus": {
        "effect": "ALL_DAMAGE_HIGH",
        "rarity": "MYTHIC",
        "bonus": 3
      }
    },
    {
      "id": 23120,
      "amount": 4,
      "slot": 0,
      "bonus": {
        "effect": "NOTHING",
        "rarity": "COMMON",
        "bonus": 0
      }
    },
    {
      "id": 23118,
      "amount": 2,
      "slot": 0,
      "bonus": {
        "effect": "NOTHING",
        "rarity": "COMMON",
        "bonus": 0
      }
    },
    {
      "id": 22135,
      "amount": 0,
      "slot": 0,
      "bonus": {
        "effect": "ALL_DAMAGE_HIGH",
        "rarity": "MYTHIC",
        "bonus": 3
      }
    },
    {
      "id": 22135,
      "amount": 0,
      "slot": 0,
      "bonus": {
        "effect": "AOE_EFFECT",
        "rarity": "MYTHIC",
        "bonus": 1
      }
    },
    {
      "id": 22135,
      "amount": 0,
      "slot": 0,
      "bonus": {
        "effect": "AOE_EFFECT",
        "rarity": "MYTHIC",
        "bonus": 2
      }
    },
    {
      "id": 14440,
      "amount": 0,
      "slot": 0,
      "bonus": {
        "effect": "ALL_DAMAGE_HIGH",
        "rarity": "MYTHIC",
        "bonus": 3
      }
    },
    {
      "id": 2734,
      "amount": 0,
      "slot": 0,
      "bonus": {
        "effect": "NOTHING",
        "rarity": "COMMON",
        "bonus": 0
      }
    },
    {
      "id": 20504,
      "amount": 1,
      "slot": 0,
      "bonus": {
        "effect": "NOTHING",
        "rarity": "COMMON",
        "bonus": 0
      }
    },
    {
      "id": 18881,
      "amount": 1,
      "slot": 0,
      "bonus": {
        "effect": "NOTHING",
        "rarity": "COMMON",
        "bonus": 0
      }
    },
    {
      "id": 7995,
      "amount": 1,
      "slot": 0,
      "bonus": {
        "effect": "NOTHING",
        "rarity": "COMMON",
        "bonus": 0
      }
    },
    {
      "id": 4151,
      "amount": 2,
      "slot": 0,
      "bonus": {
        "effect": "NOTHING",
        "rarity": "COMMON",
        "bonus": 0
      }
    },
    {
      "id": 17391,
      "amount": 1,
      "slot": 0,
      "bonus": {
        "effect": "DOUBLE_CASH",
        "rarity": "LEGENDARY",
        "bonus": 2
      }
    }
  ],
  "bank-1": [
    {
      "id": 789,
      "amount": 4,
      "slot": 0,
      "bonus": {
        "effect": "NOTHING",
        "rarity": "COMMON",
        "bonus": 0
      }
    },
    {
      "id": 940,
      "amount": 1,
      "slot": 0,
      "bonus": {
        "effect": "NOTHING",
        "rarity": "COMMON",
        "bonus": 0
      }
    },
    {
      "id": 795,
      "amount": 6,
      "slot": 0,
      "bonus": {
        "effect": "NOTHING",
        "rarity": "COMMON",
        "bonus": 0
      }
    },
    {
      "id": 815,
      "amount": 4,
      "slot": 0,
      "bonus": {
        "effect": "NOTHING",
        "rarity": "COMMON",
        "bonus": 0
      }
    },
    {
      "id": 777,
      "amount": 78,
      "slot": 0,
      "bonus": {
        "effect": "NOTHING",
        "rarity": "COMMON",
        "bonus": 0
      }
    },
    {
      "id": 922,
      "amount": 3,
      "slot": 0,
      "bonus": {
        "effect": "NOTHING",
        "rarity": "COMMON",
        "bonus": 0
      }
    },
    {
      "id": 925,
      "amount": 3,
      "slot": 0,
      "bonus": {
        "effect": "NOTHING",
        "rarity": "COMMON",
        "bonus": 0
      }
    },
    {
      "id": 913,
      "amount": 5,
      "slot": 0,
      "bonus": {
        "effect": "NOTHING",
        "rarity": "COMMON",
        "bonus": 0
      }
    },
    {
      "id": 783,
      "amount": 8,
      "slot": 0,
      "bonus": {
        "effect": "NOTHING",
        "rarity": "COMMON",
        "bonus": 0
      }
    },
    {
      "id": 934,
      "amount": 1,
      "slot": 0,
      "bonus": {
        "effect": "NOTHING",
        "rarity": "COMMON",
        "bonus": 0
      }
    },
    {
      "id": 919,
      "amount": 5,
      "slot": 0,
      "bonus": {
        "effect": "NOTHING",
        "rarity": "COMMON",
        "bonus": 0
      }
    },
    {
      "id": 928,
      "amount": 4,
      "slot": 0,
      "bonus": {
        "effect": "NOTHING",
        "rarity": "COMMON",
        "bonus": 0
      }
    },
    {
      "id": 732,
      "amount": 7,
      "slot": 0,
      "bonus": {
        "effect": "NOTHING",
        "rarity": "COMMON",
        "bonus": 0
      }
    },
    {
      "id": 6953,
      "amount": 4,
      "slot": 0,
      "bonus": {
        "effect": "NOTHING",
        "rarity": "COMMON",
        "bonus": 0
      }
    },
    {
      "id": 942,
      "amount": 9,
      "slot": 0,
      "bonus": {
        "effect": "NOTHING",
        "rarity": "COMMON",
        "bonus": 0
      }
    },
    {
      "id": 1019,
      "amount": 1,
      "slot": 0,
      "bonus": {
        "effect": "NOTHING",
        "rarity": "COMMON",
        "bonus": 0
      }
    },
    {
      "id": 1007,
      "amount": 1,
      "slot": 0,
      "bonus": {
        "effect": "NOTHING",
        "rarity": "COMMON",
        "bonus": 0
      }
    },
    {
      "id": 943,
      "amount": 6,
      "slot": 0,
      "bonus": {
        "effect": "NOTHING",
        "rarity": "COMMON",
        "bonus": 0
      }
    },
    {
      "id": 23067,
      "amount": 1,
      "slot": 0,
      "bonus": {
        "effect": "NOTHING",
        "rarity": "COMMON",
        "bonus": 0
      }
    },
    {
      "id": 1011,
      "amount": 3,
      "slot": 0,
      "bonus": {
        "effect": "NOTHING",
        "rarity": "COMMON",
        "bonus": 0
      }
    },
    {
      "id": 8212,
      "amount": 4,
      "slot": 0,
      "bonus": {
        "effect": "NOTHING",
        "rarity": "COMMON",
        "bonus": 0
      }
    },
    {
      "id": 945,
      "amount": 5,
      "slot": 0,
      "bonus": {
        "effect": "NOTHING",
        "rarity": "COMMON",
        "bonus": 0
      }
    },
    {
      "id": 1005,
      "amount": 2,
      "slot": 0,
      "bonus": {
        "effect": "NOTHING",
        "rarity": "COMMON",
        "bonus": 0
      }
    },
    {
      "id": 1021,
      "amount": 2,
      "slot": 0,
      "bonus": {
        "effect": "NOTHING",
        "rarity": "COMMON",
        "bonus": 0
      }
    },
    {
      "id": 1013,
      "amount": 1,
      "slot": 0,
      "bonus": {
        "effect": "NOTHING",
        "rarity": "COMMON",
        "bonus": 0
      }
    },
    {
      "id": 1025,
      "amount": 1,
      "slot": 0,
      "bonus": {
        "effect": "NOTHING",
        "rarity": "COMMON",
        "bonus": 0
      }
    },
    {
      "id": 916,
      "amount": 9,
      "slot": 0,
      "bonus": {
        "effect": "NOTHING",
        "rarity": "COMMON",
        "bonus": 0
      }
    },
    {
      "id": 931,
      "amount": 2,
      "slot": 0,
      "bonus": {
        "effect": "NOTHING",
        "rarity": "COMMON",
        "bonus": 0
      }
    },
    {
      "id": 937,
      "amount": 1,
      "slot": 0,
      "bonus": {
        "effect": "NOTHING",
        "rarity": "COMMON",
        "bonus": 0
      }
    },
    {
      "id": 19488,
      "amount": 1,
      "slot": 0,
      "bonus": {
        "effect": "NOTHING",
        "rarity": "COMMON",
        "bonus": 0
      }
    },
    {
      "id": 1015,
      "amount": 1,
      "slot": 0,
      "bonus": {
        "effect": "NOTHING",
        "rarity": "COMMON",
        "bonus": 0
      }
    },
    {
      "id": 4022,
      "amount": 1,
      "slot": 0,
      "bonus": {
        "effect": "NOTHING",
        "rarity": "COMMON",
        "bonus": 0
      }
    }
  ],
  "bank-2": [
    {
      "id": 23081,
      "amount": 1,
      "slot": 0,
      "bonus": {
        "effect": "NOTHING",
        "rarity": "COMMON",
        "bonus": 0
      }
    },
    {
      "id": 19482,
      "amount": 1,
      "slot": 0,
      "bonus": {
        "effect": "NOTHING",
        "rarity": "COMMON",
        "bonus": 0
      }
    },
    {
      "id": 19490,
      "amount": 1,
      "slot": 0,
      "bonus": {
        "effect": "NOTHING",
        "rarity": "COMMON",
        "bonus": 0
      }
    },
    {
      "id": 19492,
      "amount": 1,
      "slot": 0,
      "bonus": {
        "effect": "NOTHING",
        "rarity": "COMMON",
        "bonus": 0
      }
    },
    {
      "id": 20586,
      "amount": 2,
      "slot": 0,
      "bonus": {
        "effect": "NOTHING",
        "rarity": "COMMON",
        "bonus": 0
      }
    },
    {
      "id": 19481,
      "amount": 80,
      "slot": 0,
      "bonus": {
        "effect": "NOTHING",
        "rarity": "COMMON",
        "bonus": 0
      }
    },
    {
      "id": 4440,
      "amount": 0,
      "slot": 0,
      "bonus": {
        "effect": "NOTHING",
        "rarity": "COMMON",
        "bonus": 0
      }
    }
  ],
  "bank-3": [
    {
      "id": 11179,
      "amount": 1,
      "slot": 0,
      "bonus": {
        "effect": "RANGE_DAMAGE",
        "rarity": "UNCOMMON",
        "bonus": 1
      }
    },
    {
      "id": 23066,
      "amount": 1,
      "slot": 0,
      "bonus": {
        "effect": "NOTHING",
        "rarity": "COMMON",
        "bonus": 0
      }
    },
    {
      "id": 13640,
      "amount": 1,
      "slot": 0,
      "bonus": {
        "effect": "NOTHING",
        "rarity": "COMMON",
        "bonus": 0
      }
    },
    {
      "id": 19886,
      "amount": 2,
      "slot": 0,
      "bonus": {
        "effect": "NOTHING",
        "rarity": "COMMON",
        "bonus": 0
      }
    },
    {
      "id": 23077,
      "amount": 1,
      "slot": 0,
      "bonus": {
        "effect": "ALL_DAMAGE_MEDIUM",
        "rarity": "LEGENDARY",
        "bonus": 2
      }
    },
    {
      "id": 19888,
      "amount": 1,
      "slot": 0,
      "bonus": {
        "effect": "NOTHING",
        "rarity": "COMMON",
        "bonus": 0
      }
    },
    {
      "id": 22072,
      "amount": 1,
      "slot": 0,
      "bonus": {
        "effect": "NOTHING",
        "rarity": "COMMON",
        "bonus": 0
      }
    },
    {
      "id": 4369,
      "amount": 1,
      "slot": 0,
      "bonus": {
        "effect": "DOUBLE_DROP",
        "rarity": "RARE",
        "bonus": 15
      }
    },
    {
      "id": 19886,
      "amount": 0,
      "slot": 0,
      "bonus": {
        "effect": "ALL_DAMAGE_LOW",
        "rarity": "RARE",
        "bonus": 1
      }
    },
    {
      "id": 21934,
      "amount": 0,
      "slot": 0,
      "bonus": {
        "effect": "ALL_DAMAGE_HIGH",
        "rarity": "MYTHIC",
        "bonus": 3
      }
    },
    {
      "id": 15645,
      "amount": 1,
      "slot": 0,
      "bonus": {
        "effect": "NOTHING",
        "rarity": "COMMON",
        "bonus": 0
      }
    },
    {
      "id": 15645,
      "amount": 1,
      "slot": 0,
      "bonus": {
        "effect": "ALL_DAMAGE_HIGH",
        "rarity": "MYTHIC",
        "bonus": 3
      }
    },
    {
      "id": 15645,
      "amount": 1,
      "slot": 0,
      "bonus": {
        "effect": "RANGE_DAMAGE",
        "rarity": "UNCOMMON",
        "bonus": 1
      }
    },
    {
      "id": 19886,
      "amount": 1,
      "slot": 0,
      "bonus": {
        "effect": "MAGIC_DAMAGE",
        "rarity": "UNCOMMON",
        "bonus": 1
      }
    },
    {
      "id": 23170,
      "amount": 1,
      "slot": 0,
      "bonus": {
        "effect": "NOTHING",
        "rarity": "COMMON",
        "bonus": 0
      }
    },
    {
      "id": 15647,
      "amount": 1,
      "slot": 0,
      "bonus": {
        "effect": "NOTHING",
        "rarity": "COMMON",
        "bonus": 0
      }
    },
    {
      "id": 23076,
      "amount": 1,
      "slot": 0,
      "bonus": {
        "effect": "DROP_RATE_LOW",
        "rarity": "RARE",
        "bonus": 10
      }
    }
  ],
  "bank-4": [
    {
      "id": 17542,
      "amount": 7,
      "slot": 0,
      "bonus": {
        "effect": "NOTHING",
        "rarity": "COMMON",
        "bonus": 0
      }
    },
    {
      "id": 17544,
      "amount": 4,
      "slot": 0,
      "bonus": {
        "effect": "NOTHING",
        "rarity": "COMMON",
        "bonus": 0
      }
    },
    {
      "id": 17546,
      "amount": 2,
      "slot": 0,
      "bonus": {
        "effect": "NOTHING",
        "rarity": "COMMON",
        "bonus": 0
      }
    },
    {
      "id": 1027,
      "amount": 2,
      "slot": 0,
      "bonus": {
        "effect": "NOTHING",
        "rarity": "COMMON",
        "bonus": 0
      }
    },
    {
      "id": 3092,
      "amount": 0,
      "slot": 0,
      "bonus": {
        "effect": "NOTHING",
        "rarity": "COMMON",
        "bonus": 0
      }
    },
    {
      "id": 3094,
      "amount": 0,
      "slot": 0,
      "bonus": {
        "effect": "NOTHING",
        "rarity": "COMMON",
        "bonus": 0
      }
    },
    {
      "id": 3088,
      "amount": 1,
      "slot": 0,
      "bonus": {
        "effect": "NOTHING",
        "rarity": "COMMON",
        "bonus": 0
      }
    },
    {
      "id": 15358,
      "amount": 0,
      "slot": 0,
      "bonus": {
        "effect": "NOTHING",
        "rarity": "COMMON",
        "bonus": 0
      }
    },
    {
      "id": 15355,
      "amount": 0,
      "slot": 0,
      "bonus": {
        "effect": "NOTHING",
        "rarity": "COMMON",
        "bonus": 0
      }
    },
    {
      "id": 15359,
      "amount": 2,
      "slot": 0,
      "bonus": {
        "effect": "NOTHING",
        "rarity": "COMMON",
        "bonus": 0
      }
    },
    {
      "id": 3086,
      "amount": 0,
      "slot": 0,
      "bonus": {
        "effect": "NOTHING",
        "rarity": "COMMON",
        "bonus": 0
      }
    },
    {
      "id": 3090,
      "amount": 0,
      "slot": 0,
      "bonus": {
        "effect": "NOTHING",
        "rarity": "COMMON",
        "bonus": 0
      }
    },
    {
      "id": 1033,
      "amount": 28,
      "slot": 0,
      "bonus": {
        "effect": "NOTHING",
        "rarity": "COMMON",
        "bonus": 0
      }
    },
    {
      "id": 3082,
      "amount": 12,
      "slot": 0,
      "bonus": {
        "effect": "NOTHING",
        "rarity": "COMMON",
        "bonus": 0
      }
    },
    {
      "id": 15357,
      "amount": 2,
      "slot": 0,
      "bonus": {
        "effect": "NOTHING",
        "rarity": "COMMON",
        "bonus": 0
      }
    },
    {
      "id": 15450,
      "amount": 1,
      "slot": 0,
      "bonus": {
        "effect": "ALL_DAMAGE_HIGH",
        "rarity": "MYTHIC",
        "bonus": 3
      }
    },
    {
      "id": 18888,
      "amount": 1,
      "slot": 0,
      "bonus": {
        "effect": "NOTHING",
        "rarity": "COMMON",
        "bonus": 0
      }
    }
  ],
  "bank-5": [
    {
      "id": 10835,
      "amount": 0,
      "slot": 0,
      "bonus": {
        "effect": "NOTHING",
        "rarity": "COMMON",
        "bonus": 0
      }
    },
    {
      "id": 23058,
      "amount": 6,
      "slot": 0,
      "bonus": {
        "effect": "NOTHING",
        "rarity": "COMMON",
        "bonus": 0
      }
    },
    {
      "id": 23057,
      "amount": 0,
      "slot": 0,
      "bonus": {
        "effect": "NOTHING",
        "rarity": "COMMON",
        "bonus": 0
      }
    },
    {
      "id": 10946,
      "amount": 10,
      "slot": 0,
      "bonus": {
        "effect": "NOTHING",
        "rarity": "COMMON",
        "bonus": 0
      }
    },
    {
      "id": 4085,
      "amount": 0,
      "slot": 0,
      "bonus": {
        "effect": "NOTHING",
        "rarity": "COMMON",
        "bonus": 0
      }
    },
    {
      "id": 5023,
      "amount": 91,
      "slot": 0,
      "bonus": {
        "effect": "NOTHING",
        "rarity": "COMMON",
        "bonus": 0
      }
    },
    {
      "id": 2381,
      "amount": 1,
      "slot": 0,
      "bonus": {
        "effect": "NOTHING",
        "rarity": "COMMON",
        "bonus": 0
      }
    },
    {
      "id": 2382,
      "amount": 6,
      "slot": 0,
      "bonus": {
        "effect": "NOTHING",
        "rarity": "COMMON",
        "bonus": 0
      }
    },
    {
      "id": 2380,
      "amount": 2,
      "slot": 0,
      "bonus": {
        "effect": "NOTHING",
        "rarity": "COMMON",
        "bonus": 0
      }
    },
    {
      "id": 23178,
      "amount": 1,
      "slot": 0,
      "bonus": {
        "effect": "NOTHING",
        "rarity": "COMMON",
        "bonus": 0
      }
    },
    {
      "id": 23174,
      "amount": 2,
      "slot": 0,
      "bonus": {
        "effect": "NOTHING",
        "rarity": "COMMON",
        "bonus": 0
      }
    },
    {
      "id": 22110,
      "amount": 2,
      "slot": 0,
      "bonus": {
        "effect": "NOTHING",
        "rarity": "COMMON",
        "bonus": 0
      }
    },
    {
      "id": 9084,
      "amount": 2,
      "slot": 0,
      "bonus": {
        "effect": "NOTHING",
        "rarity": "COMMON",
        "bonus": 0
      }
    },
    {
      "id": 23020,
      "amount": 0,
      "slot": 0,
      "bonus": {
        "effect": "NOTHING",
        "rarity": "COMMON",
        "bonus": 0
      }
    },
    {
      "id": 4442,
      "amount": 0,
      "slot": 0,
      "bonus": {
        "effect": "NOTHING",
        "rarity": "COMMON",
        "bonus": 0
      }
    },
    {
      "id": 13650,
      "amount": 0,
      "slot": 0,
      "bonus": {
        "effect": "NOTHING",
        "rarity": "COMMON",
        "bonus": 0
      }
    },
    {
      "id": 4085,
      "amount": 0,
      "slot": 0,
      "bonus": {
        "effect": "DROP_RATE_HIGH",
        "rarity": "MYTHIC",
        "bonus": 79
      }
    },
    {
      "id": 22254,
      "amount": 1,
      "slot": 0,
      "bonus": {
        "effect": "DOUBLE_CASH",
        "rarity": "LEGENDARY",
        "bonus": 2
      }
    }
  ],
  "bank-6": [
    {
      "id": 23050,
      "amount": 2,
      "slot": 0,
      "bonus": {
        "effect": "NOTHING",
        "rarity": "COMMON",
        "bonus": 0
      }
    },
    {
      "id": 23056,
      "amount": 2,
      "slot": 0,
      "bonus": {
        "effect": "NOTHING",
        "rarity": "COMMON",
        "bonus": 0
      }
    },
    {
      "id": 23052,
      "amount": 5,
      "slot": 0,
      "bonus": {
        "effect": "NOTHING",
        "rarity": "COMMON",
        "bonus": 0
      }
    },
    {
      "id": 23051,
      "amount": 1,
      "slot": 0,
      "bonus": {
        "effect": "NOTHING",
        "rarity": "COMMON",
        "bonus": 0
      }
    },
    {
      "id": 23050,
      "amount": 1,
      "slot": 0,
      "bonus": {
        "effect": "ALL_DAMAGE_LOW",
        "rarity": "RARE",
        "bonus": 1
      }
    },
    {
      "id": 23052,
      "amount": 1,
      "slot": 0,
      "bonus": {
        "effect": "DROP_RATE_LOW",
        "rarity": "RARE",
        "bonus": 17
      }
    },
    {
      "id": 23054,
      "amount": 1,
      "slot": 0,
      "bonus": {
        "effect": "DOUBLE_DROP",
        "rarity": "RARE",
        "bonus": 10
      }
    },
    {
      "id": 23050,
      "amount": 1,
      "slot": 0,
      "bonus": {
        "effect": "MAGIC_DAMAGE",
        "rarity": "UNCOMMON",
        "bonus": 1
      }
    }
  ],
  "bank-7": [],
  "bank-8": [],
  "new-uim-bank": [],
  "ge-slots": [
    null,
    null,
    null,
    null,
    null,
    null
  ],
  "charm-imp": [
    0,
    0,
    0,
    0
  ],
  "friends": [
    834180768888699,
    1729926298317,
    294962576,
    26052,
    62729573299328989,
    39273114319,
    1139217,
    43886946,
    572840535542496,
    38632023201956092,
    13837863569,
    26796,
    1601360129,
    2358747290326565714,
    14032,
    765618,
    823462982800800282,
    98585272452974279,
    711256,
    26443,
    15250,
    2663888916628274,
    2002204709453174422,
    679409,
    1047581965604,
    173313,
    80954497,
    2130636463119,
    227825,
    1172053,
    1460777430164,
    796578057,
    1758667708580,
    1429959732002,
    4175026413,
    154475976604,
    2921428891958708849,
    1699901089542852628,
    51695255410,
    3907300,
    46269502226,
    408872646235527,
    75334,
    286900642,
    288071137,
    1024541,
    34022084,
    1257798564,
    442,
    76965,
    1508370,
    77116879897282241,
    628830,
    67290,
    57947357370803,
    1047587127396,
    11865245,
    711341872859,
    2413270166499,
    1138204600,
    30761633,
    3216835316,
    36692111,
    8683,
    63749902367090905,
    18328715979,
    1332597491,
    42328157677,
    1121977,
    44966858039604686,
    12008887980744,
    8772014595,
    998948871,
    2550189496957911
  ],
  "ignores": [],
  "loyalty-titles": [
    false,
    false,
    false,
    false,
    false,
    false,
    false,
    false,
    false,
    false,
    false,
    false
  ],
  "kills": [
    {
      "runningTotal": 5460,
      "npcId": 12239,
      "npcName": "Exoden",
      "amount": 5460,
      "boss": true
    },
    {
      "runningTotal": 5121,
      "npcId": 252,
      "npcName": "Frieza",
      "amount": 5121,
      "boss": true
    },
    {
      "runningTotal": 5133,
      "npcId": 449,
      "npcName": "Perfect Cell",
      "amount": 5133,
      "boss": true
    },
    {
      "runningTotal": 3486,
      "npcId": 9012,
      "npcName": "Lucifer",
      "amount": 3486,
      "boss": true
    },
    {
      "runningTotal": 3283,
      "npcId": 8010,
      "npcName": "Groudon",
      "amount": 3283,
      "boss": true
    },
    {
      "runningTotal": 2202,
      "npcId": 9903,
      "npcName": "Asmodeus",
      "amount": 2202,
      "boss": true
    },
    {
      "runningTotal": 5088,
      "npcId": 452,
      "npcName": "Super buu",
      "amount": 5088,
      "boss": true
    },
    {
      "runningTotal": 15924,
      "npcId": 9913,
      "npcName": "Slender Man",
      "amount": 15924,
      "boss": false
    },
    {
      "runningTotal": 5157,
      "npcId": 3020,
      "npcName": "Agumon",
      "amount": 5157,
      "boss": false
    },
    {
      "runningTotal": 6397,
      "npcId": 3112,
      "npcName": "Ezkel-Nojad",
      "amount": 6397,
      "boss": false
    },
    {
      "runningTotal": 5103,
      "npcId": 3011,
      "npcName": "Janemba",
      "amount": 5103,
      "boss": false
    },
    {
      "runningTotal": 5088,
      "npcId": 3115,
      "npcName": "Scylla",
      "amount": 5088,
      "boss": false
    },
    {
      "runningTotal": 5089,
      "npcId": 9912,
      "npcName": "Calamity",
      "amount": 5089,
      "boss": false
    },
    {
      "runningTotal": 5073,
      "npcId": 3117,
      "npcName": "Charybdis",
      "amount": 5073,
      "boss": false
    },
    {
      "runningTotal": 5052,
      "npcId": 9818,
      "npcName": "Leviathan",
      "amount": 5052,
      "boss": false
    },
    {
      "runningTotal": 6800,
      "npcId": 3305,
      "npcName": "Panther",
      "amount": 6800,
      "boss": false
    },
    {
      "runningTotal": 5004,
      "npcId": 3021,
      "npcName": "White Beard",
      "amount": 5004,
      "boss": false
    },
    {
      "runningTotal": 4257,
      "npcId": 4972,
      "npcName": "Tyrant Lord",
      "amount": 4257,
      "boss": false
    },
    {
      "runningTotal": 3099,
      "npcId": 3019,
      "npcName": "Virtuoso",
      "amount": 3099,
      "boss": false
    },
    {
      "runningTotal": 3007,
      "npcId": 3016,
      "npcName": "Varthramoth",
      "amount": 3007,
      "boss": false
    },
    {
      "runningTotal": 5525,
      "npcId": 9806,
      "npcName": "Gorvek",
      "amount": 5525,
      "boss": false
    },
    {
      "runningTotal": 2409,
      "npcId": 3014,
      "npcName": "Lilinryss",
      "amount": 2409,
      "boss": false
    },
    {
      "runningTotal": 2406,
      "npcId": 3013,
      "npcName": "Ag\u0027thomoth",
      "amount": 2406,
      "boss": false
    },
    {
      "runningTotal": 2133,
      "npcId": 3010,
      "npcName": "Zeidan Grimm",
      "amount": 2133,
      "boss": false
    },
    {
      "runningTotal": 2198,
      "npcId": 9839,
      "npcName": "Mutant Hydra",
      "amount": 2198,
      "boss": false
    },
    {
      "runningTotal": 1782,
      "npcId": 1746,
      "npcName": "Onyx Griffin",
      "amount": 1782,
      "boss": false
    },
    {
      "runningTotal": 1653,
      "npcId": 9816,
      "npcName": "Dragonite",
      "amount": 1653,
      "boss": false
    },
    {
      "runningTotal": 1227,
      "npcId": 9914,
      "npcName": "Sasuke",
      "amount": 1227,
      "boss": false
    },
    {
      "runningTotal": 637,
      "npcId": 9916,
      "npcName": "Luffy",
      "amount": 637,
      "boss": false
    },
    {
      "runningTotal": 630,
      "npcId": 2342,
      "npcName": "Emerald Slayer",
      "amount": 630,
      "boss": false
    },
    {
      "runningTotal": 620,
      "npcId": 9024,
      "npcName": "Golden Golem",
      "amount": 620,
      "boss": false
    },
    {
      "runningTotal": 773,
      "npcId": 8014,
      "npcName": "Zinqrux",
      "amount": 773,
      "boss": false
    },
    {
      "runningTotal": 593,
      "npcId": 1906,
      "npcName": "Zorbak",
      "amount": 593,
      "boss": false
    },
    {
      "runningTotal": 577,
      "npcId": 8002,
      "npcName": "Malvek",
      "amount": 577,
      "boss": false
    },
    {
      "runningTotal": 579,
      "npcId": 9918,
      "npcName": "Broly",
      "amount": 579,
      "boss": false
    },
    {
      "runningTotal": 433,
      "npcId": 8008,
      "npcName": "Avatar titan",
      "amount": 433,
      "boss": false
    },
    {
      "runningTotal": 430,
      "npcId": 9915,
      "npcName": "Death God",
      "amount": 430,
      "boss": false
    },
    {
      "runningTotal": 76,
      "npcId": 9026,
      "npcName": "Eragon",
      "amount": 76,
      "boss": false
    },
    {
      "runningTotal": 52,
      "npcId": 9922,
      "npcName": "Blurite Centaur",
      "amount": 52,
      "boss": false
    },
    {
      "runningTotal": 49,
      "npcId": 9910,
      "npcName": "Imperial Ranger",
      "amount": 49,
      "boss": false
    },
    {
      "runningTotal": 43,
      "npcId": 9911,
      "npcName": "Blurite Werewolf",
      "amount": 43,
      "boss": false
    },
    {
      "runningTotal": 36,
      "npcId": 9837,
      "npcName": "Blurite Goblin",
      "amount": 36,
      "boss": false
    },
    {
      "runningTotal": 34,
      "npcId": 9835,
      "npcName": "Blurite Demon",
      "amount": 34,
      "boss": false
    },
    {
      "runningTotal": 21,
      "npcId": 9027,
      "npcName": "Blurite Orc",
      "amount": 21,
      "boss": false
    },
    {
      "runningTotal": 65,
      "npcId": 1308,
      "npcName": "Herbal Champion",
      "amount": 65,
      "boss": false
    },
    {
      "runningTotal": 63,
      "npcId": 1309,
      "npcName": "Water Champion",
      "amount": 63,
      "boss": false
    },
    {
      "runningTotal": 66,
      "npcId": 810,
      "npcName": "Fire Champion",
      "amount": 66,
      "boss": false
    },
    {
      "runningTotal": 65,
      "npcId": 1310,
      "npcName": "Lightning Champion",
      "amount": 65,
      "boss": false
    },
    {
      "runningTotal": 13,
      "npcId": 1307,
      "npcName": "Boss Champion",
      "amount": 13,
      "boss": false
    },
    {
      "runningTotal": 0,
      "npcId": 1265,
      "npcName": "Oracle Lion",
      "amount": 0,
      "boss": false
    },
    {
      "runningTotal": 10047,
      "npcId": 187,
      "npcName": "Goku",
      "amount": 10047,
      "boss": true
    },
    {
      "runningTotal": 15066,
      "npcId": 188,
      "npcName": "Byakuya",
      "amount": 15066,
      "boss": false
    },
    {
      "runningTotal": 4,
      "npcId": 587,
      "npcName": "Donation Boss",
      "amount": 4,
      "boss": false
    },
    {
      "runningTotal": 4,
      "npcId": 586,
      "npcName": "Gemstone Minion",
      "amount": 4,
      "boss": false
    },
    {
      "runningTotal": 22060,
      "npcId": 1311,
      "npcName": "Queen Fazula",
      "amount": 22060,
      "boss": false
    },
    {
      "runningTotal": 77040,
      "npcId": 9017,
      "npcName": "Sanctum Golem",
      "amount": 77040,
      "boss": true
    },
    {
      "runningTotal": 4,
      "npcId": 8013,
      "npcName": "Vote Boss",
      "amount": 4,
      "boss": false
    },
    {
      "runningTotal": 25188,
      "npcId": 1313,
      "npcName": "Lord Yasuda",
      "amount": 25188,
      "boss": false
    },
    {
      "runningTotal": 70817,
      "npcId": 1318,
      "npcName": "Black Goku",
      "amount": 70817,
      "boss": false
    },
    {
      "runningTotal": 208,
      "npcId": 8003,
      "npcName": "Dr. Aberrant",
      "amount": 208,
      "boss": false
    },
    {
      "runningTotal": 208,
      "npcId": 202,
      "npcName": "Inferno",
      "amount": 208,
      "boss": true
    },
    {
      "runningTotal": 208,
      "npcId": 811,
      "npcName": "Nagendra",
      "amount": 208,
      "boss": true
    },
    {
      "runningTotal": 1678,
      "npcId": 595,
      "npcName": "Black Asta",
      "amount": 1678,
      "boss": false
    }
  ],
  "drops": [
    {
      "item": 995,
      "amount": -1038167774,
      "rareDrop": false
    },
    {
      "item": 2023,
      "amount": 1885,
      "rareDrop": false
    },
    {
      "item": 20400,
      "amount": 6,
      "rareDrop": false
    },
    {
      "item": 19989,
      "amount": 3,
      "rareDrop": false
    },
    {
      "item": 19991,
      "amount": 5,
      "rareDrop": false
    },
    {
      "item": 19984,
      "amount": 2,
      "rareDrop": false
    },
    {
      "item": 19992,
      "amount": 2,
      "rareDrop": false
    },
    {
      "item": 19985,
      "amount": 1,
      "rareDrop": false
    },
    {
      "item": 14488,
      "amount": 2,
      "rareDrop": false
    },
    {
      "item": 19988,
      "amount": 1,
      "rareDrop": false
    },
    {
      "item": 23055,
      "amount": 2,
      "rareDrop": false
    },
    {
      "item": 10946,
      "amount": 42,
      "rareDrop": false
    },
    {
      "item": 23020,
      "amount": 35,
      "rareDrop": false
    },
    {
      "item": 23056,
      "amount": 2,
      "rareDrop": false
    },
    {
      "item": 15003,
      "amount": 4,
      "rareDrop": false
    },
    {
      "item": 15646,
      "amount": 12,
      "rareDrop": false
    },
    {
      "item": 22135,
      "amount": 10,
      "rareDrop": false
    },
    {
      "item": 19481,
      "amount": 12,
      "rareDrop": false
    },
    {
      "item": 23058,
      "amount": 4,
      "rareDrop": false
    },
    {
      "item": 15645,
      "amount": 8,
      "rareDrop": false
    },
    {
      "item": 13650,
      "amount": 420,
      "rareDrop": false
    },
    {
      "item": 15647,
      "amount": 4,
      "rareDrop": false
    },
    {
      "item": 4367,
      "amount": 4,
      "rareDrop": false
    },
    {
      "item": 20542,
      "amount": 2,
      "rareDrop": false
    },
    {
      "item": 1033,
      "amount": 8,
      "rareDrop": false
    }
  ],
  "achievements-completion": [],
  "achievements-progress": [
    0,
    0,
    0,
    0,
    0,
    0,
    0,
    0,
    0,
    0,
    0,
    0,
    0,
    0,
    0,
    0,
    0,
    0,
    0,
    0,
    0,
    0,
    0,
    0,
    0,
    0,
    0,
    0,
    0,
    0,
    0,
    0,
    0,
    0,
    0,
    0,
    0,
    0,
    0,
    0,
    0,
    0,
    0,
    0,
    0,
    0,
    0,
    0,
    0,
    0,
    0,
    0,
    0
  ],
  "fri13may16": false,
  "spiritdebug": false,
  "reffered": false,
  "indung": false,
  "toggledglobalmessages": false,
  "flying": true,
  "canfly": true,
  "ghostwalking": false,
  "canghostwalk": true,
  "barrowschests": 0,
  "cluesteps": 0,
  "difficulty": "MODERN",
  "secondary-equipment-slots-unlocked": [
    false,
    false,
    false,
    false,
    false,
    false,
    false,
    false,
    false,
    false,
    false,
    false,
    false,
    false,
    false
  ],
  "hween2016": [
    false,
    false,
    false,
    false,
    false,
    false,
    false
  ],
  "donehween2016": false,
  "christmas2016": 0,
  "newYear2017": 0,
  "easter2017": 0,
  "hcimdunginventory": [
    {
      "id": -1,
      "amount": 0,
      "slot": 0,
      "bonus": {
        "effect": "NOTHING",
        "rarity": "COMMON",
        "bonus": 0
      }
    },
    {
      "id": -1,
      "amount": 0,
      "slot": 0,
      "bonus": {
        "effect": "NOTHING",
        "rarity": "COMMON",
        "bonus": 0
      }
    },
    {
      "id": -1,
      "amount": 0,
      "slot": 0,
      "bonus": {
        "effect": "NOTHING",
        "rarity": "COMMON",
        "bonus": 0
      }
    },
    {
      "id": -1,
      "amount": 0,
      "slot": 0,
      "bonus": {
        "effect": "NOTHING",
        "rarity": "COMMON",
        "bonus": 0
      }
    },
    {
      "id": -1,
      "amount": 0,
      "slot": 0,
      "bonus": {
        "effect": "NOTHING",
        "rarity": "COMMON",
        "bonus": 0
      }
    },
    {
      "id": -1,
      "amount": 0,
      "slot": 0,
      "bonus": {
        "effect": "NOTHING",
        "rarity": "COMMON",
        "bonus": 0
      }
    },
    {
      "id": -1,
      "amount": 0,
      "slot": 0,
      "bonus": {
        "effect": "NOTHING",
        "rarity": "COMMON",
        "bonus": 0
      }
    },
    {
      "id": -1,
      "amount": 0,
      "slot": 0,
      "bonus": {
        "effect": "NOTHING",
        "rarity": "COMMON",
        "bonus": 0
      }
    },
    {
      "id": -1,
      "amount": 0,
      "slot": 0,
      "bonus": {
        "effect": "NOTHING",
        "rarity": "COMMON",
        "bonus": 0
      }
    },
    {
      "id": -1,
      "amount": 0,
      "slot": 0,
      "bonus": {
        "effect": "NOTHING",
        "rarity": "COMMON",
        "bonus": 0
      }
    },
    {
      "id": -1,
      "amount": 0,
      "slot": 0,
      "bonus": {
        "effect": "NOTHING",
        "rarity": "COMMON",
        "bonus": 0
      }
    },
    {
      "id": -1,
      "amount": 0,
      "slot": 0,
      "bonus": {
        "effect": "NOTHING",
        "rarity": "COMMON",
        "bonus": 0
      }
    },
    {
      "id": -1,
      "amount": 0,
      "slot": 0,
      "bonus": {
        "effect": "NOTHING",
        "rarity": "COMMON",
        "bonus": 0
      }
    },
    {
      "id": -1,
      "amount": 0,
      "slot": 0,
      "bonus": {
        "effect": "NOTHING",
        "rarity": "COMMON",
        "bonus": 0
      }
    },
    {
      "id": -1,
      "amount": 0,
      "slot": 0,
      "bonus": {
        "effect": "NOTHING",
        "rarity": "COMMON",
        "bonus": 0
      }
    },
    {
      "id": -1,
      "amount": 0,
      "slot": 0,
      "bonus": {
        "effect": "NOTHING",
        "rarity": "COMMON",
        "bonus": 0
      }
    },
    {
      "id": -1,
      "amount": 0,
      "slot": 0,
      "bonus": {
        "effect": "NOTHING",
        "rarity": "COMMON",
        "bonus": 0
      }
    },
    {
      "id": -1,
      "amount": 0,
      "slot": 0,
      "bonus": {
        "effect": "NOTHING",
        "rarity": "COMMON",
        "bonus": 0
      }
    },
    {
      "id": -1,
      "amount": 0,
      "slot": 0,
      "bonus": {
        "effect": "NOTHING",
        "rarity": "COMMON",
        "bonus": 0
      }
    },
    {
      "id": -1,
      "amount": 0,
      "slot": 0,
      "bonus": {
        "effect": "NOTHING",
        "rarity": "COMMON",
        "bonus": 0
      }
    },
    {
      "id": -1,
      "amount": 0,
      "slot": 0,
      "bonus": {
        "effect": "NOTHING",
        "rarity": "COMMON",
        "bonus": 0
      }
    },
    {
      "id": -1,
      "amount": 0,
      "slot": 0,
      "bonus": {
        "effect": "NOTHING",
        "rarity": "COMMON",
        "bonus": 0
      }
    },
    {
      "id": -1,
      "amount": 0,
      "slot": 0,
      "bonus": {
        "effect": "NOTHING",
        "rarity": "COMMON",
        "bonus": 0
      }
    },
    {
      "id": -1,
      "amount": 0,
      "slot": 0,
      "bonus": {
        "effect": "NOTHING",
        "rarity": "COMMON",
        "bonus": 0
      }
    },
    {
      "id": -1,
      "amount": 0,
      "slot": 0,
      "bonus": {
        "effect": "NOTHING",
        "rarity": "COMMON",
        "bonus": 0
      }
    },
    {
      "id": -1,
      "amount": 0,
      "slot": 0,
      "bonus": {
        "effect": "NOTHING",
        "rarity": "COMMON",
        "bonus": 0
      }
    },
    {
      "id": -1,
      "amount": 0,
      "slot": 0,
      "bonus": {
        "effect": "NOTHING",
        "rarity": "COMMON",
        "bonus": 0
      }
    },
    {
      "id": -1,
      "amount": 0,
      "slot": 0,
      "bonus": {
        "effect": "NOTHING",
        "rarity": "COMMON",
        "bonus": 0
      }
    }
  ],
  "hcimdungequipment": [
    {
      "id": -1,
      "amount": 0,
      "slot": 0,
      "bonus": {
        "effect": "NOTHING",
        "rarity": "COMMON",
        "bonus": 0
      }
    },
    {
      "id": -1,
      "amount": 0,
      "slot": 0,
      "bonus": {
        "effect": "NOTHING",
        "rarity": "COMMON",
        "bonus": 0
      }
    },
    {
      "id": -1,
      "amount": 0,
      "slot": 0,
      "bonus": {
        "effect": "NOTHING",
        "rarity": "COMMON",
        "bonus": 0
      }
    },
    {
      "id": -1,
      "amount": 0,
      "slot": 0,
      "bonus": {
        "effect": "NOTHING",
        "rarity": "COMMON",
        "bonus": 0
      }
    },
    {
      "id": -1,
      "amount": 0,
      "slot": 0,
      "bonus": {
        "effect": "NOTHING",
        "rarity": "COMMON",
        "bonus": 0
      }
    },
    {
      "id": -1,
      "amount": 0,
      "slot": 0,
      "bonus": {
        "effect": "NOTHING",
        "rarity": "COMMON",
        "bonus": 0
      }
    },
    {
      "id": -1,
      "amount": 0,
      "slot": 0,
      "bonus": {
        "effect": "NOTHING",
        "rarity": "COMMON",
        "bonus": 0
      }
    },
    {
      "id": -1,
      "amount": 0,
      "slot": 0,
      "bonus": {
        "effect": "NOTHING",
        "rarity": "COMMON",
        "bonus": 0
      }
    },
    {
      "id": -1,
      "amount": 0,
      "slot": 0,
      "bonus": {
        "effect": "NOTHING",
        "rarity": "COMMON",
        "bonus": 0
      }
    },
    {
      "id": -1,
      "amount": 0,
      "slot": 0,
      "bonus": {
        "effect": "NOTHING",
        "rarity": "COMMON",
        "bonus": 0
      }
    },
    {
      "id": -1,
      "amount": 0,
      "slot": 0,
      "bonus": {
        "effect": "NOTHING",
        "rarity": "COMMON",
        "bonus": 0
      }
    },
    {
      "id": -1,
      "amount": 0,
      "slot": 0,
      "bonus": {
        "effect": "NOTHING",
        "rarity": "COMMON",
        "bonus": 0
      }
    },
    {
      "id": -1,
      "amount": 0,
      "slot": 0,
      "bonus": {
        "effect": "NOTHING",
        "rarity": "COMMON",
        "bonus": 0
      }
    },
    {
      "id": -1,
      "amount": 0,
      "slot": 0,
      "bonus": {
        "effect": "NOTHING",
        "rarity": "COMMON",
        "bonus": 0
      }
    },
    {
      "id": -1,
      "amount": 0,
      "slot": 0,
      "bonus": {
        "effect": "NOTHING",
        "rarity": "COMMON",
        "bonus": 0
      }
    },
    {
      "id": -1,
      "amount": 0,
      "slot": 0,
      "bonus": {
        "effect": "NOTHING",
        "rarity": "COMMON",
        "bonus": 0
      }
    },
    {
      "id": -1,
      "amount": 0,
      "slot": 0,
      "bonus": {
        "effect": "NOTHING",
        "rarity": "COMMON",
        "bonus": 0
      }
    },
    {
      "id": -1,
      "amount": 0,
      "slot": 0,
      "bonus": {
        "effect": "NOTHING",
        "rarity": "COMMON",
        "bonus": 0
      }
    },
    {
      "id": -1,
      "amount": 0,
      "slot": 0,
      "bonus": {
        "effect": "NOTHING",
        "rarity": "COMMON",
        "bonus": 0
      }
    },
    {
      "id": -1,
      "amount": 0,
      "slot": 0,
      "bonus": {
        "effect": "NOTHING",
        "rarity": "COMMON",
        "bonus": 0
      }
    },
    {
      "id": -1,
      "amount": 0,
      "slot": 0,
      "bonus": {
        "effect": "NOTHING",
        "rarity": "COMMON",
        "bonus": 0
      }
    },
    {
      "id": -1,
      "amount": 0,
      "slot": 0,
      "bonus": {
        "effect": "NOTHING",
        "rarity": "COMMON",
        "bonus": 0
      }
    },
    {
      "id": -1,
      "amount": 0,
      "slot": 0,
      "bonus": {
        "effect": "NOTHING",
        "rarity": "COMMON",
        "bonus": 0
      }
    },
    {
      "id": -1,
      "amount": 0,
      "slot": 0,
      "bonus": {
        "effect": "NOTHING",
        "rarity": "COMMON",
        "bonus": 0
      }
    },
    {
      "id": -1,
      "amount": 0,
      "slot": 0,
      "bonus": {
        "effect": "NOTHING",
        "rarity": "COMMON",
        "bonus": 0
      }
    },
    {
      "id": -1,
      "amount": 0,
      "slot": 0,
      "bonus": {
        "effect": "NOTHING",
        "rarity": "COMMON",
        "bonus": 0
      }
    },
    {
      "id": -1,
      "amount": 0,
      "slot": 0,
      "bonus": {
        "effect": "NOTHING",
        "rarity": "COMMON",
        "bonus": 0
      }
    },
    {
      "id": -1,
      "amount": 0,
      "slot": 0,
      "bonus": {
        "effect": "NOTHING",
        "rarity": "COMMON",
        "bonus": 0
      }
    }
  ],
  "bonecrusheffect": true,
  "p-tps": [
    0,
    0,
    0,
    0
  ],
  "yell-tit": "null",
  "afkstall1": 0,
  "afkstall2": 0,
  "afkstall3": 0,
  "achievements-points": 0,
  "achievements-amount": [
    [
      0,
      11,
      0,
      0,
      0,
      250,
      208,
      208,
      208,
      20,
      0,
      0,
      0,
      0,
      0,
      65,
      5000,
      45,
      0,
      0,
      0,
      0,
      0,
      0,
      0,
      0,
      0,
      0,
      0,
      0,
      0,
      0,
      0,
      0,
      0,
      0,
      0,
      0,
      0,
      0,
      0,
      0,
      0,
      0,
      0,
      0,
      0,
      0,
      0,
      0,
      0,
      0,
      0,
      0,
      0,
      0,
      0,
      0,
      0,
      0,
      0,
      0,
      0,
      0,
      0,
      0,
      0,
      0,
      0,
      0,
      0,
      0,
      0,
      0,
      0,
      0,
      0,
      0,
      0,
      0,
      0,
      0,
      0,
      0,
      0,
      0,
      0,
      0,
      0,
      0,
      0,
      0,
      0,
      0,
      0,
      0,
      0,
      0,
      0,
      0
    ],
    [
      0,
      11,
      0,
      0,
      0,
      433,
      593,
      430,
      630,
      50,
      620,
      637,
      579,
      0,
      1227,
      65,
      10000,
      0,
      0,
      0,
      0,
      0,
      0,
      0,
      0,
      0,
      0,
      0,
      0,
      0,
      0,
      0,
      0,
      0,
      0,
      0,
      0,
      0,
      0,
      0,
      0,
      0,
      0,
      0,
      0,
      0,
      0,
      0,
      0,
      0,
      0,
      0,
      0,
      0,
      0,
      0,
      0,
      0,
      0,
      0,
      0,
      0,
      0,
      0,
      0,
      0,
      0,
      0,
      0,
      0,
      0,
      0,
      0,
      0,
      0,
      0,
      0,
      0,
      0,
      0,
      0,
      0,
      0,
      0,
      0,
      0,
      0,
      0,
      0,
      0,
      0,
      0,
      0,
      0,
      0,
      0,
      0,
      0,
      0,
      0
    ],
    [
      0,
      11,
      2000,
      1814,
      2000,
      1253,
      1898,
      577,
      1382,
      150,
      1942,
      2022,
      2122,
      1356,
      1178,
      1419,
      65,
      25000,
      0,
      0,
      0,
      0,
      0,
      0,
      0,
      0,
      0,
      0,
      0,
      0,
      0,
      0,
      0,
      0,
      0,
      0,
      0,
      0,
      0,
      0,
      0,
      0,
      0,
      0,
      0,
      0,
      0,
      0,
      0,
      0,
      0,
      0,
      0,
      0,
      0,
      0,
      0,
      0,
      0,
      0,
      0,
      0,
      0,
      0,
      0,
      0,
      0,
      0,
      0,
      0,
      0,
      0,
      0,
      0,
      0,
      0,
      0,
      0,
      0,
      0,
      0,
      0,
      0,
      0,
      0,
      0,
      0,
      0,
      0,
      0,
      0,
      0,
      0,
      0,
      0,
      0,
      0,
      0,
      0,
      0
    ],
    [
      0,
      0,
      0,
      0,
      0,
      0,
      0,
      0,
      0,
      0,
      0,
      0,
      0,
      0,
      0,
      0,
      0,
      0,
      0,
      0,
      0,
      0,
      0,
      0,
      0,
      0,
      0,
      0,
      0,
      0,
      0,
      0,
      0,
      0,
      0,
      0,
      0,
      0,
      0,
      0,
      0,
      0,
      0,
      0,
      0,
      0,
      0,
      0,
      0,
      0,
      0,
      0,
      0,
      0,
      0,
      0,
      0,
      0,
      0,
      0,
      0,
      0,
      0,
      0,
      0,
      0,
      0,
      0,
      0,
      0,
      0,
      0,
      0,
      0,
      0,
      0,
      0,
      0,
      0,
      0,
      0,
      0,
      0,
      0,
      0,
      0,
      0,
      0,
      0,
      0,
      0,
      0,
      0,
      0,
      0,
      0,
      0,
      0,
      0,
      0
    ]
  ],
  "achievements-completed": [
    [
      false,
      true,
      false,
      false,
      false,
      false,
      false,
      false,
      false,
      true,
      false,
      false,
      false,
      false,
      false,
      false,
      true,
      true,
      false,
      false,
      false,
      false,
      false,
      false,
      false,
      false,
      false,
      false,
      false,
      false,
      false,
      false,
      false,
      false,
      false,
      false,
      false,
      false,
      false,
      false,
      false,
      false,
      false,
      false,
      false,
      false,
      false,
      false,
      false,
      false,
      false,
      false,
      false,
      false,
      false,
      false,
      false,
      false,
      false,
      false,
      false,
      false,
      false,
      false,
      false,
      false,
      false,
      false,
      false,
      false,
      false,
      false,
      false,
      false,
      false,
      false,
      false,
      false,
      false,
      false,
      false,
      false,
      false,
      false,
      false,
      false,
      false,
      false,
      false,
      false,
      false,
      false,
      false,
      false,
      false,
      false,
      false,
      false,
      false,
      false
    ],
    [
      false,
      false,
      false,
      false,
      false,
      false,
      false,
      false,
      false,
      true,
      false,
      false,
      false,
      false,
      false,
      false,
      true,
      false,
      false,
      false,
      false,
      false,
      false,
      false,
      false,
      false,
      false,
      false,
      false,
      false,
      false,
      false,
      false,
      false,
      false,
      false,
      false,
      false,
      false,
      false,
      false,
      false,
      false,
      false,
      false,
      false,
      false,
      false,
      false,
      false,
      false,
      false,
      false,
      false,
      false,
      false,
      false,
      false,
      false,
      false,
      false,
      false,
      false,
      false,
      false,
      false,
      false,
      false,
      false,
      false,
      false,
      false,
      false,
      false,
      false,
      false,
      false,
      false,
      false,
      false,
      false,
      false,
      false,
      false,
      false,
      false,
      false,
      false,
      false,
      false,
      false,
      false,
      false,
      false,
      false,
      false,
      false,
      false,
      false,
      false
    ],
    [
      false,
      false,
      true,
      false,
      true,
      false,
      false,
      false,
      false,
      true,
      false,
      false,
      false,
      false,
      false,
      false,
      false,
      true,
      false,
      false,
      false,
      false,
      false,
      false,
      false,
      false,
      false,
      false,
      false,
      false,
      false,
      false,
      false,
      false,
      false,
      false,
      false,
      false,
      false,
      false,
      false,
      false,
      false,
      false,
      false,
      false,
      false,
      false,
      false,
      false,
      false,
      false,
      false,
      false,
      false,
      false,
      false,
      false,
      false,
      false,
      false,
      false,
      false,
      false,
      false,
      false,
      false,
      false,
      false,
      false,
      false,
      false,
      false,
      false,
      false,
      false,
      false,
      false,
      false,
      false,
      false,
      false,
      false,
      false,
      false,
      false,
      false,
      false,
      false,
      false,
      false,
      false,
      false,
      false,
      false,
      false,
      false,
      false,
      false,
      false
    ],
    [
      false,
      false,
      false,
      false,
      false,
      false,
      false,
      false,
      false,
      false,
      false,
      false,
      false,
      false,
      false,
      false,
      false,
      false,
      false,
      false,
      false,
      false,
      false,
      false,
      false,
      false,
      false,
      false,
      false,
      false,
      false,
      false,
      false,
      false,
      false,
      false,
      false,
      false,
      false,
      false,
      false,
      false,
      false,
      false,
      false,
      false,
      false,
      false,
      false,
      false,
      false,
      false,
      false,
      false,
      false,
      false,
      false,
      false,
      false,
      false,
      false,
      false,
      false,
      false,
      false,
      false,
      false,
      false,
      false,
      false,
      false,
      false,
      false,
      false,
      false,
      false,
      false,
      false,
      false,
      false,
      false,
      false,
      false,
      false,
      false,
      false,
      false,
      false,
      false,
      false,
      false,
      false,
      false,
      false,
      false,
      false,
      false,
      false,
      false,
      false
    ]
  ],
  "achievements-daily": 424,
  "progression-zones": [
    36,
    21,
    34,
    43,
    52
  ],
  "zones-complete": [
    true,
    true,
    true,
    true,
    true
  ],
  "gamble-banned": false,
  "lucifers-unlocked": false,
  "dark-supremes-unlocked": false,
  "currency-pouch": {
    "upgradeTokens": 0,
    "pvmTickets": 0,
    "afkTickets": 0,
    "slayerTickets": 0,
    "voteScrolls": 0,
    "petFragments": 0,
    "instanceTokens": 0,
    "goldCharms": 0,
    "greenCharms": 0,
    "crimsonCharms": 0,
    "blueCharms": 0
  },
  "lastTGloveIndex": -1,
  "group-ironman-locked": false,
  "lastInstanceNpc": 1318,
  "daily-task": {},
  "collectionlog-rewards": {
    "1311": {
      "canClaim": false,
      "hasClaimed": false
    },
    "1313": {
      "canClaim": false,
      "hasClaimed": false
    },
    "6692": {
      "canClaim": false,
      "hasClaimed": false
    },
    "1318": {
      "canClaim": false,
      "hasClaimed": false
    },
    "2342": {
      "canClaim": false,
      "hasClaimed": false
    },
    "3112": {
      "canClaim": false,
      "hasClaimed": false
    },
    "811": {
      "canClaim": false,
      "hasClaimed": false
    },
    "3115": {
      "canClaim": false,
      "hasClaimed": false
    },
    "3117": {
      "canClaim": false,
      "hasClaimed": false
    },
    "9903": {
      "canClaim": false,
      "hasClaimed": false
    },
    "9904": {
      "canClaim": false,
      "hasClaimed": false
    },
    "9906": {
      "canClaim": false,
      "hasClaimed": false
    },
    "9907": {
      "canClaim": false,
      "hasClaimed": false
    },
    "9012": {
      "canClaim": false,
      "hasClaimed": false
    },
    "9908": {
      "canClaim": false,
      "hasClaimed": false
    },
    "9910": {
      "canClaim": false,
      "hasClaimed": false
    },
    "9911": {
      "canClaim": false,
      "hasClaimed": false
    },
    "9912": {
      "canClaim": false,
      "hasClaimed": false
    },
    "9017": {
      "canClaim": true,
      "hasClaimed": true
    },
    "9913": {
      "canClaim": true,
      "hasClaimed": true
    },
    "9914": {
      "canClaim": false,
      "hasClaimed": false
    },
    "187": {
      "canClaim": false,
      "hasClaimed": false
    },
    "9915": {
      "canClaim": false,
      "hasClaimed": false
    },
    "188": {
      "canClaim": false,
      "hasClaimed": false
    },
    "9916": {
      "canClaim": false,
      "hasClaimed": false
    },
    "9918": {
      "canClaim": false,
      "hasClaimed": false
    },
    "9024": {
      "canClaim": false,
      "hasClaimed": false
    },
    "449": {
      "canClaim": false,
      "hasClaimed": false
    },
    "9026": {
      "canClaim": false,
      "hasClaimed": false
    },
    "3010": {
      "canClaim": false,
      "hasClaimed": false
    },
    "8002": {
      "canClaim": false,
      "hasClaimed": false
    },
    "9922": {
      "canClaim": false,
      "hasClaimed": false
    },
    "8003": {
      "canClaim": false,
      "hasClaimed": false
    },
    "3011": {
      "canClaim": false,
      "hasClaimed": false
    },
    "9027": {
      "canClaim": false,
      "hasClaimed": false
    },
    "452": {
      "canClaim": false,
      "hasClaimed": false
    },
    "3013": {
      "canClaim": false,
      "hasClaimed": false
    },
    "3014": {
      "canClaim": false,
      "hasClaimed": false
    },
    "3016": {
      "canClaim": false,
      "hasClaimed": false
    },
    "8008": {
      "canClaim": false,
      "hasClaimed": false
    },
    "202": {
      "canClaim": false,
      "hasClaimed": false
    },
    "8010": {
      "canClaim": false,
      "hasClaimed": false
    },
    "3019": {
      "canClaim": false,
      "hasClaimed": false
    },
    "587": {
      "canClaim": false,
      "hasClaimed": false
    },
    "3020": {
      "canClaim": false,
      "hasClaimed": false
    },
    "3021": {
      "canClaim": false,
      "hasClaimed": false
    },
    "8013": {
      "canClaim": false,
      "hasClaimed": false
    },
    "9806": {
      "canClaim": false,
      "hasClaimed": false
    },
    "8014": {
      "canClaim": true,
      "hasClaimed": false
    },
    "12239": {
      "canClaim": false,
      "hasClaimed": false
    },
    "1746": {
      "canClaim": false,
      "hasClaimed": false
    },
    "595": {
      "canClaim": false,
      "hasClaimed": false
    },
    "9816": {
      "canClaim": false,
      "hasClaimed": false
    },
    "9818": {
      "canClaim": false,
      "hasClaimed": false
    },
    "3305": {
      "canClaim": false,
      "hasClaimed": false
    },
    "9835": {
      "canClaim": false,
      "hasClaimed": false
    },
    "4972": {
      "canClaim": false,
      "hasClaimed": false
    },
    "9837": {
      "canClaim": false,
      "hasClaimed": false
    },
    "9839": {
      "canClaim": false,
      "hasClaimed": false
    },
    "1906": {
      "canClaim": false,
      "hasClaimed": false
    },
    "252": {
      "canClaim": false,
      "hasClaimed": false
    }
  },
  "daily-skips": 1,
  "dailies-done": 3,
  "daily-task-info": "Your daily task is: @red@Complete 2 Easy slayer tasks. @bla@Progress: @red@0/2@bla@.",
  "level-notifications": false,
  "dailies-received-times": [
    1684427327643,
    1684428504236,
    1684428515045
  ],
  "favorite-teleports": [],
  "obtained-pets": [
    "GORVEK_PET",
    "GROUDON_PET",
    "MUTANT_HYDRA_PET",
    "AGTHOMOTH_PET",
    "SLENDER_MAN_PET",
    "FAZULA_PET"
  ],
  "battlepass-xp": 0,
  "battlepass-premium": false,
  "mini-me-equipment": [
    null,
    null,
    null,
    null,
    null,
    null,
    null,
    null,
    null,
    null,
    null,
    null,
    null,
    null
  ],
  "drystreak": {
    "1307": 13,
    "1308": 65,
    "1309": 63,
    "1310": 65,
    "1311": 209,
    "1313": 8396,
    "1318": 380,
    "2342": 0,
    "3112": 1500,
    "810": 66,
    "811": 47,
    "3115": 94,
    "3117": 1691,
    "9903": 237,
    "9904": 0,
    "9906": 0,
    "9907": 0,
    "9012": 224,
    "9908": 0,
    "9910": 9,
    "9911": 3,
    "9912": 1707,
    "9017": 52,
    "9913": 1374,
    "9914": 51,
    "187": 3349,
    "9915": 30,
    "188": 450,
    "9916": 26,
    "9918": 218,
    "9024": 102,
    "449": 1711,
    "9026": 76,
    "3010": 299,
    "8002": 577,
    "9922": 20,
    "8003": 8,
    "3011": 825,
    "9027": 11,
    "452": 1696,
    "3013": 204,
    "3014": 1198,
    "3016": 657,
    "8008": 73,
    "202": 18,
    "586": 2,
    "8010": 346,
    "3019": 1033,
    "587": 0,
    "3020": 69,
    "3021": 1409,
    "8013": 0,
    "9806": 50,
    "8014": 5,
    "12239": 649,
    "1746": 1382,
    "595": 1632,
    "9816": 1253,
    "9818": 1684,
    "3305": 550,
    "9835": 1,
    "4972": 229,
    "9837": 15,
    "9839": 814,
    "1906": 175,
    "252": 1707
  },
  "boost": 409018650591294,
  "slot-level": 153722867281961506,
  "sp-season": 2,
  "sp-premium": true,
  "sp-level": 48,
  "sp-exp": 512424,
  "sp-rewards": [
    true,
    true,
    true,
    true,
    true,
    true,
    true,
    true,
    true,
    true,
    true,
    true,
    true,
    true,
    true,
    true,
    true,
    true,
    true,
    true,
    true,
    true,
    true,
    true,
    true,
    true,
    true,
    true,
    true,
    true,
    true,
    true,
    true,
    true,
    true,
    true,
    true,
    true,
    true,
    true,
    true,
    true,
    true,
    true,
    true,
    true,
    true,
    true,
    true,
    true,
    true,
    true,
    true,
    true,
    true,
    true,
    true,
    true,
    true,
    true,
    true,
    true,
    true,
    true,
    true,
    true,
    true,
    true,
    true,
    true,
    true,
    true,
    true,
    true,
    true,
    true,
    true,
    true,
    true,
    true,
    true,
    true,
    true,
    true,
    true,
    true,
    true,
    true,
    true,
    true,
    true,
    true,
    true,
    true,
    true,
    true,
    true,
    true
  ],
  "p-settings": {
    "is-locked": false,
    "drop-message-personal": false,
    "hidden-players": false,
    "pass-change": false,
    "security-lock": true,
    "drop-messages": true
  },
  "forge-tier": 0,
  "forge-progress": 0,
  "lastloggedinday": "2023-05-24",
  "attendanceprogress": {
    "LOYAL": {
      "days": {
        "1": true
      }
    }
  }
}