{
  "shop": [
    {
      "id": 13324,
      "amount": 3,
      "maxAmount": 3,
      "price": 3000000,
      "effect": "NOTHING",
      "bonus": 0
    },
    {
      "id": 23174,
      "amount": 1,
      "maxAmount": 1,
      "price": 2800000,
      "effect": "NOTHING",
      "bonus": 0
    },
    {
      "id": 8410,
      "amount": 2,
      "maxAmount": 2,
      "price": 2800000,
      "effect": "NOTHING",
      "bonus": 0
    },
    {
      "id": 17544,
      "amount": 2,
      "maxAmount": 2,
      "price": 3000000,
      "effect": "NOTHING",
      "bonus": 0
    },
    {
      "id": 13323,
      "amount": 1,
      "maxAmount": 1,
      "price": 2800000,
      "effect": "ALL_DAMAGE_HIGH",
      "bonus": 3
    },
    {
      "id": 13323,
      "amount": 1,
      "maxAmount": 2,
      "price": 2800000,
      "effect": "MAGIC_DAMAGE",
      "bonus": 1
    },
    {
      "id": 13323,
      "amount": 1,
      "maxAmount": 1,
      "price": 2800000,
      "effect": "RANGE_DAMAGE",
      "bonus": 1
    },
    {
      "id": 1486,
      "amount": 1,
      "maxAmount": 1,
      "price": 4000000,
      "effect": "NOTHING",
      "bonus": 0
    },
    {
      "id": 22110,
      "amount": 1,
      "maxAmount": 1,
      "price": 38000000,
      "effect": "NOTHING",
      "bonus": 0
    },
    {
      "id": 13325,
      "amount": 1,
      "maxAmount": 1,
      "price": 3000000,
      "effect": "NOTHING",
      "bonus": 0
    },
    {
      "id": 14440,
      "amount": 1,
      "maxAmount": 1,
      "price": 13000000,
      "effect": "RANGE_DAMAGE",
      "bonus": 1
    },
    {
      "id": 14438,
      "amount": 1,
      "maxAmount": 1,
      "price": 12500000,
      "effect": "MAGIC_DAMAGE",
      "bonus": 1
    },
    {
      "id": 14438,
      "amount": 1,
      "maxAmount": 1,
      "price": 12500000,
      "effect": "NOTHING",
      "bonus": 0
    },
    null,
    null,
    null,
    null,
    null,
    null,
    null,
    null,
    null,
    null,
    null,
    null,
    null,
    null,
    null,
    null,
    null,
    null,
    null
  ],
  "earnings": 0
}