{
  "shop": [
    {
      "id": 19481,
      "amount": 1,
      "maxAmount": 1,
      "price": 45000,
      "effect": "NOTHING",
      "bonus": 0
    },
    {
      "id": 22135,
      "amount": 1,
      "maxAmount": 1,
      "price": 75000,
      "effect": "NOTHING",
      "bonus": 0
    },
    {
      "id": 19482,
      "amount": 1,
      "maxAmount": 1,
      "price": 100000,
      "effect": "NOTHING",
      "bonus": 0
    },
    {
      "id": 4685,
      "amount": 1,
      "maxAmount": 1,
      "price": 250000,
      "effect": "DROP_RATE_LOW",
      "bonus": 8
    },
    {
      "id": 17698,
      "amount": 1,
      "maxAmount": 1,
      "price": 500000,
      "effect": "ALL_DAMAGE_LOW",
      "bonus": 1
    },
    {
      "id": 20095,
      "amount": 1,
      "maxAmount": 1,
      "price": 10000000,
      "effect": "TRIPLE_KILLS",
      "bonus": 1
    },
    {
      "id": 20095,
      "amount": 1,
      "maxAmount": 1,
      "price": 750000,
      "effect": "NOTHING",
      "bonus": 0
    },
    {
      "id": 14194,
      "amount": 1,
      "maxAmount": 1,
      "price": 500000,
      "effect": "NOTHING",
      "bonus": 0
    },
    null,
    null,
    null,
    null,
    null,
    null,
    null,
    null,
    null,
    null,
    null,
    null,
    null,
    null,
    null,
    null,
    null,
    null,
    null,
    null,
    null,
    null,
    null,
    null
  ],
  "earnings": 0
}