{
  "shop": [
    {
      "id": 8815,
      "amount": 1,
      "maxAmount": 1,
      "price": 400000,
      "effect": "NOTHING",
      "bonus": 0
    },
    {
      "id": 22135,
      "amount": 1,
      "maxAmount": 1,
      "price": 350000,
      "effect": "TRIPLE_KILLS",
      "bonus": 1
    },
    {
      "id": 20586,
      "amount": 6,
      "maxAmount": 8,
      "price": 200000,
      "effect": "NOTHING",
      "bonus": 0
    },
    {
      "id": 1050,
      "amount": 2,
      "maxAmount": 2,
      "price": 1000000000,
      "effect": "NOTHING",
      "bonus": 0
    },
    {
      "id": 1057,
      "amount": 4,
      "maxAmount": 4,
      "price": 1000000000,
      "effect": "NOTHING",
      "bonus": 0
    },
    {
      "id": 1053,
      "amount": 1,
      "maxAmount": 1,
      "price": 1000000000,
      "effect": "NOTHING",
      "bonus": 0
    },
    {
      "id": 1055,
      "amount": 1,
      "maxAmount": 1,
      "price": 1000000000,
      "effect": "NOTHING",
      "bonus": 0
    },
    {
      "id": 2380,
      "amount": 19,
      "maxAmount": 31,
      "price": 1200000,
      "effect": "NOTHING",
      "bonus": 0
    },
    {
      "id": 2382,
      "amount": 4,
      "maxAmount": 4,
      "price": 6000000,
      "effect": "NOTHING",
      "bonus": 0
    },
    {
      "id": 23124,
      "amount": 4,
      "maxAmount": 4,
      "price": 75000,
      "effect": "NOTHING",
      "bonus": 0
    },
    null,
    null,
    null,
    null,
    null,
    null,
    null,
    null,
    null,
    null,
    null,
    null,
    null,
    null,
    null,
    null,
    null,
    null,
    null,
    null,
    null,
    null
  ],
  "earnings": 0
}