{
  "shop": [
    {
      "id": 2736,
      "amount": 10,
      "maxAmount": 10,
      "price": 144999,
      "effect": "NOTHING",
      "bonus": 0
    },
    {
      "id": 19886,
      "amount": 1,
      "maxAmount": 1,
      "price": 899999,
      "effect": "NOTHING",
      "bonus": 0
    },
    {
      "id": 2734,
      "amount": 8,
      "maxAmount": 8,
      "price": 169999,
      "effect": "NOTHING",
      "bonus": 0
    },
    null,
    null,
    null,
    null,
    null,
    null,
    null,
    null,
    null,
    null,
    null,
    null,
    null,
    null,
    null,
    null,
    null,
    null,
    null,
    null,
    null,
    null,
    null,
    null,
    null,
    null,
    null,
    null,
    null
  ],
  "earnings": 3239982
}