{
  "total-play-time-ms": 200823762,
  "username": "Bad Rng",
  "seed": [
    117,
    69,
    59,
    24,
    -4,
    24,
    112,
    67,
    -121,
    100,
    118,
    88,
    -53,
    -119,
    27,
    -52,
    35,
    -73,
    20,
    -14,
    47,
    48,
    -2,
    79,
    -103,
    56,
    -117,
    -70,
    102,
    -108,
    70,
    122
  ],
  "auth": [
    -66,
    82,
    90,
    7,
    -32,
    -34,
    -4,
    114,
    -121,
    -74,
    -114,
    -26,
    11,
    -54,
    -44,
    -2,
    75,
    100,
    6,
    113,
    46,
    63,
    -78,
    -102,
    20,
    76,
    119,
    -36,
    -73,
    -75,
    72,
    -52
  ],
  "email": "null",
  "staff-rights": "CLERIC_DONATOR",
  "game-mode": "VETERAN_MODE",
  "loyalty-title": "NONE",
  "yellhexcolor": "ffffff",
  "position": {
    "x": 2225,
    "y": 3733,
    "z": 0
  },
  "online-status": "ON",
  "given-starter": true,
  "has-pin2": true,
  "saved-pin2": "7357",
  "saved-ip": "47.184.245.112",
  "donated": 120,
  "current-boss-task": 0,
  "current-boss-amount": 0,
  "global-rate": 0,
  "peng-rate": 0,
  "slayer-rate": 0,
  "has-completed-boss-task": false,
  "current-daily-task-amount": 0,
  "current-daily-task-x-pos": 0,
  "current-daily-task-y-pos": 0,
  "current-daily-task-z-pos": 0,
  "current-daily-task-reward": 0,
  "uim-bank": {},
  "dg-floor": 0,
  "dg-prestige": 0,
  "clue-task": "NO_TASK",
  "clue-kc": 0,
  "daysVoted": 0,
  "totalTimesClaimed": 0,
  "longestDaysVoted": 0,
  "timeUntilNextReward": 0,
  "current-voting-streak": 0,
  "entriesCurrency": 0.0,
  "amount-donated-today": 110,
  "claimed-first": false,
  "claimed-second": false,
  "claimed-third": false,
  "last-donation": 0,
  "last-time-reset": 0,
  "is-secondary-equipment": false,
  "lastlogin": 1683753498275,
  "lastdailyclaim": 0,
  "lastvotetime": 0,
  "hasvotedtoday": false,
  "day1claimed": false,
  "day2claimed": false,
  "day3claimed": false,
  "day4claimed": false,
  "day5claimed": false,
  "day6claimed": false,
  "day7claimed": false,
  "minutes-bonus-exp": -1,
  "minutes-voting-dr": -1,
  "minutes-voting-dmg": 0,
  "total-gained-exp": 251389395,
  "barrows-points": 0,
  "donator-points": 110,
  "Skilling-points": 0,
  "prestige-points": 0,
  "achievement-points": 0,
  "dung-tokens": 0,
  "commendations": 0,
  "loyalty-points": 0,
  "total-loyalty-points": 0.0,
  "godmodetime": 0,
  "voting-points": 14,
  "tasks-completion": [
    false,
    false,
    false,
    true,
    true,
    false
  ],
  "tasks-progress": [
    999,
    0,
    0,
    0,
    0,
    0,
    0,
    0,
    0,
    0,
    0,
    0,
    0,
    0,
    0,
    0,
    0,
    0,
    0,
    0,
    0,
    0,
    0,
    0,
    0,
    0,
    0,
    0,
    0,
    0,
    0,
    0,
    0,
    0,
    0,
    0,
    0,
    0,
    0,
    0,
    0,
    0,
    0,
    0,
    0,
    0,
    0,
    0,
    0,
    0,
    0,
    0,
    0,
    0,
    0
  ],
  "total-prestiges": 0,
  "slayer-spree": 31,
  "npc-killcount": 136956,
  "spawn-killcount": 0,
  "lord-killcount": 0,
  "demon-killcount": 540,
  "dragon-killcount": 0,
  "beast-killcount": 0,
  "king-killcount": 0,
  "avatar-killcount": 175,
  "angel-killcount": 50,
  "lucien-killcount": 0,
  "hercules-killcount": 0,
  "satan-killcount": 280,
  "zeus-killcount": 0,
  "mini-lucifer-killcount": 0,
  "lucifer-killcount": 0,
  "event-points": 0,
  "boss-points": 0,
  "shilling-rate": 0,
  "slayer-points": 0,
  "pk-points": 0,
  "player-kills": 0,
  "player-killstreak": 0,
  "player-deaths": 0,
  "target-percentage": 0,
  "bh-rank": -1,
  "gender": "MALE",
  "spell-book": "NORMAL",
  "prayer-book": "CURSES",
  "running": true,
  "run-energy": 100,
  "music": false,
  "sounds": false,
  "auto-retaliate": true,
  "xp-locked": false,
  "veng-cast": false,
  "last-veng": 1682911854821,
  "fight-type": "STAFF_FOCUS",
  "sol-effect": 0,
  "skull-timer": 0,
  "fuse-combination-timer": 0,
  "fuse-item-selected": 0,
  "claimed-fuse-item": true,
  "fuse-in-progress": false,
  "accept-aid": false,
  "poison-damage": 0,
  "poison-immunity": 0,
  "overload-timer": 0,
  "aggro-timer": 0,
  "exp-timer": 0,
  "dr-timer": 0,
  "ddr-timer": 0,
  "dmg-timer": 0,
  "double-dr-timer": 0,
  "double-ddr-timer": 0,
  "double-dmg-timer": 0,
  "fire-immunity": 0,
  "fire-damage-mod": 0,
  "prayer-renewal-timer": 0,
  "teleblock-timer": 0,
  "special-amount": 100,
  "entered-gwd-room": false,
  "gwd-altar-delay": 0,
  "gwd-killcount": [
    0,
    0,
    0,
    0
  ],
  "effigy": 0,
  "summon-npc": 3040,
  "summon-death": -1,
  "process-farming": false,
  "clanchat": "Help",
  "autocast": false,
  "autocast-spell": 1154,
  "dfs-charges": 0,
  "coins-gambled": 0,
  "slayer-master": "MEDIUM_SLAYER",
  "slayer-task": "AVALON",
  "prev-slayer-task": "MAZE_GUARDIAN",
  "task-amount": 62,
  "task-streak": 31,
  "duo-partner": "null",
  "double-slay-xp": false,
  "recoil-deg": 0,
  "blowpipe-deg": 0,
  "brawlers-deg": [
    0,
    0,
    0,
    0,
    0,
    0,
    0,
    0,
    0,
    0,
    0
  ],
  "ancient-deg": [
    0,
    0,
    0,
    0,
    0,
    0,
    0,
    0,
    0,
    0,
    0,
    0,
    0,
    0,
    0
  ],
  "killed-players": [],
  "killed-gods": [
    false,
    false,
    false,
    false,
    false
  ],
  "vod-brother": [
    [
      9029,
      0
    ],
    [
      9028,
      0
    ],
    [
      9030,
      0
    ]
  ],
  "vod-killcount": 0,
  "hov-killcount": 0,
  "barrows-brother": [
    [
      2030,
      0
    ],
    [
      2029,
      0
    ],
    [
      2028,
      0
    ],
    [
      2027,
      0
    ],
    [
      2026,
      0
    ],
    [
      2025,
      0
    ]
  ],
  "random-coffin": 0,
  "barrows-killcount": 0,
  "nomad": [
    false,
    false
  ],
  "recipe-for-disaster": [
    false,
    false,
    false,
    false,
    false,
    false,
    false,
    false,
    false
  ],
  "recipe-for-disaster-wave": 0,
  "clue-progress": 0,
  "dung-items-bound": [
    0,
    0,
    0,
    0,
    0
  ],
  "collection-data": [
    {
      "npcId": 9837,
      "item": 995,
      "amount": 110
    },
    {
      "npcId": 9837,
      "item": 2023,
      "amount": 11
    },
    {
      "npcId": 9837,
      "item": 14488,
      "amount": 1
    },
    {
      "npcId": 9837,
      "item": 19989,
      "amount": 1
    },
    {
      "npcId": 9027,
      "item": 995,
      "amount": 219
    },
    {
      "npcId": 9027,
      "item": 2023,
      "amount": 20
    },
    {
      "npcId": 9027,
      "item": 19992,
      "amount": 1
    },
    {
      "npcId": 9027,
      "item": 19988,
      "amount": 1
    },
    {
      "npcId": 9835,
      "item": 995,
      "amount": 329
    },
    {
      "npcId": 9835,
      "item": 2023,
      "amount": 30
    },
    {
      "npcId": 9835,
      "item": 19984,
      "amount": 2
    },
    {
      "npcId": 9835,
      "item": 19988,
      "amount": 1
    },
    {
      "npcId": 9835,
      "item": 19992,
      "amount": 1
    },
    {
      "npcId": 9835,
      "item": 20400,
      "amount": 1
    },
    {
      "npcId": 9911,
      "item": 995,
      "amount": 439
    },
    {
      "npcId": 9911,
      "item": 2023,
      "amount": 40
    },
    {
      "npcId": 9911,
      "item": 14488,
      "amount": 2
    },
    {
      "npcId": 9911,
      "item": 19985,
      "amount": 1
    },
    {
      "npcId": 9911,
      "item": 19988,
      "amount": 1
    },
    {
      "npcId": 9911,
      "item": 19989,
      "amount": 1
    },
    {
      "npcId": 9911,
      "item": 19991,
      "amount": 1
    },
    {
      "npcId": 9922,
      "item": 995,
      "amount": 549
    },
    {
      "npcId": 9922,
      "item": 2023,
      "amount": 50
    },
    {
      "npcId": 9922,
      "item": 19988,
      "amount": 1
    },
    {
      "npcId": 9922,
      "item": 19985,
      "amount": 3
    },
    {
      "npcId": 9922,
      "item": 19992,
      "amount": 3
    },
    {
      "npcId": 9922,
      "item": 20400,
      "amount": 1
    },
    {
      "npcId": 9922,
      "item": 14488,
      "amount": 1
    },
    {
      "npcId": 9922,
      "item": 19984,
      "amount": 1
    },
    {
      "npcId": 9922,
      "item": 19991,
      "amount": 1
    },
    {
      "npcId": 9906,
      "item": 995,
      "amount": 1613889
    },
    {
      "npcId": 9906,
      "item": 2023,
      "amount": 69
    },
    {
      "npcId": 9838,
      "item": 995,
      "amount": 920
    },
    {
      "npcId": 9838,
      "item": 2023,
      "amount": 321
    },
    {
      "npcId": 9838,
      "item": 20092,
      "amount": 6
    },
    {
      "npcId": 9838,
      "item": 20088,
      "amount": 13
    },
    {
      "npcId": 9838,
      "item": 20089,
      "amount": 5
    },
    {
      "npcId": 9845,
      "item": 995,
      "amount": 912
    },
    {
      "npcId": 9845,
      "item": 2023,
      "amount": 211
    },
    {
      "npcId": 9845,
      "item": 20087,
      "amount": 6
    },
    {
      "npcId": 9845,
      "item": 20086,
      "amount": 6
    },
    {
      "npcId": 9845,
      "item": 20089,
      "amount": 3
    },
    {
      "npcId": 9845,
      "item": 20092,
      "amount": 4
    },
    {
      "npcId": 9910,
      "item": 995,
      "amount": 956
    },
    {
      "npcId": 9910,
      "item": 2023,
      "amount": 158
    },
    {
      "npcId": 9910,
      "item": 20089,
      "amount": 5
    },
    {
      "npcId": 9910,
      "item": 20088,
      "amount": 2
    },
    {
      "npcId": 9910,
      "item": 20091,
      "amount": 1
    },
    {
      "npcId": 9910,
      "item": 20093,
      "amount": 2
    },
    {
      "npcId": 9910,
      "item": 20087,
      "amount": 5
    },
    {
      "npcId": 9910,
      "item": 20086,
      "amount": 3
    },
    {
      "npcId": 9807,
      "item": 995,
      "amount": 1122
    },
    {
      "npcId": 9807,
      "item": 2023,
      "amount": 224
    },
    {
      "npcId": 9807,
      "item": 20088,
      "amount": 3
    },
    {
      "npcId": 8013,
      "item": 10946,
      "amount": 21
    },
    {
      "npcId": 8013,
      "item": 23020,
      "amount": 19
    },
    {
      "npcId": 9807,
      "item": 20089,
      "amount": 2
    },
    {
      "npcId": 9807,
      "item": 20092,
      "amount": 5
    },
    {
      "npcId": 9807,
      "item": 20091,
      "amount": 2
    },
    {
      "npcId": 9807,
      "item": 20086,
      "amount": 2
    },
    {
      "npcId": 9807,
      "item": 20087,
      "amount": 5
    },
    {
      "npcId": 9807,
      "item": 20093,
      "amount": 5
    },
    {
      "npcId": 9807,
      "item": 14487,
      "amount": 4
    },
    {
      "npcId": 6692,
      "item": 995,
      "amount": 1285
    },
    {
      "npcId": 6692,
      "item": 2023,
      "amount": 282
    },
    {
      "npcId": 6692,
      "item": 17999,
      "amount": 12
    },
    {
      "npcId": 6692,
      "item": 18003,
      "amount": 5
    },
    {
      "npcId": 6692,
      "item": 18005,
      "amount": 2
    },
    {
      "npcId": 6692,
      "item": 18001,
      "amount": 5
    },
    {
      "npcId": 6692,
      "item": 18011,
      "amount": 5
    },
    {
      "npcId": 6692,
      "item": 18009,
      "amount": 3
    },
    {
      "npcId": 9028,
      "item": 995,
      "amount": 1542
    },
    {
      "npcId": 9028,
      "item": 2023,
      "amount": 44
    },
    {
      "npcId": 9028,
      "item": 23023,
      "amount": 1
    },
    {
      "npcId": 8014,
      "item": 995,
      "amount": 2342
    },
    {
      "npcId": 8014,
      "item": 2023,
      "amount": 343
    },
    {
      "npcId": 8014,
      "item": 23056,
      "amount": 1
    },
    {
      "npcId": 8014,
      "item": 23054,
      "amount": 3
    },
    {
      "npcId": 8014,
      "item": 23051,
      "amount": 1
    },
    {
      "npcId": 8003,
      "item": 995,
      "amount": 3280
    },
    {
      "npcId": 8003,
      "item": 2023,
      "amount": 284
    },
    {
      "npcId": 8003,
      "item": 20592,
      "amount": 1
    },
    {
      "npcId": 8003,
      "item": 8334,
      "amount": 1
    },
    {
      "npcId": 8003,
      "item": 20593,
      "amount": 1
    },
    {
      "npcId": 202,
      "item": 995,
      "amount": 4279
    },
    {
      "npcId": 202,
      "item": 2023,
      "amount": 284
    },
    {
      "npcId": 202,
      "item": 13305,
      "amount": 1
    },
    {
      "npcId": 9904,
      "item": 995,
      "amount": 2509889
    },
    {
      "npcId": 9904,
      "item": 2023,
      "amount": 56
    },
    {
      "npcId": 202,
      "item": 20542,
      "amount": 1
    },
    {
      "npcId": 202,
      "item": 13300,
      "amount": 2
    },
    {
      "npcId": 202,
      "item": 13306,
      "amount": 1
    },
    {
      "npcId": 811,
      "item": 995,
      "amount": 5384
    },
    {
      "npcId": 811,
      "item": 2023,
      "amount": 383
    },
    {
      "npcId": 811,
      "item": 21069,
      "amount": 2
    },
    {
      "npcId": 811,
      "item": 21066,
      "amount": 2
    },
    {
      "npcId": 9815,
      "item": 995,
      "amount": 6303
    },
    {
      "npcId": 9815,
      "item": 2023,
      "amount": 301
    },
    {
      "npcId": 9907,
      "item": 10946,
      "amount": 11
    },
    {
      "npcId": 9907,
      "item": 2023,
      "amount": 110
    },
    {
      "npcId": 9908,
      "item": 10946,
      "amount": 16
    },
    {
      "npcId": 9908,
      "item": 2023,
      "amount": 313
    },
    {
      "npcId": 9845,
      "item": 20088,
      "amount": 3
    },
    {
      "npcId": 9845,
      "item": 20091,
      "amount": 1
    },
    {
      "npcId": 9910,
      "item": 20092,
      "amount": 1
    },
    {
      "npcId": 8014,
      "item": 23055,
      "amount": 1
    },
    {
      "npcId": 9838,
      "item": 20087,
      "amount": 3
    },
    {
      "npcId": 9838,
      "item": 20093,
      "amount": 2
    },
    {
      "npcId": 9815,
      "item": 21049,
      "amount": 1
    },
    {
      "npcId": 9815,
      "item": 21039,
      "amount": 1
    },
    {
      "npcId": 9815,
      "item": 21048,
      "amount": 2
    },
    {
      "npcId": 9817,
      "item": 995,
      "amount": 7323
    },
    {
      "npcId": 9817,
      "item": 2023,
      "amount": 326
    },
    {
      "npcId": 9817,
      "item": 17664,
      "amount": 1
    },
    {
      "npcId": 9817,
      "item": 23136,
      "amount": 1
    },
    {
      "npcId": 9817,
      "item": 23135,
      "amount": 2
    },
    {
      "npcId": 9817,
      "item": 23137,
      "amount": 1
    },
    {
      "npcId": 9920,
      "item": 995,
      "amount": 8112
    },
    {
      "npcId": 9920,
      "item": 2023,
      "amount": 114
    },
    {
      "npcId": 9920,
      "item": 14915,
      "amount": 1
    },
    {
      "npcId": 3831,
      "item": 995,
      "amount": 9179
    },
    {
      "npcId": 3831,
      "item": 2023,
      "amount": 182
    },
    {
      "npcId": 3831,
      "item": 14733,
      "amount": 1
    },
    {
      "npcId": 9025,
      "item": 995,
      "amount": 10248
    },
    {
      "npcId": 9025,
      "item": 2023,
      "amount": 249
    },
    {
      "npcId": 9025,
      "item": 8820,
      "amount": 1
    },
    {
      "npcId": 9025,
      "item": 8816,
      "amount": 1
    },
    {
      "npcId": 9026,
      "item": 995,
      "amount": 11167
    },
    {
      "npcId": 9026,
      "item": 2023,
      "amount": 168
    },
    {
      "npcId": 9026,
      "item": 23146,
      "amount": 1
    },
    {
      "npcId": 9836,
      "item": 995,
      "amount": 12330
    },
    {
      "npcId": 9836,
      "item": 2023,
      "amount": 331
    },
    {
      "npcId": 9836,
      "item": 15933,
      "amount": 2
    },
    {
      "npcId": 92,
      "item": 995,
      "amount": 13253
    },
    {
      "npcId": 92,
      "item": 2023,
      "amount": 252
    },
    {
      "npcId": 92,
      "item": 5420,
      "amount": 2
    },
    {
      "npcId": 3313,
      "item": 995,
      "amount": 14171
    },
    {
      "npcId": 3313,
      "item": 2023,
      "amount": 171
    },
    {
      "npcId": 3313,
      "item": 9940,
      "amount": 1
    },
    {
      "npcId": 8008,
      "item": 995,
      "amount": 15174
    },
    {
      "npcId": 8008,
      "item": 2023,
      "amount": 177
    },
    {
      "npcId": 1906,
      "item": 995,
      "amount": 16168
    },
    {
      "npcId": 1906,
      "item": 2023,
      "amount": 170
    },
    {
      "npcId": 9915,
      "item": 995,
      "amount": 17180
    },
    {
      "npcId": 9915,
      "item": 2023,
      "amount": 178
    },
    {
      "npcId": 2342,
      "item": 995,
      "amount": 18170
    },
    {
      "npcId": 2342,
      "item": 2023,
      "amount": 174
    },
    {
      "npcId": 2342,
      "item": 11002,
      "amount": 1
    },
    {
      "npcId": 9024,
      "item": 995,
      "amount": 20066
    },
    {
      "npcId": 9024,
      "item": 2023,
      "amount": 1071
    },
    {
      "npcId": 9024,
      "item": 11182,
      "amount": 1
    },
    {
      "npcId": 9024,
      "item": 11762,
      "amount": 2
    },
    {
      "npcId": 9916,
      "item": 995,
      "amount": 20250
    },
    {
      "npcId": 9916,
      "item": 2023,
      "amount": 252
    },
    {
      "npcId": 9916,
      "item": 23093,
      "amount": 1
    },
    {
      "npcId": 9918,
      "item": 995,
      "amount": 21254
    },
    {
      "npcId": 9918,
      "item": 2023,
      "amount": 253
    },
    {
      "npcId": 9918,
      "item": 21028,
      "amount": 1
    },
    {
      "npcId": 9919,
      "item": 995,
      "amount": 22336
    },
    {
      "npcId": 9919,
      "item": 2023,
      "amount": 337
    },
    {
      "npcId": 9919,
      "item": 12994,
      "amount": 2
    },
    {
      "npcId": 9914,
      "item": 995,
      "amount": 23342
    },
    {
      "npcId": 9914,
      "item": 2023,
      "amount": 344
    },
    {
      "npcId": 9914,
      "item": 22122,
      "amount": 2
    },
    {
      "npcId": 8014,
      "item": 23052,
      "amount": 1
    },
    {
      "npcId": 9910,
      "item": 14487,
      "amount": 1
    },
    {
      "npcId": 9845,
      "item": 20093,
      "amount": 2
    },
    {
      "npcId": 9845,
      "item": 14487,
      "amount": 2
    },
    {
      "npcId": 9838,
      "item": 20091,
      "amount": 1
    },
    {
      "npcId": 9838,
      "item": 14487,
      "amount": 7
    },
    {
      "npcId": 9017,
      "item": 995,
      "amount": 39443
    },
    {
      "npcId": 9838,
      "item": 20086,
      "amount": 1
    },
    {
      "npcId": 8014,
      "item": 23050,
      "amount": 1
    },
    {
      "npcId": 8003,
      "item": 19892,
      "amount": 1
    },
    {
      "npcId": 811,
      "item": 21067,
      "amount": 1
    },
    {
      "npcId": 3831,
      "item": 10865,
      "amount": 1
    },
    {
      "npcId": 92,
      "item": 17710,
      "amount": 1
    },
    {
      "npcId": 92,
      "item": 5422,
      "amount": 1
    },
    {
      "npcId": 9017,
      "item": 15646,
      "amount": 5
    },
    {
      "npcId": 9017,
      "item": 22135,
      "amount": 13
    },
    {
      "npcId": 9017,
      "item": 19481,
      "amount": 8
    },
    {
      "npcId": 9017,
      "item": 15647,
      "amount": 6
    },
    {
      "npcId": 587,
      "item": 23058,
      "amount": 1
    },
    {
      "npcId": 587,
      "item": 23020,
      "amount": 10
    },
    {
      "npcId": 9017,
      "item": 15645,
      "amount": 4
    },
    {
      "npcId": 9024,
      "item": 11183,
      "amount": 1
    },
    {
      "npcId": 9024,
      "item": 11184,
      "amount": 1
    }
  ],
  "holy-prayers-unlocked": [
    false,
    false,
    false,
    false,
    false,
    false
  ],
  "rune-ess": 0,
  "pure-ess": 0,
  "has-bank-pin": false,
  "last-pin-attempt": 0,
  "invalid-pin-attempts": 0,
  "bank-pin": [
    0,
    0,
    0,
    0
  ],
  "appearance": [
    0,
    0,
    18,
    26,
    33,
    36,
    42,
    10,
    0,
    0,
    0,
    0,
    0
  ],
  "agility-obj": [
    false,
    false,
    false,
    false,
    false,
    false,
    false
  ],
  "skills": {
    "level": [
      84,
      120,
      79,
      1180,
      120,
      920,
      120,
      1,
      1,
      1,
      1,
      1,
      66,
      1,
      74,
      1,
      1,
      1,
      72,
      1,
      1,
      1,
      1,
      1,
      1
    ],
    "maxLevel": [
      84,
      120,
      79,
      1200,
      120,
      920,
      120,
      1,
      1,
      1,
      1,
      1,
      66,
      1,
      74,
      1,
      1,
      1,
      72,
      1,
      1,
      1,
      1,
      1,
      1
    ],
    "experience": [
      3244148,
      263594685,
      1980092,
      2000000000,
      261348697,
      7159496,
      2000000000,
      0,
      0,
      0,
      0,
      0,
      533173,
      0,
      1108421,
      0,
      0,
      0,
      914851,
      0,
      0,
      0,
      0,
      0,
      0
    ]
  },
  "inventory": [
    {
      "id": 23120,
      "amount": 1,
      "slot": 0,
      "bonus": {
        "effect": "NOTHING",
        "rarity": "COMMON",
        "bonus": 0
      }
    },
    {
      "id": 23123,
      "amount": 1,
      "slot": 0,
      "bonus": {
        "effect": "NOTHING",
        "rarity": "COMMON",
        "bonus": 0
      }
    },
    {
      "id": 23126,
      "amount": 1,
      "slot": 0,
      "bonus": {
        "effect": "NOTHING",
        "rarity": "COMMON",
        "bonus": 0
      }
    },
    {
      "id": 2736,
      "amount": 22,
      "slot": 0,
      "bonus": {
        "effect": "NOTHING",
        "rarity": "COMMON",
        "bonus": 0
      }
    },
    {
      "id": 11183,
      "amount": 1,
      "slot": 0,
      "bonus": {
        "effect": "DROP_RATE_LOW",
        "rarity": "RARE",
        "bonus": 20
      }
    },
    {
      "id": 11184,
      "amount": 1,
      "slot": 0,
      "bonus": {
        "effect": "NOTHING",
        "rarity": "COMMON",
        "bonus": 0
      }
    },
    {
      "id": -1,
      "amount": 0,
      "slot": 0,
      "bonus": {
        "effect": "NOTHING",
        "rarity": "COMMON",
        "bonus": 0
      }
    },
    {
      "id": -1,
      "amount": 0,
      "slot": 0,
      "bonus": {
        "effect": "NOTHING",
        "rarity": "COMMON",
        "bonus": 0
      }
    },
    {
      "id": -1,
      "amount": 0,
      "slot": 0,
      "bonus": {
        "effect": "NOTHING",
        "rarity": "COMMON",
        "bonus": 0
      }
    },
    {
      "id": -1,
      "amount": 0,
      "slot": 0,
      "bonus": {
        "effect": "NOTHING",
        "rarity": "COMMON",
        "bonus": 0
      }
    },
    {
      "id": -1,
      "amount": 0,
      "slot": 0,
      "bonus": {
        "effect": "NOTHING",
        "rarity": "COMMON",
        "bonus": 0
      }
    },
    {
      "id": -1,
      "amount": 0,
      "slot": 0,
      "bonus": {
        "effect": "NOTHING",
        "rarity": "COMMON",
        "bonus": 0
      }
    },
    {
      "id": -1,
      "amount": 0,
      "slot": 0,
      "bonus": {
        "effect": "NOTHING",
        "rarity": "COMMON",
        "bonus": 0
      }
    },
    {
      "id": -1,
      "amount": 0,
      "slot": 0,
      "bonus": {
        "effect": "NOTHING",
        "rarity": "COMMON",
        "bonus": 0
      }
    },
    {
      "id": -1,
      "amount": 0,
      "slot": 0,
      "bonus": {
        "effect": "NOTHING",
        "rarity": "COMMON",
        "bonus": 0
      }
    },
    {
      "id": -1,
      "amount": 0,
      "slot": 0,
      "bonus": {
        "effect": "NOTHING",
        "rarity": "COMMON",
        "bonus": 0
      }
    },
    {
      "id": -1,
      "amount": 0,
      "slot": 0,
      "bonus": {
        "effect": "NOTHING",
        "rarity": "COMMON",
        "bonus": 0
      }
    },
    {
      "id": -1,
      "amount": 0,
      "slot": 0,
      "bonus": {
        "effect": "NOTHING",
        "rarity": "COMMON",
        "bonus": 0
      }
    },
    {
      "id": -1,
      "amount": 0,
      "slot": 0,
      "bonus": {
        "effect": "NOTHING",
        "rarity": "COMMON",
        "bonus": 0
      }
    },
    {
      "id": -1,
      "amount": 0,
      "slot": 0,
      "bonus": {
        "effect": "NOTHING",
        "rarity": "COMMON",
        "bonus": 0
      }
    },
    {
      "id": -1,
      "amount": 0,
      "slot": 0,
      "bonus": {
        "effect": "NOTHING",
        "rarity": "COMMON",
        "bonus": 0
      }
    },
    {
      "id": 21816,
      "amount": 5,
      "slot": 0,
      "bonus": {
        "effect": "NOTHING",
        "rarity": "COMMON",
        "bonus": 0
      }
    },
    {
      "id": 4155,
      "amount": 1,
      "slot": 0,
      "bonus": {
        "effect": "NOTHING",
        "rarity": "COMMON",
        "bonus": 0
      }
    },
    {
      "id": 2734,
      "amount": 4,
      "slot": 0,
      "bonus": {
        "effect": "NOTHING",
        "rarity": "COMMON",
        "bonus": 0
      }
    },
    {
      "id": 995,
      "amount": 147728800,
      "slot": 0,
      "bonus": {
        "effect": "NOTHING",
        "rarity": "COMMON",
        "bonus": 0
      }
    },
    {
      "id": 10835,
      "amount": 19098300,
      "slot": 0,
      "bonus": {
        "effect": "NOTHING",
        "rarity": "COMMON",
        "bonus": 0
      }
    },
    {
      "id": 5023,
      "amount": 563,
      "slot": 0,
      "bonus": {
        "effect": "NOTHING",
        "rarity": "COMMON",
        "bonus": 0
      }
    },
    {
      "id": 2023,
      "amount": 13055,
      "slot": 0,
      "bonus": {
        "effect": "NOTHING",
        "rarity": "COMMON",
        "bonus": 0
      }
    }
  ],
  "equipment": [
    {
      "id": 15005,
      "amount": 1,
      "slot": 0,
      "bonus": {
        "effect": "DOUBLE_KILLS",
        "rarity": "LEGENDARY",
        "bonus": 1
      }
    },
    {
      "id": 17606,
      "amount": 1,
      "slot": 0,
      "bonus": {
        "effect": "DOUBLE_CASH",
        "rarity": "LEGENDARY",
        "bonus": 2
      }
    },
    {
      "id": 19886,
      "amount": 1,
      "slot": 0,
      "bonus": {
        "effect": "ALL_DAMAGE_LOW",
        "rarity": "RARE",
        "bonus": 1
      }
    },
    {
      "id": 4071,
      "amount": 1,
      "slot": 0,
      "bonus": {
        "effect": "AOE_EFFECT",
        "rarity": "MYTHIC",
        "bonus": 2
      }
    },
    {
      "id": 15646,
      "amount": 1,
      "slot": 0,
      "bonus": {
        "effect": "ALL_DAMAGE_HIGH",
        "rarity": "MYTHIC",
        "bonus": 3
      }
    },
    {
      "id": 13964,
      "amount": 1,
      "slot": 0,
      "bonus": {
        "effect": "ALL_DAMAGE_HIGH",
        "rarity": "MYTHIC",
        "bonus": 3
      }
    },
    {
      "id": 15448,
      "amount": 1,
      "slot": 0,
      "bonus": {
        "effect": "NOTHING",
        "rarity": "COMMON",
        "bonus": 0
      }
    },
    {
      "id": 15007,
      "amount": 1,
      "slot": 0,
      "bonus": {
        "effect": "TRIPLE_KILLS",
        "rarity": "MYTHIC",
        "bonus": 2
      }
    },
    {
      "id": 17391,
      "amount": 1,
      "slot": 0,
      "bonus": {
        "effect": "RANGE_DAMAGE",
        "rarity": "UNCOMMON",
        "bonus": 1
      }
    },
    {
      "id": 12994,
      "amount": 1,
      "slot": 0,
      "bonus": {
        "effect": "ALL_DAMAGE_HIGH",
        "rarity": "MYTHIC",
        "bonus": 3
      }
    },
    {
      "id": 4083,
      "amount": 1,
      "slot": 0,
      "bonus": {
        "effect": "TRIPLE_KILLS",
        "rarity": "MYTHIC",
        "bonus": 2
      }
    },
    {
      "id": -1,
      "amount": 0,
      "slot": 0,
      "bonus": {
        "effect": "NOTHING",
        "rarity": "COMMON",
        "bonus": 0
      }
    },
    {
      "id": 21069,
      "amount": 1,
      "slot": 0,
      "bonus": {
        "effect": "NOTHING",
        "rarity": "COMMON",
        "bonus": 0
      }
    },
    {
      "id": -1,
      "amount": 0,
      "slot": 0,
      "bonus": {
        "effect": "NOTHING",
        "rarity": "COMMON",
        "bonus": 0
      }
    },
    {
      "id": 15584,
      "amount": 1,
      "slot": 0,
      "bonus": {
        "effect": "NOTHING",
        "rarity": "COMMON",
        "bonus": 0
      }
    }
  ],
  "secondary-equipment": [
    {
      "id": -1,
      "amount": 0,
      "slot": 0,
      "bonus": {
        "effect": "NOTHING",
        "rarity": "COMMON",
        "bonus": 0
      }
    },
    {
      "id": -1,
      "amount": 0,
      "slot": 0,
      "bonus": {
        "effect": "NOTHING",
        "rarity": "COMMON",
        "bonus": 0
      }
    },
    {
      "id": -1,
      "amount": 0,
      "slot": 0,
      "bonus": {
        "effect": "NOTHING",
        "rarity": "COMMON",
        "bonus": 0
      }
    },
    {
      "id": -1,
      "amount": 0,
      "slot": 0,
      "bonus": {
        "effect": "NOTHING",
        "rarity": "COMMON",
        "bonus": 0
      }
    },
    {
      "id": -1,
      "amount": 0,
      "slot": 0,
      "bonus": {
        "effect": "NOTHING",
        "rarity": "COMMON",
        "bonus": 0
      }
    },
    {
      "id": -1,
      "amount": 0,
      "slot": 0,
      "bonus": {
        "effect": "NOTHING",
        "rarity": "COMMON",
        "bonus": 0
      }
    },
    {
      "id": -1,
      "amount": 0,
      "slot": 0,
      "bonus": {
        "effect": "NOTHING",
        "rarity": "COMMON",
        "bonus": 0
      }
    },
    {
      "id": -1,
      "amount": 0,
      "slot": 0,
      "bonus": {
        "effect": "NOTHING",
        "rarity": "COMMON",
        "bonus": 0
      }
    },
    {
      "id": -1,
      "amount": 0,
      "slot": 0,
      "bonus": {
        "effect": "NOTHING",
        "rarity": "COMMON",
        "bonus": 0
      }
    },
    {
      "id": -1,
      "amount": 0,
      "slot": 0,
      "bonus": {
        "effect": "NOTHING",
        "rarity": "COMMON",
        "bonus": 0
      }
    },
    {
      "id": -1,
      "amount": 0,
      "slot": 0,
      "bonus": {
        "effect": "NOTHING",
        "rarity": "COMMON",
        "bonus": 0
      }
    },
    {
      "id": -1,
      "amount": 0,
      "slot": 0,
      "bonus": {
        "effect": "NOTHING",
        "rarity": "COMMON",
        "bonus": 0
      }
    },
    {
      "id": -1,
      "amount": 0,
      "slot": 0,
      "bonus": {
        "effect": "NOTHING",
        "rarity": "COMMON",
        "bonus": 0
      }
    },
    {
      "id": -1,
      "amount": 0,
      "slot": 0,
      "bonus": {
        "effect": "NOTHING",
        "rarity": "COMMON",
        "bonus": 0
      }
    },
    {
      "id": -1,
      "amount": 0,
      "slot": 0,
      "bonus": {
        "effect": "NOTHING",
        "rarity": "COMMON",
        "bonus": 0
      }
    }
  ],
  "preset-equipment": [
    {
      "id": -1,
      "amount": 0,
      "slot": 0,
      "bonus": {
        "effect": "NOTHING",
        "rarity": "COMMON",
        "bonus": 0
      }
    },
    {
      "id": -1,
      "amount": 0,
      "slot": 0,
      "bonus": {
        "effect": "NOTHING",
        "rarity": "COMMON",
        "bonus": 0
      }
    },
    {
      "id": -1,
      "amount": 0,
      "slot": 0,
      "bonus": {
        "effect": "NOTHING",
        "rarity": "COMMON",
        "bonus": 0
      }
    },
    {
      "id": -1,
      "amount": 0,
      "slot": 0,
      "bonus": {
        "effect": "NOTHING",
        "rarity": "COMMON",
        "bonus": 0
      }
    },
    {
      "id": -1,
      "amount": 0,
      "slot": 0,
      "bonus": {
        "effect": "NOTHING",
        "rarity": "COMMON",
        "bonus": 0
      }
    },
    {
      "id": -1,
      "amount": 0,
      "slot": 0,
      "bonus": {
        "effect": "NOTHING",
        "rarity": "COMMON",
        "bonus": 0
      }
    },
    {
      "id": -1,
      "amount": 0,
      "slot": 0,
      "bonus": {
        "effect": "NOTHING",
        "rarity": "COMMON",
        "bonus": 0
      }
    },
    {
      "id": -1,
      "amount": 0,
      "slot": 0,
      "bonus": {
        "effect": "NOTHING",
        "rarity": "COMMON",
        "bonus": 0
      }
    },
    {
      "id": -1,
      "amount": 0,
      "slot": 0,
      "bonus": {
        "effect": "NOTHING",
        "rarity": "COMMON",
        "bonus": 0
      }
    },
    {
      "id": -1,
      "amount": 0,
      "slot": 0,
      "bonus": {
        "effect": "NOTHING",
        "rarity": "COMMON",
        "bonus": 0
      }
    },
    {
      "id": -1,
      "amount": 0,
      "slot": 0,
      "bonus": {
        "effect": "NOTHING",
        "rarity": "COMMON",
        "bonus": 0
      }
    },
    {
      "id": -1,
      "amount": 0,
      "slot": 0,
      "bonus": {
        "effect": "NOTHING",
        "rarity": "COMMON",
        "bonus": 0
      }
    },
    {
      "id": -1,
      "amount": 0,
      "slot": 0,
      "bonus": {
        "effect": "NOTHING",
        "rarity": "COMMON",
        "bonus": 0
      }
    },
    {
      "id": -1,
      "amount": 0,
      "slot": 0,
      "bonus": {
        "effect": "NOTHING",
        "rarity": "COMMON",
        "bonus": 0
      }
    },
    {
      "id": -1,
      "amount": 0,
      "slot": 0,
      "bonus": {
        "effect": "NOTHING",
        "rarity": "COMMON",
        "bonus": 0
      }
    }
  ],
  "offences": [],
  "bank-0": [
    {
      "id": 995,
      "amount": 1,
      "slot": 0,
      "bonus": {
        "effect": "NOTHING",
        "rarity": "COMMON",
        "bonus": 0
      }
    },
    {
      "id": 10835,
      "amount": 1,
      "slot": 0,
      "bonus": {
        "effect": "NOTHING",
        "rarity": "COMMON",
        "bonus": 0
      }
    },
    {
      "id": 3024,
      "amount": 93,
      "slot": 0,
      "bonus": {
        "effect": "NOTHING",
        "rarity": "COMMON",
        "bonus": 0
      }
    },
    {
      "id": 17817,
      "amount": 96,
      "slot": 0,
      "bonus": {
        "effect": "NOTHING",
        "rarity": "COMMON",
        "bonus": 0
      }
    },
    {
      "id": 15358,
      "amount": 1,
      "slot": 0,
      "bonus": {
        "effect": "NOTHING",
        "rarity": "COMMON",
        "bonus": 0
      }
    },
    {
      "id": 15359,
      "amount": 1,
      "slot": 0,
      "bonus": {
        "effect": "NOTHING",
        "rarity": "COMMON",
        "bonus": 0
      }
    },
    {
      "id": 3086,
      "amount": 0,
      "slot": 0,
      "bonus": {
        "effect": "NOTHING",
        "rarity": "COMMON",
        "bonus": 0
      }
    },
    {
      "id": 1033,
      "amount": 2,
      "slot": 0,
      "bonus": {
        "effect": "NOTHING",
        "rarity": "COMMON",
        "bonus": 0
      }
    },
    {
      "id": 3090,
      "amount": 2,
      "slot": 0,
      "bonus": {
        "effect": "NOTHING",
        "rarity": "COMMON",
        "bonus": 0
      }
    },
    {
      "id": 23020,
      "amount": 3,
      "slot": 0,
      "bonus": {
        "effect": "NOTHING",
        "rarity": "COMMON",
        "bonus": 0
      }
    },
    {
      "id": 10946,
      "amount": 0,
      "slot": 0,
      "bonus": {
        "effect": "NOTHING",
        "rarity": "COMMON",
        "bonus": 0
      }
    },
    {
      "id": 11137,
      "amount": 20,
      "slot": 0,
      "bonus": {
        "effect": "NOTHING",
        "rarity": "COMMON",
        "bonus": 0
      }
    },
    {
      "id": 15355,
      "amount": 0,
      "slot": 0,
      "bonus": {
        "effect": "NOTHING",
        "rarity": "COMMON",
        "bonus": 0
      }
    },
    {
      "id": 18750,
      "amount": 0,
      "slot": 0,
      "bonus": {
        "effect": "NOTHING",
        "rarity": "COMMON",
        "bonus": 0
      }
    },
    {
      "id": 5023,
      "amount": 0,
      "slot": 0,
      "bonus": {
        "effect": "NOTHING",
        "rarity": "COMMON",
        "bonus": 0
      }
    },
    {
      "id": 4155,
      "amount": 1,
      "slot": 0,
      "bonus": {
        "effect": "NOTHING",
        "rarity": "COMMON",
        "bonus": 0
      }
    },
    {
      "id": 15007,
      "amount": 1,
      "slot": 0,
      "bonus": {
        "effect": "NOTHING",
        "rarity": "COMMON",
        "bonus": 0
      }
    },
    {
      "id": 15200,
      "amount": 1,
      "slot": 0,
      "bonus": {
        "effect": "NOTHING",
        "rarity": "COMMON",
        "bonus": 0
      }
    },
    {
      "id": 13727,
      "amount": 158,
      "slot": 0,
      "bonus": {
        "effect": "NOTHING",
        "rarity": "COMMON",
        "bonus": 0
      }
    },
    {
      "id": 3028,
      "amount": 1,
      "slot": 0,
      "bonus": {
        "effect": "NOTHING",
        "rarity": "COMMON",
        "bonus": 0
      }
    },
    {
      "id": 2736,
      "amount": 5,
      "slot": 0,
      "bonus": {
        "effect": "NOTHING",
        "rarity": "COMMON",
        "bonus": 0
      }
    },
    {
      "id": 14487,
      "amount": 2,
      "slot": 0,
      "bonus": {
        "effect": "NOTHING",
        "rarity": "COMMON",
        "bonus": 0
      }
    },
    {
      "id": 10025,
      "amount": 1,
      "slot": 0,
      "bonus": {
        "effect": "NOTHING",
        "rarity": "COMMON",
        "bonus": 0
      }
    },
    {
      "id": 17634,
      "amount": 0,
      "slot": 0,
      "bonus": {
        "effect": "NOTHING",
        "rarity": "COMMON",
        "bonus": 0
      }
    },
    {
      "id": 1265,
      "amount": 1,
      "slot": 0,
      "bonus": {
        "effect": "NOTHING",
        "rarity": "COMMON",
        "bonus": 0
      }
    },
    {
      "id": 19886,
      "amount": 1,
      "slot": 0,
      "bonus": {
        "effect": "NOTHING",
        "rarity": "COMMON",
        "bonus": 0
      }
    },
    {
      "id": 22122,
      "amount": 1,
      "slot": 0,
      "bonus": {
        "effect": "NOTHING",
        "rarity": "COMMON",
        "bonus": 0
      }
    },
    {
      "id": 23121,
      "amount": 1,
      "slot": 0,
      "bonus": {
        "effect": "NOTHING",
        "rarity": "COMMON",
        "bonus": 0
      }
    },
    {
      "id": 19481,
      "amount": 8,
      "slot": 0,
      "bonus": {
        "effect": "NOTHING",
        "rarity": "COMMON",
        "bonus": 0
      }
    },
    {
      "id": 2380,
      "amount": 1,
      "slot": 0,
      "bonus": {
        "effect": "NOTHING",
        "rarity": "COMMON",
        "bonus": 0
      }
    },
    {
      "id": 6953,
      "amount": 1,
      "slot": 0,
      "bonus": {
        "effect": "NOTHING",
        "rarity": "COMMON",
        "bonus": 0
      }
    },
    {
      "id": 15357,
      "amount": 1,
      "slot": 0,
      "bonus": {
        "effect": "NOTHING",
        "rarity": "COMMON",
        "bonus": 0
      }
    }
  ],
  "bank-1": [
    {
      "id": 19945,
      "amount": 1,
      "slot": 0,
      "bonus": {
        "effect": "NOTHING",
        "rarity": "COMMON",
        "bonus": 0
      }
    },
    {
      "id": 22083,
      "amount": 1,
      "slot": 0,
      "bonus": {
        "effect": "NOTHING",
        "rarity": "COMMON",
        "bonus": 0
      }
    },
    {
      "id": 705,
      "amount": 1,
      "slot": 0,
      "bonus": {
        "effect": "NOTHING",
        "rarity": "COMMON",
        "bonus": 0
      }
    },
    {
      "id": 23091,
      "amount": 1,
      "slot": 0,
      "bonus": {
        "effect": "NOTHING",
        "rarity": "COMMON",
        "bonus": 0
      }
    },
    {
      "id": 19946,
      "amount": 1,
      "slot": 0,
      "bonus": {
        "effect": "NOTHING",
        "rarity": "COMMON",
        "bonus": 0
      }
    },
    {
      "id": 703,
      "amount": 1,
      "slot": 0,
      "bonus": {
        "effect": "NOTHING",
        "rarity": "COMMON",
        "bonus": 0
      }
    },
    {
      "id": 704,
      "amount": 1,
      "slot": 0,
      "bonus": {
        "effect": "NOTHING",
        "rarity": "COMMON",
        "bonus": 0
      }
    },
    {
      "id": 22084,
      "amount": 1,
      "slot": 0,
      "bonus": {
        "effect": "NOTHING",
        "rarity": "COMMON",
        "bonus": 0
      }
    },
    {
      "id": 22092,
      "amount": 1,
      "slot": 0,
      "bonus": {
        "effect": "NOTHING",
        "rarity": "COMMON",
        "bonus": 0
      }
    },
    {
      "id": 23089,
      "amount": 1,
      "slot": 0,
      "bonus": {
        "effect": "NOTHING",
        "rarity": "COMMON",
        "bonus": 0
      }
    },
    {
      "id": 19944,
      "amount": 1,
      "slot": 0,
      "bonus": {
        "effect": "NOTHING",
        "rarity": "COMMON",
        "bonus": 0
      }
    },
    {
      "id": 22175,
      "amount": 0,
      "slot": 0,
      "bonus": {
        "effect": "NOTHING",
        "rarity": "COMMON",
        "bonus": 0
      }
    },
    {
      "id": 22174,
      "amount": 0,
      "slot": 0,
      "bonus": {
        "effect": "NOTHING",
        "rarity": "COMMON",
        "bonus": 0
      }
    },
    {
      "id": 19992,
      "amount": 1,
      "slot": 0,
      "bonus": {
        "effect": "NOTHING",
        "rarity": "COMMON",
        "bonus": 0
      }
    },
    {
      "id": 14484,
      "amount": 1,
      "slot": 0,
      "bonus": {
        "effect": "NOTHING",
        "rarity": "COMMON",
        "bonus": 0
      }
    },
    {
      "id": 20092,
      "amount": 3,
      "slot": 0,
      "bonus": {
        "effect": "NOTHING",
        "rarity": "COMMON",
        "bonus": 0
      }
    },
    {
      "id": 15647,
      "amount": 1,
      "slot": 0,
      "bonus": {
        "effect": "NOTHING",
        "rarity": "COMMON",
        "bonus": 0
      }
    },
    {
      "id": 19914,
      "amount": 1,
      "slot": 0,
      "bonus": {
        "effect": "NOTHING",
        "rarity": "COMMON",
        "bonus": 0
      }
    },
    {
      "id": 21066,
      "amount": 2,
      "slot": 0,
      "bonus": {
        "effect": "NOTHING",
        "rarity": "COMMON",
        "bonus": 0
      }
    },
    {
      "id": 11181,
      "amount": 1,
      "slot": 0,
      "bonus": {
        "effect": "NOTHING",
        "rarity": "COMMON",
        "bonus": 0
      }
    },
    {
      "id": 13300,
      "amount": 2,
      "slot": 0,
      "bonus": {
        "effect": "NOTHING",
        "rarity": "COMMON",
        "bonus": 0
      }
    },
    {
      "id": 21069,
      "amount": 1,
      "slot": 0,
      "bonus": {
        "effect": "NOTHING",
        "rarity": "COMMON",
        "bonus": 0
      }
    },
    {
      "id": 20542,
      "amount": 1,
      "slot": 0,
      "bonus": {
        "effect": "NOTHING",
        "rarity": "COMMON",
        "bonus": 0
      }
    },
    {
      "id": 13306,
      "amount": 1,
      "slot": 0,
      "bonus": {
        "effect": "NOTHING",
        "rarity": "COMMON",
        "bonus": 0
      }
    },
    {
      "id": 15647,
      "amount": 1,
      "slot": 0,
      "bonus": {
        "effect": "RANGE_DAMAGE",
        "rarity": "UNCOMMON",
        "bonus": 1
      }
    },
    {
      "id": 23136,
      "amount": 1,
      "slot": 0,
      "bonus": {
        "effect": "ALL_DAMAGE_LOW",
        "rarity": "RARE",
        "bonus": 1
      }
    },
    {
      "id": 17664,
      "amount": 1,
      "slot": 0,
      "bonus": {
        "effect": "NOTHING",
        "rarity": "COMMON",
        "bonus": 0
      }
    },
    {
      "id": 23135,
      "amount": 1,
      "slot": 0,
      "bonus": {
        "effect": "NOTHING",
        "rarity": "COMMON",
        "bonus": 0
      }
    },
    {
      "id": 22135,
      "amount": 0,
      "slot": 0,
      "bonus": {
        "effect": "NOTHING",
        "rarity": "COMMON",
        "bonus": 0
      }
    },
    {
      "id": 12994,
      "amount": 1,
      "slot": 0,
      "bonus": {
        "effect": "ALL_DAMAGE_LOW",
        "rarity": "RARE",
        "bonus": 1
      }
    },
    {
      "id": 23137,
      "amount": 1,
      "slot": 0,
      "bonus": {
        "effect": "NOTHING",
        "rarity": "COMMON",
        "bonus": 0
      }
    },
    {
      "id": 22135,
      "amount": 1,
      "slot": 0,
      "bonus": {
        "effect": "TRIPLE_KILLS",
        "rarity": "MYTHIC",
        "bonus": 1
      }
    },
    {
      "id": 18636,
      "amount": 1,
      "slot": 0,
      "bonus": {
        "effect": "NOTHING",
        "rarity": "COMMON",
        "bonus": 0
      }
    },
    {
      "id": 18636,
      "amount": 1,
      "slot": 0,
      "bonus": {
        "effect": "ALL_DAMAGE_LOW",
        "rarity": "RARE",
        "bonus": 1
      }
    },
    {
      "id": 4030,
      "amount": 1,
      "slot": 0,
      "bonus": {
        "effect": "NOTHING",
        "rarity": "COMMON",
        "bonus": 0
      }
    },
    {
      "id": 4686,
      "amount": 1,
      "slot": 0,
      "bonus": {
        "effect": "NOTHING",
        "rarity": "COMMON",
        "bonus": 0
      }
    },
    {
      "id": 18636,
      "amount": 1,
      "slot": 0,
      "bonus": {
        "effect": "RANGE_DAMAGE",
        "rarity": "UNCOMMON",
        "bonus": 1
      }
    },
    {
      "id": 20088,
      "amount": 1,
      "slot": 0,
      "bonus": {
        "effect": "NOTHING",
        "rarity": "COMMON",
        "bonus": 0
      }
    },
    {
      "id": 5422,
      "amount": 1,
      "slot": 0,
      "bonus": {
        "effect": "NOTHING",
        "rarity": "COMMON",
        "bonus": 0
      }
    },
    {
      "id": 10865,
      "amount": 1,
      "slot": 0,
      "bonus": {
        "effect": "NOTHING",
        "rarity": "COMMON",
        "bonus": 0
      }
    },
    {
      "id": 22135,
      "amount": 1,
      "slot": 0,
      "bonus": {
        "effect": "DOUBLE_KILLS",
        "rarity": "LEGENDARY",
        "bonus": 2
      }
    },
    {
      "id": 8788,
      "amount": 1,
      "slot": 0,
      "bonus": {
        "effect": "NOTHING",
        "rarity": "COMMON",
        "bonus": 0
      }
    },
    {
      "id": 1027,
      "amount": 1,
      "slot": 0,
      "bonus": {
        "effect": "NOTHING",
        "rarity": "COMMON",
        "bonus": 0
      }
    }
  ],
  "bank-2": [
    {
      "id": 942,
      "amount": 1,
      "slot": 0,
      "bonus": {
        "effect": "NOTHING",
        "rarity": "COMMON",
        "bonus": 0
      }
    },
    {
      "id": 783,
      "amount": 1,
      "slot": 0,
      "bonus": {
        "effect": "NOTHING",
        "rarity": "COMMON",
        "bonus": 0
      }
    },
    {
      "id": 922,
      "amount": 2,
      "slot": 0,
      "bonus": {
        "effect": "NOTHING",
        "rarity": "COMMON",
        "bonus": 0
      }
    },
    {
      "id": 777,
      "amount": 65,
      "slot": 0,
      "bonus": {
        "effect": "NOTHING",
        "rarity": "COMMON",
        "bonus": 0
      }
    },
    {
      "id": 934,
      "amount": 2,
      "slot": 0,
      "bonus": {
        "effect": "NOTHING",
        "rarity": "COMMON",
        "bonus": 0
      }
    },
    {
      "id": 943,
      "amount": 2,
      "slot": 0,
      "bonus": {
        "effect": "NOTHING",
        "rarity": "COMMON",
        "bonus": 0
      }
    },
    {
      "id": 229,
      "amount": 1,
      "slot": 0,
      "bonus": {
        "effect": "NOTHING",
        "rarity": "COMMON",
        "bonus": 0
      }
    },
    {
      "id": 3030,
      "amount": 0,
      "slot": 0,
      "bonus": {
        "effect": "NOTHING",
        "rarity": "COMMON",
        "bonus": 0
      }
    }
  ],
  "bank-3": [
    {
      "id": 23137,
      "amount": 1,
      "slot": 0,
      "bonus": {
        "effect": "DOUBLE_DROP",
        "rarity": "RARE",
        "bonus": 13
      }
    },
    {
      "id": 18636,
      "amount": 1,
      "slot": 0,
      "bonus": {
        "effect": "DOUBLE_DROP",
        "rarity": "RARE",
        "bonus": 16
      }
    },
    {
      "id": 17710,
      "amount": 1,
      "slot": 0,
      "bonus": {
        "effect": "DOUBLE_DROP",
        "rarity": "RARE",
        "bonus": 20
      }
    },
    {
      "id": 15645,
      "amount": 1,
      "slot": 0,
      "bonus": {
        "effect": "DROP_RATE_LOW",
        "rarity": "RARE",
        "bonus": 5
      }
    },
    {
      "id": 15646,
      "amount": 1,
      "slot": 0,
      "bonus": {
        "effect": "DOUBLE_DROP",
        "rarity": "RARE",
        "bonus": 8
      }
    },
    {
      "id": 11762,
      "amount": 1,
      "slot": 0,
      "bonus": {
        "effect": "DROP_RATE_LOW",
        "rarity": "RARE",
        "bonus": 12
      }
    }
  ],
  "bank-4": [
    {
      "id": 15645,
      "amount": 1,
      "slot": 0,
      "bonus": {
        "effect": "ALL_DAMAGE_HIGH",
        "rarity": "MYTHIC",
        "bonus": 3
      }
    },
    {
      "id": 15647,
      "amount": 1,
      "slot": 0,
      "bonus": {
        "effect": "ALL_DAMAGE_HIGH",
        "rarity": "MYTHIC",
        "bonus": 3
      }
    },
    {
      "id": 3107,
      "amount": 1,
      "slot": 0,
      "bonus": {
        "effect": "ALL_DAMAGE_HIGH",
        "rarity": "MYTHIC",
        "bonus": 3
      }
    }
  ],
  "bank-5": [
    {
      "id": 15645,
      "amount": 1,
      "slot": 0,
      "bonus": {
        "effect": "TRIPLE_KILLS",
        "rarity": "MYTHIC",
        "bonus": 2
      }
    },
    {
      "id": 15647,
      "amount": 1,
      "slot": 0,
      "bonus": {
        "effect": "MAGIC_DAMAGE",
        "rarity": "UNCOMMON",
        "bonus": 1
      }
    }
  ],
  "bank-6": [],
  "bank-7": [],
  "bank-8": [],
  "new-uim-bank": [],
  "ge-slots": [
    null,
    null,
    null,
    null,
    null,
    null
  ],
  "charm-imp": [
    0,
    0,
    0,
    0
  ],
  "friends": [
    288071137,
    43182672,
    823462982800800282
  ],
  "ignores": [],
  "loyalty-titles": [
    false,
    false,
    false,
    false,
    false,
    false,
    false,
    false,
    false,
    false,
    false,
    false
  ],
  "kills": [
    {
      "runningTotal": 0,
      "npcId": 1265,
      "npcName": "Oracle Lion",
      "amount": 0,
      "boss": false
    },
    {
      "runningTotal": 11,
      "npcId": 9837,
      "npcName": "Blurite Goblin",
      "amount": 11,
      "boss": false
    },
    {
      "runningTotal": 20,
      "npcId": 9027,
      "npcName": "Blurite Orc",
      "amount": 20,
      "boss": false
    },
    {
      "runningTotal": 30,
      "npcId": 9835,
      "npcName": "Blurite Demon",
      "amount": 30,
      "boss": false
    },
    {
      "runningTotal": 40,
      "npcId": 9911,
      "npcName": "Blurite Werewolf",
      "amount": 40,
      "boss": false
    },
    {
      "runningTotal": 50,
      "npcId": 9922,
      "npcName": "Blurite Centaur",
      "amount": 50,
      "boss": false
    },
    {
      "runningTotal": 768,
      "npcId": 9838,
      "npcName": "Imperial Hound",
      "amount": 768,
      "boss": false
    },
    {
      "runningTotal": 312,
      "npcId": 9845,
      "npcName": "Imperial Scorpion",
      "amount": 312,
      "boss": false
    },
    {
      "runningTotal": 220,
      "npcId": 9910,
      "npcName": "Imperial Ranger",
      "amount": 220,
      "boss": false
    },
    {
      "runningTotal": 608,
      "npcId": 9807,
      "npcName": "Imperial Paladin",
      "amount": 608,
      "boss": false
    },
    {
      "runningTotal": 281,
      "npcId": 6692,
      "npcName": "Revenant Wyvern",
      "amount": 281,
      "boss": false
    },
    {
      "runningTotal": 43,
      "npcId": 9028,
      "npcName": "Mystic",
      "amount": 43,
      "boss": false
    },
    {
      "runningTotal": 608,
      "npcId": 8014,
      "npcName": "Zinqrux",
      "amount": 608,
      "boss": false
    },
    {
      "runningTotal": 520,
      "npcId": 8003,
      "npcName": "Dr. Aberrant",
      "amount": 520,
      "boss": false
    },
    {
      "runningTotal": 520,
      "npcId": 202,
      "npcName": "Inferno",
      "amount": 520,
      "boss": true
    },
    {
      "runningTotal": 621,
      "npcId": 811,
      "npcName": "Nagendra",
      "amount": 621,
      "boss": true
    },
    {
      "runningTotal": 300,
      "npcId": 9815,
      "npcName": "Kol\u0027gal",
      "amount": 300,
      "boss": false
    },
    {
      "runningTotal": 622,
      "npcId": 9817,
      "npcName": "Yisdar",
      "amount": 622,
      "boss": false
    },
    {
      "runningTotal": 339,
      "npcId": 9920,
      "npcName": "Ig\u0027thaur",
      "amount": 339,
      "boss": false
    },
    {
      "runningTotal": 615,
      "npcId": 3831,
      "npcName": "Zernath",
      "amount": 615,
      "boss": true
    },
    {
      "runningTotal": 824,
      "npcId": 9025,
      "npcName": "Avalon",
      "amount": 824,
      "boss": false
    },
    {
      "runningTotal": 501,
      "npcId": 9026,
      "npcName": "Eragon",
      "amount": 501,
      "boss": false
    },
    {
      "runningTotal": 1144,
      "npcId": 9836,
      "npcName": "Doomwatcher",
      "amount": 1144,
      "boss": false
    },
    {
      "runningTotal": 830,
      "npcId": 92,
      "npcName": "Maze Guardian",
      "amount": 830,
      "boss": false
    },
    {
      "runningTotal": 510,
      "npcId": 3313,
      "npcName": "Miscreation",
      "amount": 510,
      "boss": false
    },
    {
      "runningTotal": 525,
      "npcId": 8008,
      "npcName": "Avatar titan",
      "amount": 525,
      "boss": false
    },
    {
      "runningTotal": 507,
      "npcId": 1906,
      "npcName": "Zorbak",
      "amount": 507,
      "boss": false
    },
    {
      "runningTotal": 534,
      "npcId": 9915,
      "npcName": "Death God",
      "amount": 534,
      "boss": false
    },
    {
      "runningTotal": 507,
      "npcId": 2342,
      "npcName": "Emerald Slayer",
      "amount": 507,
      "boss": false
    },
    {
      "runningTotal": 3,
      "npcId": 9906,
      "npcName": "Final Boss Veigar",
      "amount": 3,
      "boss": true
    },
    {
      "runningTotal": 3962,
      "npcId": 9024,
      "npcName": "Golden Golem",
      "amount": 3962,
      "boss": false
    },
    {
      "runningTotal": 750,
      "npcId": 9916,
      "npcName": "Luffy",
      "amount": 750,
      "boss": false
    },
    {
      "runningTotal": 756,
      "npcId": 9918,
      "npcName": "Broly",
      "amount": 756,
      "boss": false
    },
    {
      "runningTotal": 1002,
      "npcId": 9919,
      "npcName": "Bowser",
      "amount": 1002,
      "boss": false
    },
    {
      "runningTotal": 1026,
      "npcId": 9914,
      "npcName": "Sasuke",
      "amount": 1026,
      "boss": false
    },
    {
      "runningTotal": 21,
      "npcId": 1308,
      "npcName": "Herbal Champion",
      "amount": 21,
      "boss": false
    },
    {
      "runningTotal": 14,
      "npcId": 1309,
      "npcName": "Water Champion",
      "amount": 14,
      "boss": false
    },
    {
      "runningTotal": 16,
      "npcId": 810,
      "npcName": "Fire Champion",
      "amount": 16,
      "boss": false
    },
    {
      "runningTotal": 13,
      "npcId": 1310,
      "npcName": "Lightning Champion",
      "amount": 13,
      "boss": false
    },
    {
      "runningTotal": 60621,
      "npcId": 9017,
      "npcName": "Sanctum Golem",
      "amount": 60621,
      "boss": true
    }
  ],
  "drops": [
    {
      "item": 995,
      "amount": 61387652,
      "rareDrop": false
    },
    {
      "item": 2023,
      "amount": 708,
      "rareDrop": false
    },
    {
      "item": 14488,
      "amount": 4,
      "rareDrop": false
    },
    {
      "item": 19989,
      "amount": 2,
      "rareDrop": false
    },
    {
      "item": 19992,
      "amount": 5,
      "rareDrop": false
    },
    {
      "item": 19988,
      "amount": 4,
      "rareDrop": false
    },
    {
      "item": 19984,
      "amount": 3,
      "rareDrop": false
    },
    {
      "item": 20400,
      "amount": 2,
      "rareDrop": false
    },
    {
      "item": 19985,
      "amount": 4,
      "rareDrop": false
    },
    {
      "item": 19991,
      "amount": 2,
      "rareDrop": false
    },
    {
      "item": 20088,
      "amount": 2,
      "rareDrop": false
    },
    {
      "item": 20087,
      "amount": 4,
      "rareDrop": false
    },
    {
      "item": 20091,
      "amount": 1,
      "rareDrop": false
    },
    {
      "item": 20093,
      "amount": 3,
      "rareDrop": false
    },
    {
      "item": 10946,
      "amount": 14,
      "rareDrop": false
    },
    {
      "item": 23020,
      "amount": 6,
      "rareDrop": false
    },
    {
      "item": 22122,
      "amount": 2,
      "rareDrop": false
    },
    {
      "item": 20092,
      "amount": 2,
      "rareDrop": false
    }
  ],
  "achievements-completion": [],
  "achievements-progress": [
    0,
    0,
    0,
    0,
    0,
    0,
    0,
    0,
    0,
    0,
    0,
    0,
    0,
    0,
    0,
    0,
    0,
    0,
    0,
    0,
    0,
    0,
    0,
    0,
    0,
    0,
    0,
    0,
    0,
    0,
    0,
    0,
    0,
    0,
    0,
    0,
    0,
    0,
    0,
    0,
    0,
    0,
    0,
    0,
    0,
    0,
    0,
    0,
    0,
    0,
    0,
    0,
    0
  ],
  "fri13may16": false,
  "spiritdebug": false,
  "reffered": false,
  "indung": false,
  "toggledglobalmessages": false,
  "flying": false,
  "canfly": false,
  "ghostwalking": false,
  "canghostwalk": false,
  "barrowschests": 0,
  "cluesteps": 0,
  "difficulty": "MODERN",
  "secondary-equipment-slots-unlocked": [
    false,
    false,
    false,
    false,
    false,
    false,
    false,
    false,
    false,
    false,
    false,
    false,
    false,
    false,
    false
  ],
  "hween2016": [
    false,
    false,
    false,
    false,
    false,
    false,
    false
  ],
  "donehween2016": false,
  "christmas2016": 0,
  "newYear2017": 0,
  "easter2017": 0,
  "hcimdunginventory": [
    {
      "id": -1,
      "amount": 0,
      "slot": 0,
      "bonus": {
        "effect": "NOTHING",
        "rarity": "COMMON",
        "bonus": 0
      }
    },
    {
      "id": -1,
      "amount": 0,
      "slot": 0,
      "bonus": {
        "effect": "NOTHING",
        "rarity": "COMMON",
        "bonus": 0
      }
    },
    {
      "id": -1,
      "amount": 0,
      "slot": 0,
      "bonus": {
        "effect": "NOTHING",
        "rarity": "COMMON",
        "bonus": 0
      }
    },
    {
      "id": -1,
      "amount": 0,
      "slot": 0,
      "bonus": {
        "effect": "NOTHING",
        "rarity": "COMMON",
        "bonus": 0
      }
    },
    {
      "id": -1,
      "amount": 0,
      "slot": 0,
      "bonus": {
        "effect": "NOTHING",
        "rarity": "COMMON",
        "bonus": 0
      }
    },
    {
      "id": -1,
      "amount": 0,
      "slot": 0,
      "bonus": {
        "effect": "NOTHING",
        "rarity": "COMMON",
        "bonus": 0
      }
    },
    {
      "id": -1,
      "amount": 0,
      "slot": 0,
      "bonus": {
        "effect": "NOTHING",
        "rarity": "COMMON",
        "bonus": 0
      }
    },
    {
      "id": -1,
      "amount": 0,
      "slot": 0,
      "bonus": {
        "effect": "NOTHING",
        "rarity": "COMMON",
        "bonus": 0
      }
    },
    {
      "id": -1,
      "amount": 0,
      "slot": 0,
      "bonus": {
        "effect": "NOTHING",
        "rarity": "COMMON",
        "bonus": 0
      }
    },
    {
      "id": -1,
      "amount": 0,
      "slot": 0,
      "bonus": {
        "effect": "NOTHING",
        "rarity": "COMMON",
        "bonus": 0
      }
    },
    {
      "id": -1,
      "amount": 0,
      "slot": 0,
      "bonus": {
        "effect": "NOTHING",
        "rarity": "COMMON",
        "bonus": 0
      }
    },
    {
      "id": -1,
      "amount": 0,
      "slot": 0,
      "bonus": {
        "effect": "NOTHING",
        "rarity": "COMMON",
        "bonus": 0
      }
    },
    {
      "id": -1,
      "amount": 0,
      "slot": 0,
      "bonus": {
        "effect": "NOTHING",
        "rarity": "COMMON",
        "bonus": 0
      }
    },
    {
      "id": -1,
      "amount": 0,
      "slot": 0,
      "bonus": {
        "effect": "NOTHING",
        "rarity": "COMMON",
        "bonus": 0
      }
    },
    {
      "id": -1,
      "amount": 0,
      "slot": 0,
      "bonus": {
        "effect": "NOTHING",
        "rarity": "COMMON",
        "bonus": 0
      }
    },
    {
      "id": -1,
      "amount": 0,
      "slot": 0,
      "bonus": {
        "effect": "NOTHING",
        "rarity": "COMMON",
        "bonus": 0
      }
    },
    {
      "id": -1,
      "amount": 0,
      "slot": 0,
      "bonus": {
        "effect": "NOTHING",
        "rarity": "COMMON",
        "bonus": 0
      }
    },
    {
      "id": -1,
      "amount": 0,
      "slot": 0,
      "bonus": {
        "effect": "NOTHING",
        "rarity": "COMMON",
        "bonus": 0
      }
    },
    {
      "id": -1,
      "amount": 0,
      "slot": 0,
      "bonus": {
        "effect": "NOTHING",
        "rarity": "COMMON",
        "bonus": 0
      }
    },
    {
      "id": -1,
      "amount": 0,
      "slot": 0,
      "bonus": {
        "effect": "NOTHING",
        "rarity": "COMMON",
        "bonus": 0
      }
    },
    {
      "id": -1,
      "amount": 0,
      "slot": 0,
      "bonus": {
        "effect": "NOTHING",
        "rarity": "COMMON",
        "bonus": 0
      }
    },
    {
      "id": -1,
      "amount": 0,
      "slot": 0,
      "bonus": {
        "effect": "NOTHING",
        "rarity": "COMMON",
        "bonus": 0
      }
    },
    {
      "id": -1,
      "amount": 0,
      "slot": 0,
      "bonus": {
        "effect": "NOTHING",
        "rarity": "COMMON",
        "bonus": 0
      }
    },
    {
      "id": -1,
      "amount": 0,
      "slot": 0,
      "bonus": {
        "effect": "NOTHING",
        "rarity": "COMMON",
        "bonus": 0
      }
    },
    {
      "id": -1,
      "amount": 0,
      "slot": 0,
      "bonus": {
        "effect": "NOTHING",
        "rarity": "COMMON",
        "bonus": 0
      }
    },
    {
      "id": -1,
      "amount": 0,
      "slot": 0,
      "bonus": {
        "effect": "NOTHING",
        "rarity": "COMMON",
        "bonus": 0
      }
    },
    {
      "id": -1,
      "amount": 0,
      "slot": 0,
      "bonus": {
        "effect": "NOTHING",
        "rarity": "COMMON",
        "bonus": 0
      }
    },
    {
      "id": -1,
      "amount": 0,
      "slot": 0,
      "bonus": {
        "effect": "NOTHING",
        "rarity": "COMMON",
        "bonus": 0
      }
    }
  ],
  "hcimdungequipment": [
    {
      "id": -1,
      "amount": 0,
      "slot": 0,
      "bonus": {
        "effect": "NOTHING",
        "rarity": "COMMON",
        "bonus": 0
      }
    },
    {
      "id": -1,
      "amount": 0,
      "slot": 0,
      "bonus": {
        "effect": "NOTHING",
        "rarity": "COMMON",
        "bonus": 0
      }
    },
    {
      "id": -1,
      "amount": 0,
      "slot": 0,
      "bonus": {
        "effect": "NOTHING",
        "rarity": "COMMON",
        "bonus": 0
      }
    },
    {
      "id": -1,
      "amount": 0,
      "slot": 0,
      "bonus": {
        "effect": "NOTHING",
        "rarity": "COMMON",
        "bonus": 0
      }
    },
    {
      "id": -1,
      "amount": 0,
      "slot": 0,
      "bonus": {
        "effect": "NOTHING",
        "rarity": "COMMON",
        "bonus": 0
      }
    },
    {
      "id": -1,
      "amount": 0,
      "slot": 0,
      "bonus": {
        "effect": "NOTHING",
        "rarity": "COMMON",
        "bonus": 0
      }
    },
    {
      "id": -1,
      "amount": 0,
      "slot": 0,
      "bonus": {
        "effect": "NOTHING",
        "rarity": "COMMON",
        "bonus": 0
      }
    },
    {
      "id": -1,
      "amount": 0,
      "slot": 0,
      "bonus": {
        "effect": "NOTHING",
        "rarity": "COMMON",
        "bonus": 0
      }
    },
    {
      "id": -1,
      "amount": 0,
      "slot": 0,
      "bonus": {
        "effect": "NOTHING",
        "rarity": "COMMON",
        "bonus": 0
      }
    },
    {
      "id": -1,
      "amount": 0,
      "slot": 0,
      "bonus": {
        "effect": "NOTHING",
        "rarity": "COMMON",
        "bonus": 0
      }
    },
    {
      "id": -1,
      "amount": 0,
      "slot": 0,
      "bonus": {
        "effect": "NOTHING",
        "rarity": "COMMON",
        "bonus": 0
      }
    },
    {
      "id": -1,
      "amount": 0,
      "slot": 0,
      "bonus": {
        "effect": "NOTHING",
        "rarity": "COMMON",
        "bonus": 0
      }
    },
    {
      "id": -1,
      "amount": 0,
      "slot": 0,
      "bonus": {
        "effect": "NOTHING",
        "rarity": "COMMON",
        "bonus": 0
      }
    },
    {
      "id": -1,
      "amount": 0,
      "slot": 0,
      "bonus": {
        "effect": "NOTHING",
        "rarity": "COMMON",
        "bonus": 0
      }
    },
    {
      "id": -1,
      "amount": 0,
      "slot": 0,
      "bonus": {
        "effect": "NOTHING",
        "rarity": "COMMON",
        "bonus": 0
      }
    },
    {
      "id": -1,
      "amount": 0,
      "slot": 0,
      "bonus": {
        "effect": "NOTHING",
        "rarity": "COMMON",
        "bonus": 0
      }
    },
    {
      "id": -1,
      "amount": 0,
      "slot": 0,
      "bonus": {
        "effect": "NOTHING",
        "rarity": "COMMON",
        "bonus": 0
      }
    },
    {
      "id": -1,
      "amount": 0,
      "slot": 0,
      "bonus": {
        "effect": "NOTHING",
        "rarity": "COMMON",
        "bonus": 0
      }
    },
    {
      "id": -1,
      "amount": 0,
      "slot": 0,
      "bonus": {
        "effect": "NOTHING",
        "rarity": "COMMON",
        "bonus": 0
      }
    },
    {
      "id": -1,
      "amount": 0,
      "slot": 0,
      "bonus": {
        "effect": "NOTHING",
        "rarity": "COMMON",
        "bonus": 0
      }
    },
    {
      "id": -1,
      "amount": 0,
      "slot": 0,
      "bonus": {
        "effect": "NOTHING",
        "rarity": "COMMON",
        "bonus": 0
      }
    },
    {
      "id": -1,
      "amount": 0,
      "slot": 0,
      "bonus": {
        "effect": "NOTHING",
        "rarity": "COMMON",
        "bonus": 0
      }
    },
    {
      "id": -1,
      "amount": 0,
      "slot": 0,
      "bonus": {
        "effect": "NOTHING",
        "rarity": "COMMON",
        "bonus": 0
      }
    },
    {
      "id": -1,
      "amount": 0,
      "slot": 0,
      "bonus": {
        "effect": "NOTHING",
        "rarity": "COMMON",
        "bonus": 0
      }
    },
    {
      "id": -1,
      "amount": 0,
      "slot": 0,
      "bonus": {
        "effect": "NOTHING",
        "rarity": "COMMON",
        "bonus": 0
      }
    },
    {
      "id": -1,
      "amount": 0,
      "slot": 0,
      "bonus": {
        "effect": "NOTHING",
        "rarity": "COMMON",
        "bonus": 0
      }
    },
    {
      "id": -1,
      "amount": 0,
      "slot": 0,
      "bonus": {
        "effect": "NOTHING",
        "rarity": "COMMON",
        "bonus": 0
      }
    },
    {
      "id": -1,
      "amount": 0,
      "slot": 0,
      "bonus": {
        "effect": "NOTHING",
        "rarity": "COMMON",
        "bonus": 0
      }
    }
  ],
  "bonecrusheffect": true,
  "p-tps": [
    0,
    0,
    0,
    0
  ],
  "yell-tit": "null",
  "afkstall1": 0,
  "afkstall2": 0,
  "afkstall3": 0,
  "achievements-points": 0,
  "achievements-amount": [
    [
      0,
      10,
      43,
      0,
      0,
      250,
      250,
      250,
      350,
      20,
      300,
      324,
      113,
      180,
      248,
      100,
      5000,
      45,
      0,
      0,
      0,
      0,
      0,
      0,
      0,
      0,
      0,
      0,
      0,
      0,
      0,
      0,
      0,
      0,
      0,
      0,
      0,
      0,
      0,
      0,
      0,
      0,
      0,
      0,
      0,
      0,
      0,
      0,
      0,
      0,
      0,
      0,
      0,
      0,
      0,
      0,
      0,
      0,
      0,
      0,
      0,
      0,
      0,
      0,
      0,
      0,
      0,
      0,
      0,
      0,
      0,
      0,
      0,
      0,
      0,
      0,
      0,
      0,
      0,
      0,
      0,
      0,
      0,
      0,
      0,
      0,
      0,
      0,
      0,
      0,
      0,
      0,
      0,
      0,
      0,
      0,
      0,
      0,
      0,
      0
    ],
    [
      0,
      16,
      328,
      250,
      170,
      175,
      169,
      178,
      169,
      31,
      1054,
      250,
      252,
      334,
      342,
      1000,
      10000,
      0,
      0,
      0,
      0,
      0,
      0,
      0,
      0,
      0,
      0,
      0,
      0,
      0,
      0,
      0,
      0,
      0,
      0,
      0,
      0,
      0,
      0,
      0,
      0,
      0,
      0,
      0,
      0,
      0,
      0,
      0,
      0,
      0,
      0,
      0,
      0,
      0,
      0,
      0,
      0,
      0,
      0,
      0,
      0,
      0,
      0,
      0,
      0,
      0,
      0,
      0,
      0,
      0,
      0,
      0,
      0,
      0,
      0,
      0,
      0,
      0,
      0,
      0,
      0,
      0,
      0,
      0,
      0,
      0,
      0,
      0,
      0,
      0,
      0,
      0,
      0,
      0,
      0,
      0,
      0,
      0,
      0,
      0
    ],
    [
      0,
      16,
      2000,
      0,
      0,
      0,
      0,
      0,
      0,
      31,
      0,
      0,
      0,
      0,
      0,
      0,
      1845,
      22882,
      0,
      0,
      0,
      0,
      0,
      0,
      0,
      0,
      0,
      0,
      0,
      0,
      0,
      0,
      0,
      0,
      0,
      0,
      0,
      0,
      0,
      0,
      0,
      0,
      0,
      0,
      0,
      0,
      0,
      0,
      0,
      0,
      0,
      0,
      0,
      0,
      0,
      0,
      0,
      0,
      0,
      0,
      0,
      0,
      0,
      0,
      0,
      0,
      0,
      0,
      0,
      0,
      0,
      0,
      0,
      0,
      0,
      0,
      0,
      0,
      0,
      0,
      0,
      0,
      0,
      0,
      0,
      0,
      0,
      0,
      0,
      0,
      0,
      0,
      0,
      0,
      0,
      0,
      0,
      0,
      0,
      0
    ],
    [
      0,
      0,
      0,
      0,
      0,
      0,
      0,
      0,
      0,
      0,
      0,
      0,
      0,
      0,
      0,
      0,
      0,
      0,
      0,
      0,
      0,
      0,
      0,
      0,
      0,
      0,
      0,
      0,
      0,
      0,
      0,
      0,
      0,
      0,
      0,
      0,
      0,
      0,
      0,
      0,
      0,
      0,
      0,
      0,
      0,
      0,
      0,
      0,
      0,
      0,
      0,
      0,
      0,
      0,
      0,
      0,
      0,
      0,
      0,
      0,
      0,
      0,
      0,
      0,
      0,
      0,
      0,
      0,
      0,
      0,
      0,
      0,
      0,
      0,
      0,
      0,
      0,
      0,
      0,
      0,
      0,
      0,
      0,
      0,
      0,
      0,
      0,
      0,
      0,
      0,
      0,
      0,
      0,
      0,
      0,
      0,
      0,
      0,
      0,
      0
    ]
  ],
  "achievements-completed": [
    [
      false,
      true,
      false,
      false,
      false,
      true,
      true,
      false,
      false,
      true,
      false,
      false,
      false,
      false,
      false,
      true,
      true,
      true,
      false,
      false,
      false,
      false,
      false,
      false,
      false,
      false,
      false,
      false,
      false,
      false,
      false,
      false,
      false,
      false,
      false,
      false,
      false,
      false,
      false,
      false,
      false,
      false,
      false,
      false,
      false,
      false,
      false,
      false,
      false,
      false,
      false,
      false,
      false,
      false,
      false,
      false,
      false,
      false,
      false,
      false,
      false,
      false,
      false,
      false,
      false,
      false,
      false,
      false,
      false,
      false,
      false,
      false,
      false,
      false,
      false,
      false,
      false,
      false,
      false,
      false,
      false,
      false,
      false,
      false,
      false,
      false,
      false,
      false,
      false,
      false,
      false,
      false,
      false,
      false,
      false,
      false,
      false,
      false,
      false,
      false
    ],
    [
      false,
      false,
      false,
      false,
      false,
      false,
      false,
      false,
      false,
      false,
      false,
      false,
      false,
      false,
      false,
      true,
      false,
      false,
      false,
      false,
      false,
      false,
      false,
      false,
      false,
      false,
      false,
      false,
      false,
      false,
      false,
      false,
      false,
      false,
      false,
      false,
      false,
      false,
      false,
      false,
      false,
      false,
      false,
      false,
      false,
      false,
      false,
      false,
      false,
      false,
      false,
      false,
      false,
      false,
      false,
      false,
      false,
      false,
      false,
      false,
      false,
      false,
      false,
      false,
      false,
      false,
      false,
      false,
      false,
      false,
      false,
      false,
      false,
      false,
      false,
      false,
      false,
      false,
      false,
      false,
      false,
      false,
      false,
      false,
      false,
      false,
      false,
      false,
      false,
      false,
      false,
      false,
      false,
      false,
      false,
      false,
      false,
      false,
      false,
      false
    ],
    [
      false,
      false,
      false,
      false,
      false,
      false,
      false,
      false,
      false,
      false,
      false,
      false,
      false,
      false,
      false,
      false,
      false,
      false,
      false,
      false,
      false,
      false,
      false,
      false,
      false,
      false,
      false,
      false,
      false,
      false,
      false,
      false,
      false,
      false,
      false,
      false,
      false,
      false,
      false,
      false,
      false,
      false,
      false,
      false,
      false,
      false,
      false,
      false,
      false,
      false,
      false,
      false,
      false,
      false,
      false,
      false,
      false,
      false,
      false,
      false,
      false,
      false,
      false,
      false,
      false,
      false,
      false,
      false,
      false,
      false,
      false,
      false,
      false,
      false,
      false,
      false,
      false,
      false,
      false,
      false,
      false,
      false,
      false,
      false,
      false,
      false,
      false,
      false,
      false,
      false,
      false,
      false,
      false,
      false,
      false,
      false,
      false,
      false,
      false,
      false
    ],
    [
      false,
      false,
      false,
      false,
      false,
      false,
      false,
      false,
      false,
      false,
      false,
      false,
      false,
      false,
      false,
      false,
      false,
      false,
      false,
      false,
      false,
      false,
      false,
      false,
      false,
      false,
      false,
      false,
      false,
      false,
      false,
      false,
      false,
      false,
      false,
      false,
      false,
      false,
      false,
      false,
      false,
      false,
      false,
      false,
      false,
      false,
      false,
      false,
      false,
      false,
      false,
      false,
      false,
      false,
      false,
      false,
      false,
      false,
      false,
      false,
      false,
      false,
      false,
      false,
      false,
      false,
      false,
      false,
      false,
      false,
      false,
      false,
      false,
      false,
      false,
      false,
      false,
      false,
      false,
      false,
      false,
      false,
      false,
      false,
      false,
      false,
      false,
      false,
      false,
      false,
      false,
      false,
      false,
      false,
      false,
      false,
      false,
      false,
      false,
      false
    ]
  ],
  "achievements-daily": 410,
  "progression-zones": [
    11,
    20,
    30,
    40,
    50
  ],
  "zones-complete": [
    true,
    true,
    true,
    true,
    true
  ],
  "gamble-banned": false,
  "lucifers-unlocked": false,
  "dark-supremes-unlocked": false,
  "currency-pouch": {
    "upgradeTokens": 0,
    "pvmTickets": 0,
    "afkTickets": 0,
    "slayerTickets": 0,
    "voteScrolls": 0,
    "petFragments": 0,
    "instanceTokens": 0,
    "goldCharms": 0,
    "greenCharms": 0,
    "crimsonCharms": 0,
    "blueCharms": 0
  },
  "lastTGloveIndex": -1,
  "group-ironman-locked": false,
  "lastInstanceNpc": 9017,
  "daily-task": {},
  "collectionlog-rewards": {
    "9024": {
      "canClaim": false,
      "hasClaimed": false
    },
    "9920": {
      "canClaim": false,
      "hasClaimed": false
    },
    "9025": {
      "canClaim": false,
      "hasClaimed": false
    },
    "9026": {
      "canClaim": false,
      "hasClaimed": false
    },
    "9922": {
      "canClaim": false,
      "hasClaimed": false
    },
    "8003": {
      "canClaim": false,
      "hasClaimed": false
    },
    "9027": {
      "canClaim": false,
      "hasClaimed": false
    },
    "9028": {
      "canClaim": false,
      "hasClaimed": false
    },
    "8008": {
      "canClaim": false,
      "hasClaimed": false
    },
    "202": {
      "canClaim": false,
      "hasClaimed": false
    },
    "587": {
      "canClaim": false,
      "hasClaimed": false
    },
    "8013": {
      "canClaim": false,
      "hasClaimed": false
    },
    "8014": {
      "canClaim": true,
      "hasClaimed": true
    },
    "9807": {
      "canClaim": true,
      "hasClaimed": false
    },
    "9815": {
      "canClaim": false,
      "hasClaimed": false
    },
    "9817": {
      "canClaim": false,
      "hasClaimed": false
    },
    "92": {
      "canClaim": false,
      "hasClaimed": false
    },
    "6692": {
      "canClaim": true,
      "hasClaimed": true
    },
    "2342": {
      "canClaim": false,
      "hasClaimed": false
    },
    "811": {
      "canClaim": false,
      "hasClaimed": false
    },
    "9835": {
      "canClaim": false,
      "hasClaimed": false
    },
    "9836": {
      "canClaim": false,
      "hasClaimed": false
    },
    "9837": {
      "canClaim": false,
      "hasClaimed": false
    },
    "9838": {
      "canClaim": true,
      "hasClaimed": false
    },
    "9904": {
      "canClaim": false,
      "hasClaimed": false
    },
    "3313": {
      "canClaim": false,
      "hasClaimed": false
    },
    "1906": {
      "canClaim": false,
      "hasClaimed": false
    },
    "9906": {
      "canClaim": false,
      "hasClaimed": false
    },
    "9907": {
      "canClaim": false,
      "hasClaimed": false
    },
    "9908": {
      "canClaim": false,
      "hasClaimed": false
    },
    "9845": {
      "canClaim": true,
      "hasClaimed": false
    },
    "9910": {
      "canClaim": true,
      "hasClaimed": false
    },
    "3831": {
      "canClaim": false,
      "hasClaimed": false
    },
    "9911": {
      "canClaim": false,
      "hasClaimed": false
    },
    "9017": {
      "canClaim": true,
      "hasClaimed": true
    },
    "9914": {
      "canClaim": false,
      "hasClaimed": false
    },
    "9915": {
      "canClaim": false,
      "hasClaimed": false
    },
    "9916": {
      "canClaim": false,
      "hasClaimed": false
    },
    "9918": {
      "canClaim": false,
      "hasClaimed": false
    },
    "9919": {
      "canClaim": false,
      "hasClaimed": false
    }
  },
  "daily-skips": 3,
  "dailies-done": 0,
  "level-notifications": true,
  "dailies-received-times": [
    -1,
    -1,
    -1
  ],
  "favorite-teleports": [],
  "obtained-pets": [
    "SLENDER_MAN_PET"
  ],
  "battlepass-xp": 0,
  "battlepass-premium": false,
  "mini-me-equipment": [
    null,
    null,
    null,
    null,
    null,
    null,
    null,
    null,
    null,
    null,
    null,
    null,
    null,
    null
  ],
  "drystreak": {
    "9024": 158,
    "9920": 3,
    "9025": 103,
    "9026": 27,
    "9922": 10,
    "8003": 40,
    "9027": 6,
    "9028": 13,
    "8008": 175,
    "202": 20,
    "587": 0,
    "8013": 0,
    "8014": 44,
    "9807": 3,
    "9815": 42,
    "9817": 66,
    "1308": 21,
    "92": 23,
    "1309": 14,
    "1310": 13,
    "6692": 6,
    "2342": 60,
    "810": 16,
    "811": 1,
    "9835": 15,
    "9836": 28,
    "9837": 2,
    "9838": 5,
    "9904": 0,
    "3313": 0,
    "1906": 169,
    "9906": 1,
    "9907": 0,
    "9908": 0,
    "9845": 3,
    "9910": 2,
    "3831": 63,
    "9911": 4,
    "9017": 68,
    "9914": 268,
    "9915": 178,
    "9916": 20,
    "9918": 119,
    "9919": 12
  },
  "boost": 0,
  "slot-level": 0,
  "sp-season": 1,
  "sp-premium": false,
  "sp-level": 9,
  "sp-exp": 1100,
  "sp-rewards": [
    true,
    true,
    true,
    true,
    true,
    true,
    false,
    false,
    false,
    false,
    false,
    false,
    false,
    false,
    false,
    false,
    false,
    false,
    false,
    false,
    false,
    false,
    false,
    false,
    false,
    false,
    false,
    false,
    false,
    false,
    false,
    false,
    false,
    false,
    false,
    false,
    false,
    false,
    false,
    false,
    false,
    false,
    false,
    false,
    false,
    false,
    false,
    false,
    false,
    false,
    false,
    false,
    false,
    false,
    false,
    false,
    false,
    false,
    false,
    false,
    false,
    false,
    false,
    false,
    false,
    false,
    false,
    false,
    false,
    false,
    false,
    false,
    false,
    false,
    false,
    false,
    false,
    false,
    false,
    false,
    false,
    false,
    false,
    false,
    false,
    false,
    false,
    false,
    false,
    false,
    false,
    false,
    false,
    false,
    false,
    false,
    false,
    false
  ],
  "dropMessage": false,
  "p-settings": {
    "hidden-players": false,
    "pass-change": true,
    "drop-messages": true,
    "change-pass": false
  }
}