{
  "shop": [
    {
      "id": 22135,
      "amount": 1,
      "maxAmount": 2,
      "price": 45000,
      "effect": "DOUBLE_KILLS",
      "bonus": 2
    },
    {
      "id": 15646,
      "amount": 1,
      "maxAmount": 1,
      "price": 240000,
      "effect": "ALL_DAMAGE_HIGH",
      "bonus": 3
    },
    {
      "id": 15647,
      "amount": 1,
      "maxAmount": 1,
      "price": 240000,
      "effect": "ALL_DAMAGE_HIGH",
      "bonus": 3
    },
    {
      "id": 15645,
      "amount": 1,
      "maxAmount": 1,
      "price": 240000,
      "effect": "ALL_DAMAGE_HIGH",
      "bonus": 3
    },
    {
      "id": 15646,
      "amount": 1,
      "maxAmount": 1,
      "price": 500000,
      "effect": "DOUBLE_DROP",
      "bonus": 19
    },
    {
      "id": 15646,
      "amount": 1,
      "maxAmount": 1,
      "price": 15000000,
      "effect": "DROP_RATE_HIGH",
      "bonus": 34
    },
    {
      "id": 2734,
      "amount": 11,
      "maxAmount": 11,
      "price": 175000,
      "effect": "NOTHING",
      "bonus": 0
    },
    {
      "id": 22072,
      "amount": 1,
      "maxAmount": 1,
      "price": 100000,
      "effect": "DROP_RATE_LOW",
      "bonus": 7
    },
    {
      "id": 2381,
      "amount": 1,
      "maxAmount": 1,
      "price": 3900000,
      "effect": "NOTHING",
      "bonus": 0
    },
    {
      "id": 23020,
      "amount": 3,
      "maxAmount": 3,
      "price": 175000,
      "effect": "NOTHING",
      "bonus": 0
    },
    {
      "id": 15647,
      "amount": 1,
      "maxAmount": 1,
      "price": 100000,
      "effect": "DROP_RATE_LOW",
      "bonus": 15
    },
    {
      "id": 23061,
      "amount": 1,
      "maxAmount": 1,
      "price": 45000,
      "effect": "NOTHING",
      "bonus": 0
    },
    {
      "id": 12608,
      "amount": 1,
      "maxAmount": 1,
      "price": 250000,
      "effect": "NOTHING",
      "bonus": 0
    },
    null,
    null,
    null,
    null,
    null,
    null,
    null,
    null,
    null,
    null,
    null,
    null,
    null,
    null,
    null,
    null,
    null,
    null,
    null
  ],
  "earnings": 0
}