{
  "shop": [
    {
      "id": 23020,
      "amount": 55,
      "maxAmount": 57,
      "price": 245000,
      "effect": "NOTHING",
      "bonus": 0
    },
    {
      "id": 23058,
      "amount": 5,
      "maxAmount": 5,
      "price": 20000000,
      "effect": "NOTHING",
      "bonus": 0
    },
    null,
    null,
    null,
    null,
    null,
    null,
    null,
    null,
    null,
    null,
    null,
    null,
    null,
    null,
    null,
    null,
    null,
    null,
    null,
    null,
    null,
    null,
    null,
    null,
    null,
    null,
    null,
    null,
    null,
    null
  ],
  "earnings": 0
}