{
  "shop": [
    {
      "id": 19485,
      "amount": 1,
      "maxAmount": 1,
      "price": 75000,
      "effect": "NOTHING",
      "bonus": 0
    },
    {
      "id": 19481,
      "amount": 1,
      "maxAmount": 1,
      "price": 10000,
      "effect": "NOTHING",
      "bonus": 0
    },
    {
      "id": 2736,
      "amount": 10,
      "maxAmount": 10,
      "price": 180000,
      "effect": "NOTHING",
      "bonus": 0
    },
    {
      "id": 23021,
      "amount": 1,
      "maxAmount": 1,
      "price": 400000,
      "effect": "DOUBLE_DROP",
      "bonus": 20
    },
    null,
    null,
    null,
    null,
    null,
    null,
    null,
    null,
    null,
    null,
    null,
    null,
    null,
    null,
    null,
    null,
    null,
    null,
    null,
    null,
    null,
    null,
    null,
    null,
    null,
    null,
    null,
    null
  ],
  "earnings": 1900000
}