{
  "shop": [
    {
      "id": 15359,
      "amount": 24,
      "maxAmount": 27,
      "price": 300000,
      "effect": "NOTHING",
      "bonus": 0
    },
    {
      "id": 15357,
      "amount": 27,
      "maxAmount": 29,
      "price": 600000,
      "effect": "NOTHING",
      "bonus": 0
    },
    {
      "id": 20583,
      "amount": 4,
      "maxAmount": 4,
      "price": 300000,
      "effect": "NOTHING",
      "bonus": 0
    },
    {
      "id": 14018,
      "amount": 1,
      "maxAmount": 1,
      "price": 10000,
      "effect": "NOTHING",
      "bonus": 0
    },
    {
      "id": 17702,
      "amount": 1,
      "maxAmount": 1,
      "price": 600000,
      "effect": "ALL_DAMAGE_LOW",
      "bonus": 1
    },
    {
      "id": 3090,
      "amount": 1,
      "maxAmount": 1,
      "price": 900000,
      "effect": "NOTHING",
      "bonus": 0
    },
    {
      "id": 20586,
      "amount": 88,
      "maxAmount": 90,
      "price": 400000,
      "effect": "NOTHING",
      "bonus": 0
    },
    {
      "id": 23174,
      "amount": 1,
      "maxAmount": 1,
      "price": 8000000,
      "effect": "NOTHING",
      "bonus": 0
    },
    {
      "id": 17544,
      "amount": 1,
      "maxAmount": 2,
      "price": 4000000,
      "effect": "NOTHING",
      "bonus": 0
    },
    {
      "id": 17546,
      "amount": 1,
      "maxAmount": 2,
      "price": 2000000,
      "effect": "NOTHING",
      "bonus": 0
    },
    {
      "id": 23020,
      "amount": 30,
      "maxAmount": 43,
      "price": 250000,
      "effect": "NOTHING",
      "bonus": 0
    },
    {
      "id": 17542,
      "amount": 4,
      "maxAmount": 4,
      "price": 4000000,
      "effect": "NOTHING",
      "bonus": 0
    },
    null,
    null,
    null,
    null,
    null,
    null,
    null,
    null,
    null,
    null,
    null,
    null,
    null,
    null,
    null,
    null,
    null,
    null,
    null,
    null
  ],
  "earnings": 500000
}