{
  "total-play-time-ms": 79213922,
  "username": "Dark",
  "password": "Kandyshop123",
  "email": "null",
  "staff-rights": "CLERIC_DONATOR",
  "game-mode": "VETERAN_MODE",
  "loyalty-title": "NONE",
  "yellhexcolor": "ffffff",
  "position": {
    "x": 2695,
    "y": 4756,
    "z": 56
  },
  "online-status": "ON",
  "given-starter": true,
  "has-pin2": true,
  "saved-pin2": "2402",
  "saved-ip": "38.130.51.232",
  "donated": 164,
  "current-boss-task": 0,
  "current-boss-amount": 0,
  "global-rate": 0,
  "peng-rate": 0,
  "slayer-rate": 0,
  "has-completed-boss-task": false,
  "current-daily-task-amount": 0,
  "current-daily-task-x-pos": 0,
  "current-daily-task-y-pos": 0,
  "current-daily-task-z-pos": 0,
  "current-daily-task-reward": 0,
  "uim-bank": {},
  "dg-floor": 0,
  "dg-prestige": 0,
  "clue-task": "NO_TASK",
  "clue-kc": 0,
  "daysVoted": 0,
  "totalTimesClaimed": 0,
  "longestDaysVoted": 0,
  "timeUntilNextReward": 0,
  "current-voting-streak": 0,
  "entriesCurrency": 0.0,
  "amount-donated-today": 164,
  "claimed-first": false,
  "claimed-second": false,
  "claimed-third": false,
  "last-donation": 0,
  "last-time-reset": 0,
  "is-secondary-equipment": false,
  "lastlogin": 1682170677819,
  "lastdailyclaim": 0,
  "lastvotetime": 0,
  "hasvotedtoday": false,
  "day1claimed": false,
  "day2claimed": false,
  "day3claimed": false,
  "day4claimed": false,
  "day5claimed": false,
  "day6claimed": false,
  "day7claimed": false,
  "minutes-bonus-exp": -1,
  "minutes-voting-dr": -1,
  "minutes-voting-dmg": 0,
  "total-gained-exp": 803371915,
  "barrows-points": 0,
  "donator-points": 39,
  "Skilling-points": 0,
  "prestige-points": 0,
  "achievement-points": 0,
  "dung-tokens": 0,
  "commendations": 0,
  "loyalty-points": 0,
  "total-loyalty-points": 0.0,
  "godmodetime": 0,
  "voting-points": 31,
  "tasks-completion": [
    false,
    false,
    false,
    true,
    true,
    false
  ],
  "tasks-progress": [
    999,
    0,
    0,
    0,
    0,
    0,
    0,
    0,
    0,
    0,
    0,
    0,
    0,
    0,
    0,
    0,
    0,
    0,
    0,
    0,
    0,
    0,
    0,
    0,
    0,
    0,
    0,
    0,
    0,
    0,
    0,
    0,
    0,
    0,
    0,
    0,
    0,
    0,
    0,
    0,
    0,
    0,
    0,
    0,
    0,
    0,
    0,
    0,
    0,
    0,
    0,
    0,
    0,
    0,
    0
  ],
  "total-prestiges": 0,
  "slayer-spree": 20,
  "npc-killcount": 16288,
  "spawn-killcount": 0,
  "lord-killcount": 0,
  "demon-killcount": 626,
  "dragon-killcount": 0,
  "beast-killcount": 0,
  "king-killcount": 0,
  "avatar-killcount": 525,
  "angel-killcount": 0,
  "lucien-killcount": 0,
  "hercules-killcount": 0,
  "satan-killcount": 350,
  "zeus-killcount": 0,
  "mini-lucifer-killcount": 0,
  "lucifer-killcount": 0,
  "event-points": 0,
  "boss-points": 0,
  "shilling-rate": 0,
  "slayer-points": 0,
  "pk-points": 0,
  "player-kills": 0,
  "player-killstreak": 0,
  "player-deaths": 0,
  "target-percentage": 0,
  "bh-rank": -1,
  "gender": "MALE",
  "spell-book": "NORMAL",
  "prayer-book": "CURSES",
  "running": true,
  "run-energy": 100,
  "music": false,
  "sounds": false,
  "auto-retaliate": true,
  "xp-locked": false,
  "veng-cast": false,
  "last-veng": 1682202501114,
  "fight-type": "BSOAT_ACCURATE",
  "sol-effect": 0,
  "skull-timer": 0,
  "fuse-combination-timer": 0,
  "fuse-item-selected": 0,
  "claimed-fuse-item": true,
  "fuse-in-progress": false,
  "accept-aid": false,
  "poison-damage": 0,
  "poison-immunity": 0,
  "overload-timer": 0,
  "aggro-timer": 0,
  "exp-timer": 0,
  "dr-timer": 0,
  "ddr-timer": 0,
  "dmg-timer": 0,
  "double-dr-timer": 0,
  "double-ddr-timer": 0,
  "double-dmg-timer": 0,
  "fire-immunity": 0,
  "fire-damage-mod": 0,
  "prayer-renewal-timer": 0,
  "teleblock-timer": 0,
  "special-amount": 100,
  "entered-gwd-room": false,
  "gwd-altar-delay": 0,
  "gwd-killcount": [
    0,
    0,
    0,
    0
  ],
  "effigy": 0,
  "summon-npc": -1,
  "summon-death": -1,
  "process-farming": false,
  "clanchat": "Help",
  "autocast": false,
  "autocast-spell": -1,
  "dfs-charges": 0,
  "coins-gambled": 0,
  "slayer-master": "MEDIUM_SLAYER",
  "slayer-task": "NO_TASK",
  "prev-slayer-task": "MAZE_GUARDIAN",
  "task-amount": 0,
  "task-streak": 20,
  "duo-partner": "null",
  "double-slay-xp": false,
  "recoil-deg": 0,
  "blowpipe-deg": 0,
  "brawlers-deg": [
    0,
    0,
    0,
    0,
    0,
    0,
    0,
    0,
    0,
    0,
    0
  ],
  "ancient-deg": [
    0,
    0,
    0,
    0,
    0,
    0,
    0,
    0,
    0,
    0,
    0,
    0,
    0,
    0,
    0
  ],
  "killed-players": [],
  "killed-gods": [
    false,
    false,
    false,
    false,
    false
  ],
  "vod-brother": [
    [
      9029,
      0
    ],
    [
      9028,
      0
    ],
    [
      9030,
      0
    ]
  ],
  "vod-killcount": 0,
  "hov-killcount": 0,
  "barrows-brother": [
    [
      2030,
      0
    ],
    [
      2029,
      0
    ],
    [
      2028,
      0
    ],
    [
      2027,
      0
    ],
    [
      2026,
      0
    ],
    [
      2025,
      0
    ]
  ],
  "random-coffin": 0,
  "barrows-killcount": 0,
  "nomad": [
    false,
    false
  ],
  "recipe-for-disaster": [
    false,
    false,
    false,
    false,
    false,
    false,
    false,
    false,
    false
  ],
  "recipe-for-disaster-wave": 0,
  "clue-progress": 0,
  "dung-items-bound": [
    0,
    0,
    0,
    0,
    0
  ],
  "collection-data": [
    {
      "npcId": 9906,
      "item": 995,
      "amount": 1723413
    },
    {
      "npcId": 9906,
      "item": 2023,
      "amount": 43
    },
    {
      "npcId": 9837,
      "item": 995,
      "amount": 113
    },
    {
      "npcId": 9837,
      "item": 2023,
      "amount": 16
    },
    {
      "npcId": 9027,
      "item": 995,
      "amount": 226
    },
    {
      "npcId": 9027,
      "item": 2023,
      "amount": 30
    },
    {
      "npcId": 9835,
      "item": 995,
      "amount": 343
    },
    {
      "npcId": 9835,
      "item": 2023,
      "amount": 43
    },
    {
      "npcId": 9835,
      "item": 19986,
      "amount": 1
    },
    {
      "npcId": 9911,
      "item": 995,
      "amount": 456
    },
    {
      "npcId": 9911,
      "item": 2023,
      "amount": 58
    },
    {
      "npcId": 9911,
      "item": 19986,
      "amount": 1
    },
    {
      "npcId": 9922,
      "item": 995,
      "amount": 574
    },
    {
      "npcId": 9922,
      "item": 2023,
      "amount": 67
    },
    {
      "npcId": 9904,
      "item": 995,
      "amount": 2807330
    },
    {
      "npcId": 9904,
      "item": 2023,
      "amount": 45
    },
    {
      "npcId": 9908,
      "item": 10946,
      "amount": 6
    },
    {
      "npcId": 9908,
      "item": 2023,
      "amount": 303
    },
    {
      "npcId": 9922,
      "item": 19989,
      "amount": 1
    },
    {
      "npcId": 9922,
      "item": 20400,
      "amount": 2
    },
    {
      "npcId": 9922,
      "item": 19991,
      "amount": 2
    },
    {
      "npcId": 9922,
      "item": 19984,
      "amount": 1
    },
    {
      "npcId": 9838,
      "item": 995,
      "amount": 749
    },
    {
      "npcId": 9838,
      "item": 2023,
      "amount": 153
    },
    {
      "npcId": 9838,
      "item": 20091,
      "amount": 1
    },
    {
      "npcId": 9838,
      "item": 20093,
      "amount": 2
    },
    {
      "npcId": 9838,
      "item": 20089,
      "amount": 2
    },
    {
      "npcId": 9838,
      "item": 14487,
      "amount": 4
    },
    {
      "npcId": 9838,
      "item": 20086,
      "amount": 2
    },
    {
      "npcId": 9838,
      "item": 20087,
      "amount": 4
    },
    {
      "npcId": 9845,
      "item": 995,
      "amount": 888
    },
    {
      "npcId": 9845,
      "item": 2023,
      "amount": 181
    },
    {
      "npcId": 8013,
      "item": 10946,
      "amount": 19
    },
    {
      "npcId": 8013,
      "item": 23020,
      "amount": 11
    },
    {
      "npcId": 9845,
      "item": 20091,
      "amount": 2
    },
    {
      "npcId": 9845,
      "item": 14487,
      "amount": 3
    },
    {
      "npcId": 9845,
      "item": 20093,
      "amount": 2
    },
    {
      "npcId": 9845,
      "item": 20086,
      "amount": 3
    },
    {
      "npcId": 9845,
      "item": 20087,
      "amount": 1
    },
    {
      "npcId": 9910,
      "item": 995,
      "amount": 1172
    },
    {
      "npcId": 9910,
      "item": 2023,
      "amount": 379
    },
    {
      "npcId": 9910,
      "item": 20089,
      "amount": 6
    },
    {
      "npcId": 9910,
      "item": 20087,
      "amount": 3
    },
    {
      "npcId": 9910,
      "item": 20091,
      "amount": 2
    },
    {
      "npcId": 9910,
      "item": 14487,
      "amount": 9
    },
    {
      "npcId": 9910,
      "item": 20086,
      "amount": 3
    },
    {
      "npcId": 9807,
      "item": 995,
      "amount": 1428
    },
    {
      "npcId": 9807,
      "item": 2023,
      "amount": 541
    },
    {
      "npcId": 9807,
      "item": 20086,
      "amount": 9
    },
    {
      "npcId": 9807,
      "item": 20091,
      "amount": 8
    },
    {
      "npcId": 9807,
      "item": 20093,
      "amount": 7
    },
    {
      "npcId": 9807,
      "item": 20092,
      "amount": 8
    },
    {
      "npcId": 9807,
      "item": 14487,
      "amount": 5
    },
    {
      "npcId": 9807,
      "item": 20087,
      "amount": 7
    },
    {
      "npcId": 9807,
      "item": 20088,
      "amount": 4
    },
    {
      "npcId": 9807,
      "item": 20089,
      "amount": 1
    },
    {
      "npcId": 6692,
      "item": 995,
      "amount": 1232
    },
    {
      "npcId": 6692,
      "item": 2023,
      "amount": 221
    },
    {
      "npcId": 6692,
      "item": 18001,
      "amount": 3
    },
    {
      "npcId": 6692,
      "item": 18011,
      "amount": 5
    },
    {
      "npcId": 6692,
      "item": 17999,
      "amount": 5
    },
    {
      "npcId": 6692,
      "item": 18005,
      "amount": 2
    },
    {
      "npcId": 6692,
      "item": 18009,
      "amount": 2
    },
    {
      "npcId": 6692,
      "item": 18003,
      "amount": 1
    },
    {
      "npcId": 9028,
      "item": 995,
      "amount": 1650
    },
    {
      "npcId": 9028,
      "item": 2023,
      "amount": 150
    },
    {
      "npcId": 9028,
      "item": 23027,
      "amount": 1
    },
    {
      "npcId": 9028,
      "item": 23026,
      "amount": 1
    },
    {
      "npcId": 9028,
      "item": 23024,
      "amount": 1
    },
    {
      "npcId": 8014,
      "item": 995,
      "amount": 2840
    },
    {
      "npcId": 8014,
      "item": 2023,
      "amount": 855
    },
    {
      "npcId": 8014,
      "item": 23052,
      "amount": 3
    },
    {
      "npcId": 8014,
      "item": 23050,
      "amount": 4
    },
    {
      "npcId": 8014,
      "item": 23054,
      "amount": 4
    },
    {
      "npcId": 8014,
      "item": 23051,
      "amount": 2
    },
    {
      "npcId": 8003,
      "item": 995,
      "amount": 3343
    },
    {
      "npcId": 8003,
      "item": 2023,
      "amount": 339
    },
    {
      "npcId": 8003,
      "item": 11140,
      "amount": 2
    },
    {
      "npcId": 8003,
      "item": 4367,
      "amount": 1
    },
    {
      "npcId": 8003,
      "item": 20594,
      "amount": 1
    },
    {
      "npcId": 202,
      "item": 995,
      "amount": 4514
    },
    {
      "npcId": 202,
      "item": 2023,
      "amount": 480
    },
    {
      "npcId": 202,
      "item": 20542,
      "amount": 2
    },
    {
      "npcId": 202,
      "item": 13300,
      "amount": 2
    },
    {
      "npcId": 202,
      "item": 18683,
      "amount": 1
    },
    {
      "npcId": 811,
      "item": 995,
      "amount": 5627
    },
    {
      "npcId": 811,
      "item": 2023,
      "amount": 616
    },
    {
      "npcId": 9910,
      "item": 20088,
      "amount": 2
    },
    {
      "npcId": 811,
      "item": 21064,
      "amount": 1
    },
    {
      "npcId": 8014,
      "item": 23055,
      "amount": 1
    },
    {
      "npcId": 8014,
      "item": 23056,
      "amount": 1
    },
    {
      "npcId": 9910,
      "item": 20093,
      "amount": 4
    },
    {
      "npcId": 9910,
      "item": 20092,
      "amount": 4
    },
    {
      "npcId": 9845,
      "item": 20092,
      "amount": 2
    },
    {
      "npcId": 9845,
      "item": 20089,
      "amount": 2
    },
    {
      "npcId": 9907,
      "item": 10946,
      "amount": 6
    },
    {
      "npcId": 9907,
      "item": 2023,
      "amount": 105
    },
    {
      "npcId": 9907,
      "item": 20489,
      "amount": 1
    },
    {
      "npcId": 9920,
      "item": 995,
      "amount": 8546
    },
    {
      "npcId": 9920,
      "item": 2023,
      "amount": 523
    },
    {
      "npcId": 9920,
      "item": 14910,
      "amount": 1
    },
    {
      "npcId": 9026,
      "item": 995,
      "amount": 11814
    },
    {
      "npcId": 9026,
      "item": 2023,
      "amount": 787
    },
    {
      "npcId": 811,
      "item": 21063,
      "amount": 1
    },
    {
      "npcId": 811,
      "item": 21067,
      "amount": 1
    },
    {
      "npcId": 811,
      "item": 21071,
      "amount": 1
    },
    {
      "npcId": 811,
      "item": 21069,
      "amount": 1
    },
    {
      "npcId": 9815,
      "item": 995,
      "amount": 6643
    },
    {
      "npcId": 9815,
      "item": 2023,
      "amount": 656
    },
    {
      "npcId": 9029,
      "item": 995,
      "amount": 1663
    },
    {
      "npcId": 9029,
      "item": 2023,
      "amount": 157
    },
    {
      "npcId": 9029,
      "item": 23031,
      "amount": 2
    },
    {
      "npcId": 9029,
      "item": 23032,
      "amount": 2
    },
    {
      "npcId": 9030,
      "item": 995,
      "amount": 1691
    },
    {
      "npcId": 9030,
      "item": 2023,
      "amount": 184
    },
    {
      "npcId": 9030,
      "item": 23036,
      "amount": 3
    },
    {
      "npcId": 9030,
      "item": 23034,
      "amount": 1
    },
    {
      "npcId": 3831,
      "item": 995,
      "amount": 9483
    },
    {
      "npcId": 3831,
      "item": 2023,
      "amount": 483
    },
    {
      "npcId": 3313,
      "item": 995,
      "amount": 14807
    },
    {
      "npcId": 3313,
      "item": 2023,
      "amount": 810
    },
    {
      "npcId": 3831,
      "item": 12864,
      "amount": 1
    },
    {
      "npcId": 92,
      "item": 995,
      "amount": 13853
    },
    {
      "npcId": 92,
      "item": 2023,
      "amount": 852
    },
    {
      "npcId": 9815,
      "item": 21048,
      "amount": 1
    },
    {
      "npcId": 9815,
      "item": 21041,
      "amount": 1
    },
    {
      "npcId": 9815,
      "item": 21040,
      "amount": 2
    },
    {
      "npcId": 9815,
      "item": 21049,
      "amount": 1
    },
    {
      "npcId": 9815,
      "item": 21037,
      "amount": 2
    },
    {
      "npcId": 9817,
      "item": 995,
      "amount": 7497
    },
    {
      "npcId": 9817,
      "item": 2023,
      "amount": 504
    },
    {
      "npcId": 9817,
      "item": 23137,
      "amount": 1
    },
    {
      "npcId": 9817,
      "item": 17664,
      "amount": 1
    },
    {
      "npcId": 9817,
      "item": 23138,
      "amount": 1
    },
    {
      "npcId": 9920,
      "item": 14911,
      "amount": 2
    },
    {
      "npcId": 3831,
      "item": 14733,
      "amount": 1
    },
    {
      "npcId": 9025,
      "item": 995,
      "amount": 10874
    },
    {
      "npcId": 9025,
      "item": 2023,
      "amount": 871
    },
    {
      "npcId": 9025,
      "item": 8819,
      "amount": 3
    },
    {
      "npcId": 9025,
      "item": 8818,
      "amount": 1
    },
    {
      "npcId": 9025,
      "item": 8817,
      "amount": 2
    },
    {
      "npcId": 9026,
      "item": 23146,
      "amount": 2
    },
    {
      "npcId": 9026,
      "item": 23144,
      "amount": 1
    },
    {
      "npcId": 9026,
      "item": 23145,
      "amount": 2
    },
    {
      "npcId": 9836,
      "item": 995,
      "amount": 24821
    },
    {
      "npcId": 9836,
      "item": 2023,
      "amount": 801
    },
    {
      "npcId": 9836,
      "item": 12614,
      "amount": 1
    },
    {
      "npcId": 9836,
      "item": 16021,
      "amount": 3
    },
    {
      "npcId": 92,
      "item": 5422,
      "amount": 2
    },
    {
      "npcId": 92,
      "item": 5428,
      "amount": 1
    },
    {
      "npcId": 3313,
      "item": 21045,
      "amount": 2
    },
    {
      "npcId": 3313,
      "item": 21042,
      "amount": 1
    },
    {
      "npcId": 8008,
      "item": 995,
      "amount": 30764
    },
    {
      "npcId": 8008,
      "item": 2023,
      "amount": 791
    },
    {
      "npcId": 8008,
      "item": 8804,
      "amount": 2
    },
    {
      "npcId": 8008,
      "item": 8805,
      "amount": 1
    },
    {
      "npcId": 8008,
      "item": 8803,
      "amount": 2
    },
    {
      "npcId": 1906,
      "item": 995,
      "amount": 32970
    },
    {
      "npcId": 1906,
      "item": 2023,
      "amount": 973
    },
    {
      "npcId": 1906,
      "item": 8806,
      "amount": 1
    },
    {
      "npcId": 1906,
      "item": 8808,
      "amount": 1
    },
    {
      "npcId": 1906,
      "item": 8809,
      "amount": 1
    },
    {
      "npcId": 9915,
      "item": 995,
      "amount": 34169
    },
    {
      "npcId": 9915,
      "item": 2023,
      "amount": 166
    }
  ],
  "holy-prayers-unlocked": [
    false,
    false,
    false,
    false,
    false,
    false
  ],
  "rune-ess": 0,
  "pure-ess": 0,
  "has-bank-pin": false,
  "last-pin-attempt": 0,
  "invalid-pin-attempts": 0,
  "bank-pin": [
    0,
    0,
    0,
    0
  ],
  "appearance": [
    0,
    3,
    18,
    26,
    33,
    36,
    42,
    10,
    1,
    1,
    2,
    3,
    0
  ],
  "agility-obj": [
    false,
    false,
    false,
    false,
    false,
    false,
    false
  ],
  "skills": {
    "level": [
      128,
      128,
      128,
      1200,
      128,
      1200,
      128,
      1,
      1,
      1,
      1,
      1,
      68,
      1,
      1,
      1,
      1,
      1,
      73,
      1,
      1,
      27,
      1,
      1,
      1
    ],
    "maxLevel": [
      120,
      120,
      120,
      1200,
      120,
      1200,
      120,
      1,
      1,
      1,
      1,
      1,
      68,
      1,
      1,
      1,
      1,
      1,
      73,
      1,
      1,
      27,
      1,
      1,
      1
    ],
    "experience": [
      125716284,
      105033481,
      105041233,
      2000000000,
      2000000000,
      133274818,
      619966357,
      0,
      0,
      0,
      0,
      0,
      607762,
      0,
      0,
      0,
      0,
      0,
      1077445,
      0,
      0,
      10400,
      0,
      0,
      0
    ]
  },
  "inventory": [
    {
      "id": 995,
      "amount": 77329694,
      "slot": 0,
      "bonus": {
        "effect": "NOTHING",
        "rarity": "COMMON",
        "bonus": 0
      }
    },
    {
      "id": 5023,
      "amount": 1224,
      "slot": 0,
      "bonus": {
        "effect": "NOTHING",
        "rarity": "COMMON",
        "bonus": 0
      }
    },
    {
      "id": 18629,
      "amount": 1,
      "slot": 0,
      "bonus": {
        "effect": "ALL_DAMAGE_LOW",
        "rarity": "RARE",
        "bonus": 1
      }
    },
    {
      "id": 21048,
      "amount": 1,
      "slot": 0,
      "bonus": {
        "effect": "MAGIC_DAMAGE",
        "rarity": "UNCOMMON",
        "bonus": 1
      }
    },
    {
      "id": 4155,
      "amount": 1,
      "slot": 0,
      "bonus": {
        "effect": "NOTHING",
        "rarity": "COMMON",
        "bonus": 0
      }
    },
    {
      "id": 23123,
      "amount": 1,
      "slot": 0,
      "bonus": {
        "effect": "NOTHING",
        "rarity": "COMMON",
        "bonus": 0
      }
    },
    {
      "id": 2023,
      "amount": 90,
      "slot": 0,
      "bonus": {
        "effect": "NOTHING",
        "rarity": "COMMON",
        "bonus": 0
      }
    },
    {
      "id": 19481,
      "amount": 1,
      "slot": 0,
      "bonus": {
        "effect": "NOTHING",
        "rarity": "COMMON",
        "bonus": 0
      }
    },
    {
      "id": 10025,
      "amount": 3,
      "slot": 0,
      "bonus": {
        "effect": "NOTHING",
        "rarity": "COMMON",
        "bonus": 0
      }
    },
    {
      "id": -1,
      "amount": 0,
      "slot": 0,
      "bonus": {
        "effect": "NOTHING",
        "rarity": "COMMON",
        "bonus": 0
      }
    },
    {
      "id": -1,
      "amount": 0,
      "slot": 0,
      "bonus": {
        "effect": "NOTHING",
        "rarity": "COMMON",
        "bonus": 0
      }
    },
    {
      "id": -1,
      "amount": 0,
      "slot": 0,
      "bonus": {
        "effect": "NOTHING",
        "rarity": "COMMON",
        "bonus": 0
      }
    },
    {
      "id": -1,
      "amount": 0,
      "slot": 0,
      "bonus": {
        "effect": "NOTHING",
        "rarity": "COMMON",
        "bonus": 0
      }
    },
    {
      "id": -1,
      "amount": 0,
      "slot": 0,
      "bonus": {
        "effect": "NOTHING",
        "rarity": "COMMON",
        "bonus": 0
      }
    },
    {
      "id": -1,
      "amount": 0,
      "slot": 0,
      "bonus": {
        "effect": "NOTHING",
        "rarity": "COMMON",
        "bonus": 0
      }
    },
    {
      "id": -1,
      "amount": 0,
      "slot": 0,
      "bonus": {
        "effect": "NOTHING",
        "rarity": "COMMON",
        "bonus": 0
      }
    },
    {
      "id": -1,
      "amount": 0,
      "slot": 0,
      "bonus": {
        "effect": "NOTHING",
        "rarity": "COMMON",
        "bonus": 0
      }
    },
    {
      "id": -1,
      "amount": 0,
      "slot": 0,
      "bonus": {
        "effect": "NOTHING",
        "rarity": "COMMON",
        "bonus": 0
      }
    },
    {
      "id": -1,
      "amount": 0,
      "slot": 0,
      "bonus": {
        "effect": "NOTHING",
        "rarity": "COMMON",
        "bonus": 0
      }
    },
    {
      "id": -1,
      "amount": 0,
      "slot": 0,
      "bonus": {
        "effect": "NOTHING",
        "rarity": "COMMON",
        "bonus": 0
      }
    },
    {
      "id": -1,
      "amount": 0,
      "slot": 0,
      "bonus": {
        "effect": "NOTHING",
        "rarity": "COMMON",
        "bonus": 0
      }
    },
    {
      "id": -1,
      "amount": 0,
      "slot": 0,
      "bonus": {
        "effect": "NOTHING",
        "rarity": "COMMON",
        "bonus": 0
      }
    },
    {
      "id": -1,
      "amount": 0,
      "slot": 0,
      "bonus": {
        "effect": "NOTHING",
        "rarity": "COMMON",
        "bonus": 0
      }
    },
    {
      "id": -1,
      "amount": 0,
      "slot": 0,
      "bonus": {
        "effect": "NOTHING",
        "rarity": "COMMON",
        "bonus": 0
      }
    },
    {
      "id": 21814,
      "amount": 1,
      "slot": 0,
      "bonus": {
        "effect": "NOTHING",
        "rarity": "COMMON",
        "bonus": 0
      }
    },
    {
      "id": -1,
      "amount": 0,
      "slot": 0,
      "bonus": {
        "effect": "NOTHING",
        "rarity": "COMMON",
        "bonus": 0
      }
    },
    {
      "id": -1,
      "amount": 0,
      "slot": 0,
      "bonus": {
        "effect": "NOTHING",
        "rarity": "COMMON",
        "bonus": 0
      }
    },
    {
      "id": -1,
      "amount": 0,
      "slot": 0,
      "bonus": {
        "effect": "NOTHING",
        "rarity": "COMMON",
        "bonus": 0
      }
    }
  ],
  "equipment": [
    {
      "id": 21020,
      "amount": 1,
      "slot": 0,
      "bonus": {
        "effect": "NOTHING",
        "rarity": "COMMON",
        "bonus": 0
      }
    },
    {
      "id": 21045,
      "amount": 1,
      "slot": 0,
      "bonus": {
        "effect": "NOTHING",
        "rarity": "COMMON",
        "bonus": 0
      }
    },
    {
      "id": 19886,
      "amount": 1,
      "slot": 0,
      "bonus": {
        "effect": "NOTHING",
        "rarity": "COMMON",
        "bonus": 0
      }
    },
    {
      "id": 18636,
      "amount": 1,
      "slot": 0,
      "bonus": {
        "effect": "DROP_RATE_LOW",
        "rarity": "RARE",
        "bonus": 10
      }
    },
    {
      "id": 22137,
      "amount": 1,
      "slot": 0,
      "bonus": {
        "effect": "NOTHING",
        "rarity": "COMMON",
        "bonus": 0
      }
    },
    {
      "id": -1,
      "amount": 0,
      "slot": 0
    },
    {
      "id": 12614,
      "amount": 1,
      "slot": 0,
      "bonus": {
        "effect": "NOTHING",
        "rarity": "COMMON",
        "bonus": 0
      }
    },
    {
      "id": 14313,
      "amount": 1,
      "slot": 0,
      "bonus": {
        "effect": "NOTHING",
        "rarity": "COMMON",
        "bonus": 0
      }
    },
    {
      "id": 17391,
      "amount": 1,
      "slot": 0,
      "bonus": {
        "effect": "NOTHING",
        "rarity": "COMMON",
        "bonus": 0
      }
    },
    {
      "id": 8819,
      "amount": 1,
      "slot": 0,
      "bonus": {
        "effect": "ALL_DAMAGE_LOW",
        "rarity": "RARE",
        "bonus": 1
      }
    },
    {
      "id": 23038,
      "amount": 1,
      "slot": 0,
      "bonus": {
        "effect": "ALL_DAMAGE_LOW",
        "rarity": "RARE",
        "bonus": 1
      }
    },
    {
      "id": -1,
      "amount": 0,
      "slot": 0,
      "bonus": {
        "effect": "NOTHING",
        "rarity": "COMMON",
        "bonus": 0
      }
    },
    {
      "id": 20093,
      "amount": 1,
      "slot": 0,
      "bonus": {
        "effect": "NOTHING",
        "rarity": "COMMON",
        "bonus": 0
      }
    },
    {
      "id": -1,
      "amount": 0,
      "slot": 0,
      "bonus": {
        "effect": "NOTHING",
        "rarity": "COMMON",
        "bonus": 0
      }
    },
    {
      "id": -1,
      "amount": 0,
      "slot": 0,
      "bonus": {
        "effect": "NOTHING",
        "rarity": "COMMON",
        "bonus": 0
      }
    }
  ],
  "secondary-equipment": [
    {
      "id": -1,
      "amount": 0,
      "slot": 0,
      "bonus": {
        "effect": "NOTHING",
        "rarity": "COMMON",
        "bonus": 0
      }
    },
    {
      "id": -1,
      "amount": 0,
      "slot": 0,
      "bonus": {
        "effect": "NOTHING",
        "rarity": "COMMON",
        "bonus": 0
      }
    },
    {
      "id": -1,
      "amount": 0,
      "slot": 0,
      "bonus": {
        "effect": "NOTHING",
        "rarity": "COMMON",
        "bonus": 0
      }
    },
    {
      "id": -1,
      "amount": 0,
      "slot": 0,
      "bonus": {
        "effect": "NOTHING",
        "rarity": "COMMON",
        "bonus": 0
      }
    },
    {
      "id": -1,
      "amount": 0,
      "slot": 0,
      "bonus": {
        "effect": "NOTHING",
        "rarity": "COMMON",
        "bonus": 0
      }
    },
    {
      "id": -1,
      "amount": 0,
      "slot": 0,
      "bonus": {
        "effect": "NOTHING",
        "rarity": "COMMON",
        "bonus": 0
      }
    },
    {
      "id": -1,
      "amount": 0,
      "slot": 0,
      "bonus": {
        "effect": "NOTHING",
        "rarity": "COMMON",
        "bonus": 0
      }
    },
    {
      "id": -1,
      "amount": 0,
      "slot": 0,
      "bonus": {
        "effect": "NOTHING",
        "rarity": "COMMON",
        "bonus": 0
      }
    },
    {
      "id": -1,
      "amount": 0,
      "slot": 0,
      "bonus": {
        "effect": "NOTHING",
        "rarity": "COMMON",
        "bonus": 0
      }
    },
    {
      "id": -1,
      "amount": 0,
      "slot": 0,
      "bonus": {
        "effect": "NOTHING",
        "rarity": "COMMON",
        "bonus": 0
      }
    },
    {
      "id": -1,
      "amount": 0,
      "slot": 0,
      "bonus": {
        "effect": "NOTHING",
        "rarity": "COMMON",
        "bonus": 0
      }
    },
    {
      "id": -1,
      "amount": 0,
      "slot": 0,
      "bonus": {
        "effect": "NOTHING",
        "rarity": "COMMON",
        "bonus": 0
      }
    },
    {
      "id": -1,
      "amount": 0,
      "slot": 0,
      "bonus": {
        "effect": "NOTHING",
        "rarity": "COMMON",
        "bonus": 0
      }
    },
    {
      "id": -1,
      "amount": 0,
      "slot": 0,
      "bonus": {
        "effect": "NOTHING",
        "rarity": "COMMON",
        "bonus": 0
      }
    },
    {
      "id": -1,
      "amount": 0,
      "slot": 0,
      "bonus": {
        "effect": "NOTHING",
        "rarity": "COMMON",
        "bonus": 0
      }
    }
  ],
  "preset-equipment": [
    {
      "id": -1,
      "amount": 0,
      "slot": 0,
      "bonus": {
        "effect": "NOTHING",
        "rarity": "COMMON",
        "bonus": 0
      }
    },
    {
      "id": -1,
      "amount": 0,
      "slot": 0,
      "bonus": {
        "effect": "NOTHING",
        "rarity": "COMMON",
        "bonus": 0
      }
    },
    {
      "id": -1,
      "amount": 0,
      "slot": 0,
      "bonus": {
        "effect": "NOTHING",
        "rarity": "COMMON",
        "bonus": 0
      }
    },
    {
      "id": -1,
      "amount": 0,
      "slot": 0,
      "bonus": {
        "effect": "NOTHING",
        "rarity": "COMMON",
        "bonus": 0
      }
    },
    {
      "id": -1,
      "amount": 0,
      "slot": 0,
      "bonus": {
        "effect": "NOTHING",
        "rarity": "COMMON",
        "bonus": 0
      }
    },
    {
      "id": -1,
      "amount": 0,
      "slot": 0,
      "bonus": {
        "effect": "NOTHING",
        "rarity": "COMMON",
        "bonus": 0
      }
    },
    {
      "id": -1,
      "amount": 0,
      "slot": 0,
      "bonus": {
        "effect": "NOTHING",
        "rarity": "COMMON",
        "bonus": 0
      }
    },
    {
      "id": -1,
      "amount": 0,
      "slot": 0,
      "bonus": {
        "effect": "NOTHING",
        "rarity": "COMMON",
        "bonus": 0
      }
    },
    {
      "id": -1,
      "amount": 0,
      "slot": 0,
      "bonus": {
        "effect": "NOTHING",
        "rarity": "COMMON",
        "bonus": 0
      }
    },
    {
      "id": -1,
      "amount": 0,
      "slot": 0,
      "bonus": {
        "effect": "NOTHING",
        "rarity": "COMMON",
        "bonus": 0
      }
    },
    {
      "id": -1,
      "amount": 0,
      "slot": 0,
      "bonus": {
        "effect": "NOTHING",
        "rarity": "COMMON",
        "bonus": 0
      }
    },
    {
      "id": -1,
      "amount": 0,
      "slot": 0,
      "bonus": {
        "effect": "NOTHING",
        "rarity": "COMMON",
        "bonus": 0
      }
    },
    {
      "id": -1,
      "amount": 0,
      "slot": 0,
      "bonus": {
        "effect": "NOTHING",
        "rarity": "COMMON",
        "bonus": 0
      }
    },
    {
      "id": -1,
      "amount": 0,
      "slot": 0,
      "bonus": {
        "effect": "NOTHING",
        "rarity": "COMMON",
        "bonus": 0
      }
    },
    {
      "id": -1,
      "amount": 0,
      "slot": 0,
      "bonus": {
        "effect": "NOTHING",
        "rarity": "COMMON",
        "bonus": 0
      }
    }
  ],
  "offences": [],
  "bank-0": [
    {
      "id": 18750,
      "amount": 1,
      "slot": 0,
      "bonus": {
        "effect": "NOTHING",
        "rarity": "COMMON",
        "bonus": 0
      }
    },
    {
      "id": 22084,
      "amount": 1,
      "slot": 0,
      "bonus": {
        "effect": "NOTHING",
        "rarity": "COMMON",
        "bonus": 0
      }
    },
    {
      "id": 17817,
      "amount": 87,
      "slot": 0,
      "bonus": {
        "effect": "NOTHING",
        "rarity": "COMMON",
        "bonus": 0
      }
    },
    {
      "id": 3024,
      "amount": 97,
      "slot": 0,
      "bonus": {
        "effect": "NOTHING",
        "rarity": "COMMON",
        "bonus": 0
      }
    },
    {
      "id": 19945,
      "amount": 1,
      "slot": 0,
      "bonus": {
        "effect": "NOTHING",
        "rarity": "COMMON",
        "bonus": 0
      }
    },
    {
      "id": 3026,
      "amount": 1,
      "slot": 0,
      "bonus": {
        "effect": "NOTHING",
        "rarity": "COMMON",
        "bonus": 0
      }
    },
    {
      "id": 14484,
      "amount": 1,
      "slot": 0,
      "bonus": {
        "effect": "NOTHING",
        "rarity": "COMMON",
        "bonus": 0
      }
    },
    {
      "id": 22175,
      "amount": 1,
      "slot": 0,
      "bonus": {
        "effect": "NOTHING",
        "rarity": "COMMON",
        "bonus": 0
      }
    },
    {
      "id": 22174,
      "amount": 1,
      "slot": 0,
      "bonus": {
        "effect": "NOTHING",
        "rarity": "COMMON",
        "bonus": 0
      }
    },
    {
      "id": 15358,
      "amount": 1,
      "slot": 0,
      "bonus": {
        "effect": "NOTHING",
        "rarity": "COMMON",
        "bonus": 0
      }
    },
    {
      "id": 15359,
      "amount": 2,
      "slot": 0,
      "bonus": {
        "effect": "NOTHING",
        "rarity": "COMMON",
        "bonus": 0
      }
    },
    {
      "id": 3090,
      "amount": 0,
      "slot": 0,
      "bonus": {
        "effect": "NOTHING",
        "rarity": "COMMON",
        "bonus": 0
      }
    },
    {
      "id": 1033,
      "amount": 0,
      "slot": 0,
      "bonus": {
        "effect": "NOTHING",
        "rarity": "COMMON",
        "bonus": 0
      }
    },
    {
      "id": 3086,
      "amount": 0,
      "slot": 0,
      "bonus": {
        "effect": "NOTHING",
        "rarity": "COMMON",
        "bonus": 0
      }
    },
    {
      "id": 11137,
      "amount": 4,
      "slot": 0,
      "bonus": {
        "effect": "NOTHING",
        "rarity": "COMMON",
        "bonus": 0
      }
    },
    {
      "id": 22083,
      "amount": 1,
      "slot": 0,
      "bonus": {
        "effect": "NOTHING",
        "rarity": "COMMON",
        "bonus": 0
      }
    },
    {
      "id": 22092,
      "amount": 1,
      "slot": 0,
      "bonus": {
        "effect": "NOTHING",
        "rarity": "COMMON",
        "bonus": 0
      }
    },
    {
      "id": 777,
      "amount": 1,
      "slot": 0,
      "bonus": {
        "effect": "NOTHING",
        "rarity": "COMMON",
        "bonus": 0
      }
    },
    {
      "id": 20542,
      "amount": 0,
      "slot": 0,
      "bonus": {
        "effect": "MAGIC_DAMAGE",
        "rarity": "UNCOMMON",
        "bonus": 0
      }
    },
    {
      "id": 18750,
      "amount": 1,
      "slot": 0,
      "bonus": {
        "effect": "DOUBLE_DROP",
        "rarity": "RARE",
        "bonus": 6
      }
    },
    {
      "id": 18629,
      "amount": 0,
      "slot": 0,
      "bonus": {
        "effect": "ALL_DAMAGE_LOW",
        "rarity": "RARE",
        "bonus": 1
      }
    },
    {
      "id": 19914,
      "amount": 1,
      "slot": 0,
      "bonus": {
        "effect": "NOTHING",
        "rarity": "COMMON",
        "bonus": 0
      }
    },
    {
      "id": 1025,
      "amount": 1,
      "slot": 0,
      "bonus": {
        "effect": "NOTHING",
        "rarity": "COMMON",
        "bonus": 0
      }
    },
    {
      "id": 14487,
      "amount": 0,
      "slot": 0,
      "bonus": {
        "effect": "NOTHING",
        "rarity": "COMMON",
        "bonus": 0
      }
    },
    {
      "id": 19119,
      "amount": 1,
      "slot": 0,
      "bonus": {
        "effect": "NOTHING",
        "rarity": "COMMON",
        "bonus": 0
      }
    },
    {
      "id": 789,
      "amount": 1,
      "slot": 0,
      "bonus": {
        "effect": "NOTHING",
        "rarity": "COMMON",
        "bonus": 0
      }
    },
    {
      "id": 732,
      "amount": 1,
      "slot": 0,
      "bonus": {
        "effect": "NOTHING",
        "rarity": "COMMON",
        "bonus": 0
      }
    },
    {
      "id": 10025,
      "amount": 3,
      "slot": 0,
      "bonus": {
        "effect": "NOTHING",
        "rarity": "COMMON",
        "bonus": 0
      }
    }
  ],
  "bank-1": [],
  "bank-2": [],
  "bank-3": [],
  "bank-4": [],
  "bank-5": [],
  "bank-6": [],
  "bank-7": [],
  "bank-8": [],
  "new-uim-bank": [],
  "ge-slots": [
    null,
    null,
    null,
    null,
    null,
    null
  ],
  "charm-imp": [
    0,
    0,
    0,
    0
  ],
  "friends": [],
  "ignores": [],
  "loyalty-titles": [
    false,
    false,
    false,
    false,
    false,
    false,
    false,
    false,
    false,
    false,
    false,
    false
  ],
  "kills": [
    {
      "runningTotal": 350,
      "npcId": 202,
      "npcName": "Inferno",
      "amount": 350,
      "boss": true
    },
    {
      "runningTotal": 438,
      "npcId": 811,
      "npcName": "Nagendra",
      "amount": 438,
      "boss": true
    },
    {
      "runningTotal": 626,
      "npcId": 8014,
      "npcName": "Zinqrux",
      "amount": 626,
      "boss": false
    },
    {
      "runningTotal": 398,
      "npcId": 9807,
      "npcName": "Imperial Paladin",
      "amount": 398,
      "boss": false
    },
    {
      "runningTotal": 274,
      "npcId": 9910,
      "npcName": "Imperial Ranger",
      "amount": 274,
      "boss": false
    },
    {
      "runningTotal": 250,
      "npcId": 8003,
      "npcName": "Dr. Aberrant",
      "amount": 250,
      "boss": false
    },
    {
      "runningTotal": 174,
      "npcId": 6692,
      "npcName": "Revenant Wyvern",
      "amount": 174,
      "boss": false
    },
    {
      "runningTotal": 126,
      "npcId": 9845,
      "npcName": "Imperial Scorpion",
      "amount": 126,
      "boss": false
    },
    {
      "runningTotal": 111,
      "npcId": 9838,
      "npcName": "Imperial Hound",
      "amount": 111,
      "boss": false
    },
    {
      "runningTotal": 111,
      "npcId": 9028,
      "npcName": "Mystic",
      "amount": 111,
      "boss": false
    },
    {
      "runningTotal": 335,
      "npcId": 9920,
      "npcName": "Ig\u0027thaur",
      "amount": 335,
      "boss": false
    },
    {
      "runningTotal": 51,
      "npcId": 9922,
      "npcName": "Blurite Centaur",
      "amount": 51,
      "boss": false
    },
    {
      "runningTotal": 40,
      "npcId": 9911,
      "npcName": "Blurite Werewolf",
      "amount": 40,
      "boss": false
    },
    {
      "runningTotal": 32,
      "npcId": 9835,
      "npcName": "Blurite Demon",
      "amount": 32,
      "boss": false
    },
    {
      "runningTotal": 504,
      "npcId": 9026,
      "npcName": "Eragon",
      "amount": 504,
      "boss": false
    },
    {
      "runningTotal": 20,
      "npcId": 9027,
      "npcName": "Blurite Orc",
      "amount": 20,
      "boss": false
    },
    {
      "runningTotal": 11,
      "npcId": 9837,
      "npcName": "Blurite Goblin",
      "amount": 11,
      "boss": false
    },
    {
      "runningTotal": 0,
      "npcId": 1265,
      "npcName": "Oracle Lion",
      "amount": 0,
      "boss": false
    },
    {
      "runningTotal": 400,
      "npcId": 9815,
      "npcName": "Kol\u0027gal",
      "amount": 400,
      "boss": false
    },
    {
      "runningTotal": 106,
      "npcId": 9029,
      "npcName": "Nightmare",
      "amount": 106,
      "boss": false
    },
    {
      "runningTotal": 124,
      "npcId": 9030,
      "npcName": "Patience",
      "amount": 124,
      "boss": false
    },
    {
      "runningTotal": 307,
      "npcId": 3831,
      "npcName": "Zernath",
      "amount": 307,
      "boss": true
    },
    {
      "runningTotal": 525,
      "npcId": 3313,
      "npcName": "Miscreation",
      "amount": 525,
      "boss": false
    },
    {
      "runningTotal": 525,
      "npcId": 92,
      "npcName": "Maze Guardian",
      "amount": 525,
      "boss": false
    },
    {
      "runningTotal": 308,
      "npcId": 9817,
      "npcName": "Yisdar",
      "amount": 308,
      "boss": false
    },
    {
      "runningTotal": 545,
      "npcId": 9025,
      "npcName": "Avalon",
      "amount": 545,
      "boss": false
    },
    {
      "runningTotal": 504,
      "npcId": 9836,
      "npcName": "Doomwatcher",
      "amount": 504,
      "boss": false
    },
    {
      "runningTotal": 525,
      "npcId": 8008,
      "npcName": "Avatar titan",
      "amount": 525,
      "boss": false
    },
    {
      "runningTotal": 659,
      "npcId": 1906,
      "npcName": "Zorbak",
      "amount": 659,
      "boss": false
    },
    {
      "runningTotal": 119,
      "npcId": 9915,
      "npcName": "Death God",
      "amount": 119,
      "boss": false
    }
  ],
  "drops": [
    {
      "item": 995,
      "amount": 197938412,
      "rareDrop": false
    },
    {
      "item": 2023,
      "amount": 11426,
      "rareDrop": false
    },
    {
      "item": 19986,
      "amount": 2,
      "rareDrop": false
    },
    {
      "item": 10946,
      "amount": 50,
      "rareDrop": false
    },
    {
      "item": 19989,
      "amount": 1,
      "rareDrop": false
    },
    {
      "item": 20400,
      "amount": 2,
      "rareDrop": false
    },
    {
      "item": 19991,
      "amount": 2,
      "rareDrop": false
    },
    {
      "item": 19984,
      "amount": 1,
      "rareDrop": false
    },
    {
      "item": 20089,
      "amount": 4,
      "rareDrop": false
    },
    {
      "item": 20087,
      "amount": 6,
      "rareDrop": false
    },
    {
      "item": 23020,
      "amount": 15,
      "rareDrop": false
    },
    {
      "item": 20086,
      "amount": 1,
      "rareDrop": false
    },
    {
      "item": 20091,
      "amount": 4,
      "rareDrop": false
    },
    {
      "item": 20093,
      "amount": 2,
      "rareDrop": false
    },
    {
      "item": 18009,
      "amount": 1,
      "rareDrop": false
    },
    {
      "item": 23052,
      "amount": 2,
      "rareDrop": false
    },
    {
      "item": 23054,
      "amount": 1,
      "rareDrop": false
    },
    {
      "item": 23051,
      "amount": 2,
      "rareDrop": false
    },
    {
      "item": 13300,
      "amount": 1,
      "rareDrop": false
    },
    {
      "item": 20088,
      "amount": 1,
      "rareDrop": false
    },
    {
      "item": 20092,
      "amount": 3,
      "rareDrop": false
    },
    {
      "item": 14487,
      "amount": 4,
      "rareDrop": false
    },
    {
      "item": 23031,
      "amount": 2,
      "rareDrop": false
    },
    {
      "item": 21040,
      "amount": 2,
      "rareDrop": false
    },
    {
      "item": 21037,
      "amount": 2,
      "rareDrop": false
    },
    {
      "item": 8819,
      "amount": 2,
      "rareDrop": false
    },
    {
      "item": 23146,
      "amount": 2,
      "rareDrop": false
    },
    {
      "item": 16021,
      "amount": 2,
      "rareDrop": false
    },
    {
      "item": 8804,
      "amount": 2,
      "rareDrop": false
    },
    {
      "item": 8803,
      "amount": 2,
      "rareDrop": false
    }
  ],
  "achievements-completion": [],
  "achievements-progress": [
    0,
    0,
    0,
    0,
    0,
    0,
    0,
    0,
    0,
    0,
    0,
    0,
    0,
    0,
    0,
    0,
    0,
    0,
    0,
    0,
    0,
    0,
    0,
    0,
    0,
    0,
    0,
    0,
    0,
    0,
    0,
    0,
    0,
    0,
    0,
    0,
    0,
    0,
    0,
    0,
    0,
    0,
    0,
    0,
    0,
    0,
    0,
    0,
    0,
    0,
    0,
    0,
    0
  ],
  "fri13may16": false,
  "spiritdebug": false,
  "reffered": false,
  "indung": false,
  "toggledglobalmessages": false,
  "flying": false,
  "canfly": false,
  "ghostwalking": false,
  "canghostwalk": false,
  "barrowschests": 0,
  "cluesteps": 0,
  "difficulty": "MODERN",
  "secondary-equipment-slots-unlocked": [
    false,
    false,
    false,
    false,
    false,
    false,
    false,
    false,
    false,
    false,
    false,
    false,
    false,
    false,
    false
  ],
  "hween2016": [
    false,
    false,
    false,
    false,
    false,
    false,
    false
  ],
  "donehween2016": false,
  "christmas2016": 0,
  "newYear2017": 0,
  "easter2017": 0,
  "hcimdunginventory": [
    {
      "id": -1,
      "amount": 0,
      "slot": 0,
      "bonus": {
        "effect": "NOTHING",
        "rarity": "COMMON",
        "bonus": 0
      }
    },
    {
      "id": -1,
      "amount": 0,
      "slot": 0,
      "bonus": {
        "effect": "NOTHING",
        "rarity": "COMMON",
        "bonus": 0
      }
    },
    {
      "id": -1,
      "amount": 0,
      "slot": 0,
      "bonus": {
        "effect": "NOTHING",
        "rarity": "COMMON",
        "bonus": 0
      }
    },
    {
      "id": -1,
      "amount": 0,
      "slot": 0,
      "bonus": {
        "effect": "NOTHING",
        "rarity": "COMMON",
        "bonus": 0
      }
    },
    {
      "id": -1,
      "amount": 0,
      "slot": 0,
      "bonus": {
        "effect": "NOTHING",
        "rarity": "COMMON",
        "bonus": 0
      }
    },
    {
      "id": -1,
      "amount": 0,
      "slot": 0,
      "bonus": {
        "effect": "NOTHING",
        "rarity": "COMMON",
        "bonus": 0
      }
    },
    {
      "id": -1,
      "amount": 0,
      "slot": 0,
      "bonus": {
        "effect": "NOTHING",
        "rarity": "COMMON",
        "bonus": 0
      }
    },
    {
      "id": -1,
      "amount": 0,
      "slot": 0,
      "bonus": {
        "effect": "NOTHING",
        "rarity": "COMMON",
        "bonus": 0
      }
    },
    {
      "id": -1,
      "amount": 0,
      "slot": 0,
      "bonus": {
        "effect": "NOTHING",
        "rarity": "COMMON",
        "bonus": 0
      }
    },
    {
      "id": -1,
      "amount": 0,
      "slot": 0,
      "bonus": {
        "effect": "NOTHING",
        "rarity": "COMMON",
        "bonus": 0
      }
    },
    {
      "id": -1,
      "amount": 0,
      "slot": 0,
      "bonus": {
        "effect": "NOTHING",
        "rarity": "COMMON",
        "bonus": 0
      }
    },
    {
      "id": -1,
      "amount": 0,
      "slot": 0,
      "bonus": {
        "effect": "NOTHING",
        "rarity": "COMMON",
        "bonus": 0
      }
    },
    {
      "id": -1,
      "amount": 0,
      "slot": 0,
      "bonus": {
        "effect": "NOTHING",
        "rarity": "COMMON",
        "bonus": 0
      }
    },
    {
      "id": -1,
      "amount": 0,
      "slot": 0,
      "bonus": {
        "effect": "NOTHING",
        "rarity": "COMMON",
        "bonus": 0
      }
    },
    {
      "id": -1,
      "amount": 0,
      "slot": 0,
      "bonus": {
        "effect": "NOTHING",
        "rarity": "COMMON",
        "bonus": 0
      }
    },
    {
      "id": -1,
      "amount": 0,
      "slot": 0,
      "bonus": {
        "effect": "NOTHING",
        "rarity": "COMMON",
        "bonus": 0
      }
    },
    {
      "id": -1,
      "amount": 0,
      "slot": 0,
      "bonus": {
        "effect": "NOTHING",
        "rarity": "COMMON",
        "bonus": 0
      }
    },
    {
      "id": -1,
      "amount": 0,
      "slot": 0,
      "bonus": {
        "effect": "NOTHING",
        "rarity": "COMMON",
        "bonus": 0
      }
    },
    {
      "id": -1,
      "amount": 0,
      "slot": 0,
      "bonus": {
        "effect": "NOTHING",
        "rarity": "COMMON",
        "bonus": 0
      }
    },
    {
      "id": -1,
      "amount": 0,
      "slot": 0,
      "bonus": {
        "effect": "NOTHING",
        "rarity": "COMMON",
        "bonus": 0
      }
    },
    {
      "id": -1,
      "amount": 0,
      "slot": 0,
      "bonus": {
        "effect": "NOTHING",
        "rarity": "COMMON",
        "bonus": 0
      }
    },
    {
      "id": -1,
      "amount": 0,
      "slot": 0,
      "bonus": {
        "effect": "NOTHING",
        "rarity": "COMMON",
        "bonus": 0
      }
    },
    {
      "id": -1,
      "amount": 0,
      "slot": 0,
      "bonus": {
        "effect": "NOTHING",
        "rarity": "COMMON",
        "bonus": 0
      }
    },
    {
      "id": -1,
      "amount": 0,
      "slot": 0,
      "bonus": {
        "effect": "NOTHING",
        "rarity": "COMMON",
        "bonus": 0
      }
    },
    {
      "id": -1,
      "amount": 0,
      "slot": 0,
      "bonus": {
        "effect": "NOTHING",
        "rarity": "COMMON",
        "bonus": 0
      }
    },
    {
      "id": -1,
      "amount": 0,
      "slot": 0,
      "bonus": {
        "effect": "NOTHING",
        "rarity": "COMMON",
        "bonus": 0
      }
    },
    {
      "id": -1,
      "amount": 0,
      "slot": 0,
      "bonus": {
        "effect": "NOTHING",
        "rarity": "COMMON",
        "bonus": 0
      }
    },
    {
      "id": -1,
      "amount": 0,
      "slot": 0,
      "bonus": {
        "effect": "NOTHING",
        "rarity": "COMMON",
        "bonus": 0
      }
    }
  ],
  "hcimdungequipment": [
    {
      "id": -1,
      "amount": 0,
      "slot": 0,
      "bonus": {
        "effect": "NOTHING",
        "rarity": "COMMON",
        "bonus": 0
      }
    },
    {
      "id": -1,
      "amount": 0,
      "slot": 0,
      "bonus": {
        "effect": "NOTHING",
        "rarity": "COMMON",
        "bonus": 0
      }
    },
    {
      "id": -1,
      "amount": 0,
      "slot": 0,
      "bonus": {
        "effect": "NOTHING",
        "rarity": "COMMON",
        "bonus": 0
      }
    },
    {
      "id": -1,
      "amount": 0,
      "slot": 0,
      "bonus": {
        "effect": "NOTHING",
        "rarity": "COMMON",
        "bonus": 0
      }
    },
    {
      "id": -1,
      "amount": 0,
      "slot": 0,
      "bonus": {
        "effect": "NOTHING",
        "rarity": "COMMON",
        "bonus": 0
      }
    },
    {
      "id": -1,
      "amount": 0,
      "slot": 0,
      "bonus": {
        "effect": "NOTHING",
        "rarity": "COMMON",
        "bonus": 0
      }
    },
    {
      "id": -1,
      "amount": 0,
      "slot": 0,
      "bonus": {
        "effect": "NOTHING",
        "rarity": "COMMON",
        "bonus": 0
      }
    },
    {
      "id": -1,
      "amount": 0,
      "slot": 0,
      "bonus": {
        "effect": "NOTHING",
        "rarity": "COMMON",
        "bonus": 0
      }
    },
    {
      "id": -1,
      "amount": 0,
      "slot": 0,
      "bonus": {
        "effect": "NOTHING",
        "rarity": "COMMON",
        "bonus": 0
      }
    },
    {
      "id": -1,
      "amount": 0,
      "slot": 0,
      "bonus": {
        "effect": "NOTHING",
        "rarity": "COMMON",
        "bonus": 0
      }
    },
    {
      "id": -1,
      "amount": 0,
      "slot": 0,
      "bonus": {
        "effect": "NOTHING",
        "rarity": "COMMON",
        "bonus": 0
      }
    },
    {
      "id": -1,
      "amount": 0,
      "slot": 0,
      "bonus": {
        "effect": "NOTHING",
        "rarity": "COMMON",
        "bonus": 0
      }
    },
    {
      "id": -1,
      "amount": 0,
      "slot": 0,
      "bonus": {
        "effect": "NOTHING",
        "rarity": "COMMON",
        "bonus": 0
      }
    },
    {
      "id": -1,
      "amount": 0,
      "slot": 0,
      "bonus": {
        "effect": "NOTHING",
        "rarity": "COMMON",
        "bonus": 0
      }
    },
    {
      "id": -1,
      "amount": 0,
      "slot": 0,
      "bonus": {
        "effect": "NOTHING",
        "rarity": "COMMON",
        "bonus": 0
      }
    },
    {
      "id": -1,
      "amount": 0,
      "slot": 0,
      "bonus": {
        "effect": "NOTHING",
        "rarity": "COMMON",
        "bonus": 0
      }
    },
    {
      "id": -1,
      "amount": 0,
      "slot": 0,
      "bonus": {
        "effect": "NOTHING",
        "rarity": "COMMON",
        "bonus": 0
      }
    },
    {
      "id": -1,
      "amount": 0,
      "slot": 0,
      "bonus": {
        "effect": "NOTHING",
        "rarity": "COMMON",
        "bonus": 0
      }
    },
    {
      "id": -1,
      "amount": 0,
      "slot": 0,
      "bonus": {
        "effect": "NOTHING",
        "rarity": "COMMON",
        "bonus": 0
      }
    },
    {
      "id": -1,
      "amount": 0,
      "slot": 0,
      "bonus": {
        "effect": "NOTHING",
        "rarity": "COMMON",
        "bonus": 0
      }
    },
    {
      "id": -1,
      "amount": 0,
      "slot": 0,
      "bonus": {
        "effect": "NOTHING",
        "rarity": "COMMON",
        "bonus": 0
      }
    },
    {
      "id": -1,
      "amount": 0,
      "slot": 0,
      "bonus": {
        "effect": "NOTHING",
        "rarity": "COMMON",
        "bonus": 0
      }
    },
    {
      "id": -1,
      "amount": 0,
      "slot": 0,
      "bonus": {
        "effect": "NOTHING",
        "rarity": "COMMON",
        "bonus": 0
      }
    },
    {
      "id": -1,
      "amount": 0,
      "slot": 0,
      "bonus": {
        "effect": "NOTHING",
        "rarity": "COMMON",
        "bonus": 0
      }
    },
    {
      "id": -1,
      "amount": 0,
      "slot": 0,
      "bonus": {
        "effect": "NOTHING",
        "rarity": "COMMON",
        "bonus": 0
      }
    },
    {
      "id": -1,
      "amount": 0,
      "slot": 0,
      "bonus": {
        "effect": "NOTHING",
        "rarity": "COMMON",
        "bonus": 0
      }
    },
    {
      "id": -1,
      "amount": 0,
      "slot": 0,
      "bonus": {
        "effect": "NOTHING",
        "rarity": "COMMON",
        "bonus": 0
      }
    },
    {
      "id": -1,
      "amount": 0,
      "slot": 0,
      "bonus": {
        "effect": "NOTHING",
        "rarity": "COMMON",
        "bonus": 0
      }
    }
  ],
  "bonecrusheffect": true,
  "p-tps": [
    0,
    0,
    0,
    0
  ],
  "yell-tit": "null",
  "afkstall1": 0,
  "afkstall2": 0,
  "afkstall3": 0,
  "achievements-points": 0,
  "achievements-amount": [
    [
      0,
      18,
      100,
      100,
      100,
      250,
      250,
      250,
      350,
      20,
      400,
      308,
      335,
      307,
      500,
      100,
      5000,
      27,
      0,
      0,
      0,
      0,
      0,
      0,
      0,
      0,
      0,
      0,
      0,
      0,
      0,
      0,
      0,
      0,
      0,
      0,
      0,
      0,
      0,
      0,
      0,
      0,
      0,
      0,
      0,
      0,
      0,
      0,
      0,
      0,
      0,
      0,
      0,
      0,
      0,
      0,
      0,
      0,
      0,
      0,
      0,
      0,
      0,
      0,
      0,
      0,
      0,
      0,
      0,
      0,
      0,
      0,
      0,
      0,
      0,
      0,
      0,
      0,
      0,
      0,
      0,
      0,
      0,
      0,
      0,
      0,
      0,
      0,
      0,
      0,
      0,
      0,
      0,
      0,
      0,
      0,
      0,
      0,
      0,
      0
    ],
    [
      0,
      31,
      504,
      525,
      525,
      525,
      659,
      119,
      0,
      20,
      0,
      0,
      0,
      0,
      0,
      1000,
      8498,
      0,
      0,
      0,
      0,
      0,
      0,
      0,
      0,
      0,
      0,
      0,
      0,
      0,
      0,
      0,
      0,
      0,
      0,
      0,
      0,
      0,
      0,
      0,
      0,
      0,
      0,
      0,
      0,
      0,
      0,
      0,
      0,
      0,
      0,
      0,
      0,
      0,
      0,
      0,
      0,
      0,
      0,
      0,
      0,
      0,
      0,
      0,
      0,
      0,
      0,
      0,
      0,
      0,
      0,
      0,
      0,
      0,
      0,
      0,
      0,
      0,
      0,
      0,
      0,
      0,
      0,
      0,
      0,
      0,
      0,
      0,
      0,
      0,
      0,
      0,
      0,
      0,
      0,
      0,
      0,
      0,
      0,
      0
    ],
    [
      0,
      31,
      0,
      0,
      0,
      0,
      0,
      0,
      0,
      20,
      0,
      0,
      0,
      0,
      0,
      0,
      10000,
      8498,
      0,
      0,
      0,
      0,
      0,
      0,
      0,
      0,
      0,
      0,
      0,
      0,
      0,
      0,
      0,
      0,
      0,
      0,
      0,
      0,
      0,
      0,
      0,
      0,
      0,
      0,
      0,
      0,
      0,
      0,
      0,
      0,
      0,
      0,
      0,
      0,
      0,
      0,
      0,
      0,
      0,
      0,
      0,
      0,
      0,
      0,
      0,
      0,
      0,
      0,
      0,
      0,
      0,
      0,
      0,
      0,
      0,
      0,
      0,
      0,
      0,
      0,
      0,
      0,
      0,
      0,
      0,
      0,
      0,
      0,
      0,
      0,
      0,
      0,
      0,
      0,
      0,
      0,
      0,
      0,
      0,
      0
    ],
    [
      0,
      0,
      0,
      0,
      0,
      0,
      0,
      0,
      0,
      0,
      0,
      0,
      0,
      0,
      0,
      0,
      0,
      0,
      0,
      0,
      0,
      0,
      0,
      0,
      0,
      0,
      0,
      0,
      0,
      0,
      0,
      0,
      0,
      0,
      0,
      0,
      0,
      0,
      0,
      0,
      0,
      0,
      0,
      0,
      0,
      0,
      0,
      0,
      0,
      0,
      0,
      0,
      0,
      0,
      0,
      0,
      0,
      0,
      0,
      0,
      0,
      0,
      0,
      0,
      0,
      0,
      0,
      0,
      0,
      0,
      0,
      0,
      0,
      0,
      0,
      0,
      0,
      0,
      0,
      0,
      0,
      0,
      0,
      0,
      0,
      0,
      0,
      0,
      0,
      0,
      0,
      0,
      0,
      0,
      0,
      0,
      0,
      0,
      0,
      0
    ]
  ],
  "achievements-completed": [
    [
      false,
      true,
      true,
      true,
      true,
      true,
      true,
      true,
      true,
      true,
      true,
      false,
      false,
      false,
      true,
      true,
      true,
      false,
      false,
      false,
      false,
      false,
      false,
      false,
      false,
      false,
      false,
      false,
      false,
      false,
      false,
      false,
      false,
      false,
      false,
      false,
      false,
      false,
      false,
      false,
      false,
      false,
      false,
      false,
      false,
      false,
      false,
      false,
      false,
      false,
      false,
      false,
      false,
      false,
      false,
      false,
      false,
      false,
      false,
      false,
      false,
      false,
      false,
      false,
      false,
      false,
      false,
      false,
      false,
      false,
      false,
      false,
      false,
      false,
      false,
      false,
      false,
      false,
      false,
      false,
      false,
      false,
      false,
      false,
      false,
      false,
      false,
      false,
      false,
      false,
      false,
      false,
      false,
      false,
      false,
      false,
      false,
      false,
      false,
      false
    ],
    [
      false,
      false,
      false,
      false,
      false,
      false,
      false,
      false,
      false,
      false,
      false,
      false,
      false,
      false,
      false,
      true,
      false,
      false,
      false,
      false,
      false,
      false,
      false,
      false,
      false,
      false,
      false,
      false,
      false,
      false,
      false,
      false,
      false,
      false,
      false,
      false,
      false,
      false,
      false,
      false,
      false,
      false,
      false,
      false,
      false,
      false,
      false,
      false,
      false,
      false,
      false,
      false,
      false,
      false,
      false,
      false,
      false,
      false,
      false,
      false,
      false,
      false,
      false,
      false,
      false,
      false,
      false,
      false,
      false,
      false,
      false,
      false,
      false,
      false,
      false,
      false,
      false,
      false,
      false,
      false,
      false,
      false,
      false,
      false,
      false,
      false,
      false,
      false,
      false,
      false,
      false,
      false,
      false,
      false,
      false,
      false,
      false,
      false,
      false,
      false
    ],
    [
      false,
      false,
      false,
      false,
      false,
      false,
      false,
      false,
      false,
      false,
      false,
      false,
      false,
      false,
      false,
      false,
      true,
      false,
      false,
      false,
      false,
      false,
      false,
      false,
      false,
      false,
      false,
      false,
      false,
      false,
      false,
      false,
      false,
      false,
      false,
      false,
      false,
      false,
      false,
      false,
      false,
      false,
      false,
      false,
      false,
      false,
      false,
      false,
      false,
      false,
      false,
      false,
      false,
      false,
      false,
      false,
      false,
      false,
      false,
      false,
      false,
      false,
      false,
      false,
      false,
      false,
      false,
      false,
      false,
      false,
      false,
      false,
      false,
      false,
      false,
      false,
      false,
      false,
      false,
      false,
      false,
      false,
      false,
      false,
      false,
      false,
      false,
      false,
      false,
      false,
      false,
      false,
      false,
      false,
      false,
      false,
      false,
      false,
      false,
      false
    ],
    [
      false,
      false,
      false,
      false,
      false,
      false,
      false,
      false,
      false,
      false,
      false,
      false,
      false,
      false,
      false,
      false,
      false,
      false,
      false,
      false,
      false,
      false,
      false,
      false,
      false,
      false,
      false,
      false,
      false,
      false,
      false,
      false,
      false,
      false,
      false,
      false,
      false,
      false,
      false,
      false,
      false,
      false,
      false,
      false,
      false,
      false,
      false,
      false,
      false,
      false,
      false,
      false,
      false,
      false,
      false,
      false,
      false,
      false,
      false,
      false,
      false,
      false,
      false,
      false,
      false,
      false,
      false,
      false,
      false,
      false,
      false,
      false,
      false,
      false,
      false,
      false,
      false,
      false,
      false,
      false,
      false,
      false,
      false,
      false,
      false,
      false,
      false,
      false,
      false,
      false,
      false,
      false,
      false,
      false,
      false,
      false,
      false,
      false,
      false,
      false
    ]
  ],
  "achievements-daily": 322,
  "progression-zones": [
    11,
    20,
    32,
    40,
    51
  ],
  "zones-complete": [
    true,
    true,
    true,
    true,
    true
  ],
  "gamble-banned": false,
  "lucifers-unlocked": false,
  "dark-supremes-unlocked": false,
  "currency-pouch": {
    "upgradeTokens": 0,
    "pvmTickets": 0,
    "afkTickets": 0,
    "slayerTickets": 0,
    "voteScrolls": 0,
    "petFragments": 0,
    "instanceTokens": 0,
    "goldCharms": 0,
    "greenCharms": 0,
    "crimsonCharms": 0,
    "blueCharms": 0
  },
  "lastTGloveIndex": -1,
  "group-ironman-locked": false,
  "lastInstanceNpc": 9026,
  "daily-task": {
    "GLOBAL_BOSSES": {
      "index": 0,
      "deadlineTimestamp": 1682175417129,
      "completedAmount": 2,
      "assignedAmount": 2,
      "title": "Global Bosses",
      "itemId": 0,
      "description": "Kill 2 global bosses.",
      "key": "GLOBAL_BOSSES",
      "timespan": "DAILY",
      "claimedReward": false
    }
  },
  "collectionlog-rewards": {
    "9920": {
      "canClaim": false,
      "hasClaimed": false
    },
    "9025": {
      "canClaim": false,
      "hasClaimed": false
    },
    "9026": {
      "canClaim": true,
      "hasClaimed": false
    },
    "9922": {
      "canClaim": false,
      "hasClaimed": false
    },
    "8003": {
      "canClaim": false,
      "hasClaimed": false
    },
    "9027": {
      "canClaim": false,
      "hasClaimed": false
    },
    "9028": {
      "canClaim": false,
      "hasClaimed": false
    },
    "9029": {
      "canClaim": false,
      "hasClaimed": false
    },
    "9030": {
      "canClaim": false,
      "hasClaimed": false
    },
    "8008": {
      "canClaim": true,
      "hasClaimed": false
    },
    "202": {
      "canClaim": false,
      "hasClaimed": false
    },
    "8013": {
      "canClaim": false,
      "hasClaimed": false
    },
    "8014": {
      "canClaim": true,
      "hasClaimed": true
    },
    "9807": {
      "canClaim": true,
      "hasClaimed": false
    },
    "9815": {
      "canClaim": false,
      "hasClaimed": false
    },
    "9817": {
      "canClaim": false,
      "hasClaimed": false
    },
    "92": {
      "canClaim": false,
      "hasClaimed": false
    },
    "6692": {
      "canClaim": true,
      "hasClaimed": true
    },
    "811": {
      "canClaim": false,
      "hasClaimed": false
    },
    "9835": {
      "canClaim": false,
      "hasClaimed": false
    },
    "9836": {
      "canClaim": false,
      "hasClaimed": false
    },
    "9837": {
      "canClaim": false,
      "hasClaimed": false
    },
    "9838": {
      "canClaim": false,
      "hasClaimed": false
    },
    "9904": {
      "canClaim": false,
      "hasClaimed": false
    },
    "3313": {
      "canClaim": false,
      "hasClaimed": false
    },
    "1906": {
      "canClaim": false,
      "hasClaimed": false
    },
    "9906": {
      "canClaim": false,
      "hasClaimed": false
    },
    "9907": {
      "canClaim": false,
      "hasClaimed": false
    },
    "9908": {
      "canClaim": false,
      "hasClaimed": false
    },
    "9845": {
      "canClaim": false,
      "hasClaimed": false
    },
    "9910": {
      "canClaim": true,
      "hasClaimed": false
    },
    "3831": {
      "canClaim": false,
      "hasClaimed": false
    },
    "9911": {
      "canClaim": false,
      "hasClaimed": false
    },
    "9915": {
      "canClaim": false,
      "hasClaimed": false
    }
  },
  "daily-skips": 3,
  "dailies-done": 1,
  "daily-task-info": "Your daily task is: @red@Kill 2 global bosses. @bla@Progress: @red@0/2@bla@.",
  "level-notifications": true,
  "dailies-received-times": [
    1682081112736,
    1682089017129,
    -1
  ],
  "favorite-teleports": [],
  "obtained-pets": [
    "SANCTUM_GOLEM_PET"
  ],
  "battlepass-xp": 0,
  "battlepass-premium": false,
  "mini-me-equipment": [
    null,
    null,
    null,
    null,
    null,
    null,
    null,
    null,
    null,
    null,
    null,
    null,
    null,
    null
  ],
  "drystreak": {
    "9920": 89,
    "9025": 18,
    "9026": 90,
    "9922": 8,
    "8003": 10,
    "9027": 20,
    "9028": 21,
    "9029": 19,
    "9030": 4,
    "8008": 122,
    "202": 17,
    "8013": 0,
    "8014": 46,
    "9807": 0,
    "9815": 14,
    "9817": 8,
    "92": 131,
    "6692": 3,
    "811": 78,
    "9835": 27,
    "9836": 109,
    "9837": 11,
    "9838": 8,
    "9904": 0,
    "3313": 15,
    "1906": 152,
    "9906": 0,
    "9907": 0,
    "9908": 0,
    "9845": 2,
    "9910": 0,
    "3831": 67,
    "9911": 30,
    "9915": 119
  },
  "boost": 0,
  "slot-level": 0
}