{
  "shop": [
    {
      "id": 17544,
      "amount": 2,
      "maxAmount": 2,
      "price": 3900000,
      "effect": "NOTHING",
      "bonus": 0
    },
    {
      "id": 13774,
      "amount": 1,
      "maxAmount": 1,
      "price": 7000000,
      "effect": "NOTHING",
      "bonus": 0
    },
    {
      "id": 8410,
      "amount": 2,
      "maxAmount": 2,
      "price": 3300000,
      "effect": "NOTHING",
      "bonus": 0
    },
    {
      "id": 4075,
      "amount": 1,
      "maxAmount": 1,
      "price": 6900000,
      "effect": "ALL_DAMAGE_HIGH",
      "bonus": 3
    },
    {
      "id": 4075,
      "amount": 1,
      "maxAmount": 1,
      "price": 6600000,
      "effect": "NOTHING",
      "bonus": 0
    },
    {
      "id": 23174,
      "amount": 1,
      "maxAmount": 2,
      "price": 3400000,
      "effect": "NOTHING",
      "bonus": 0
    },
    {
      "id": 15100,
      "amount": 1,
      "maxAmount": 1,
      "price": 75000000,
      "effect": "DROP_RATE_HIGH",
      "bonus": 95
    },
    null,
    null,
    null,
    null,
    null,
    null,
    null,
    null,
    null,
    null,
    null,
    null,
    null,
    null,
    null,
    null,
    null,
    null,
    null,
    null,
    null,
    null,
    null,
    null,
    null
  ],
  "earnings": 4500000
}