{
  "shop": [
    {
      "id": 15358,
      "amount": 1,
      "maxAmount": 1,
      "price": 1000000,
      "effect": "NOTHING",
      "bonus": 0
    },
    {
      "id": 20583,
      "amount": 1,
      "maxAmount": 2,
      "price": 250000,
      "effect": "NOTHING",
      "bonus": 0
    },
    {
      "id": 22131,
      "amount": 1,
      "maxAmount": 1,
      "price": 50000000,
      "effect": "DROP_RATE_HIGH",
      "bonus": 51
    },
    {
      "id": 13329,
      "amount": 2,
      "maxAmount": 3,
      "price": 3000000,
      "effect": "NOTHING",
      "bonus": 0
    },
    {
      "id": 23174,
      "amount": 1,
      "maxAmount": 2,
      "price": 6000000,
      "effect": "NOTHING",
      "bonus": 0
    },
    {
      "id": 14440,
      "amount": 3,
      "maxAmount": 3,
      "price": 15000000,
      "effect": "NOTHING",
      "bonus": 0
    },
    {
      "id": 2380,
      "amount": 3,
      "maxAmount": 3,
      "price": 1600000,
      "effect": "NOTHING",
      "bonus": 0
    },
    null,
    null,
    null,
    null,
    null,
    null,
    null,
    null,
    null,
    null,
    null,
    null,
    null,
    null,
    null,
    null,
    null,
    null,
    null,
    null,
    null,
    null,
    null,
    null,
    null
  ],
  "earnings": 0
}