{
  "username": "Uldemon",
  "total-play-time": 0,
  "staff-rights": "MYSTICAL_DONATOR",
  "game-mode": "NORMAL",
  "yellhexcolor": "ffffff",
  "position": {
    "x": 2227,
    "y": 3729,
    "z": 0
  },
  "online-status": "ON",
  "given-starter": true,
  "has-pin2": false,
  "saved-pin2": null,
  "donated": 1331,
  "current-boss-task": 0,
  "current-boss-amount": 0,
  "global-rate": 0,
  "peng-rate": 0,
  "slayer-rate": 0,
  "has-completed-boss-task": false,
  "current-daily-task-id": "",
  "current-daily-task-amount": 0,
  "current-daily-task-x-pos": 0,
  "current-daily-task-y-pos": 0,
  "current-daily-task-z-pos": 0,
  "current-daily-task-reward": 0,
  "uim-bank": {},
  "dg-floor": 0,
  "dg-prestige": 0,
  "clue-task": "NO_TASK",
  "clue-kc": 0,
  "daysVoted": 0,
  "totalTimesClaimed": 0,
  "longestDaysVoted": 0,
  "timeUntilNextReward": 0,
  "lastVoted": "",
  "current-voting-streak": 0,
  "entriesCurrency": 0.0,
  "amount-donated-today": 1331,
  "claimed-first": false,
  "claimed-second": false,
  "claimed-third": false,
  "last-donation": 0,
  "last-time-reset": 0,
  "is-secondary-equipment": false,
  "lastlogin": 1684886826361,
  "lastdailyclaim": 0,
  "lastvotetime": 0,
  "hasvotedtoday": false,
  "day1claimed": false,
  "day2claimed": false,
  "day3claimed": false,
  "day4claimed": false,
  "day5claimed": false,
  "day6claimed": false,
  "day7claimed": false,
  "minutes-bonus-exp": 645,
  "minutes-voting-dr": -1,
  "minutes-voting-dmg": 0,
  "total-gained-exp": -1341700096,
  "barrows-points": 0,
  "donator-points": 524,
  "Skilling-points": 0,
  "prestige-points": 0,
  "achievement-points": 0,
  "dung-tokens": 0,
  "commendations": 0,
  "loyalty-points": 0,
  "total-loyalty-points": 0.0,
  "godmodetime": 0,
  "voting-points": 30,
  "tasks-completion": [
    false,
    false,
    false,
    true,
    true,
    false
  ],
  "tasks-progress": [
    999,
    0,
    0,
    0,
    0,
    0,
    0,
    0,
    0,
    0,
    0,
    0,
    0,
    0,
    0,
    0,
    0,
    0,
    0,
    0,
    0,
    0,
    0,
    0,
    0,
    0,
    0,
    0,
    0,
    0,
    0,
    0,
    0,
    0,
    0,
    0,
    0,
    0,
    0,
    0,
    0,
    0,
    0,
    0,
    0,
    0,
    0,
    0,
    0,
    0,
    0,
    0,
    0,
    0,
    0
  ],
  "total-prestiges": 0,
  "slayer-spree": 101,
  "npc-killcount": 139247,
  "spawn-killcount": 0,
  "lord-killcount": 0,
  "demon-killcount": 1947,
  "dragon-killcount": 0,
  "beast-killcount": 0,
  "king-killcount": 0,
  "avatar-killcount": 552,
  "angel-killcount": 50,
  "lucien-killcount": 0,
  "hercules-killcount": 0,
  "satan-killcount": 201,
  "zeus-killcount": 0,
  "mini-lucifer-killcount": 0,
  "lucifer-killcount": 1244,
  "event-points": 0,
  "boss-points": 0,
  "shilling-rate": 0,
  "slayer-points": 0,
  "pk-points": 0,
  "player-kills": 0,
  "player-killstreak": 0,
  "player-deaths": 0,
  "target-percentage": 0,
  "bh-rank": -1,
  "gender": "MALE",
  "spell-book": "NORMAL",
  "prayer-book": "HOLY",
  "running": true,
  "run-energy": 100,
  "music": false,
  "sounds": false,
  "auto-retaliate": true,
  "xp-locked": false,
  "veng-cast": false,
  "last-veng": 337572602,
  "fight-type": "LONGBOW_RAPID",
  "sol-effect": 0,
  "skull-timer": 0,
  "fuse-combination-timer": 0,
  "fuse-item-selected": 0,
  "claimed-fuse-item": true,
  "fuse-in-progress": false,
  "accept-aid": false,
  "poison-damage": 0,
  "poison-immunity": 0,
  "overload-timer": 0,
  "aggro-timer": 0,
  "exp-timer": 0,
  "dr-timer": 0,
  "ddr-timer": 0,
  "dmg-timer": 0,
  "double-dr-timer": 0,
  "double-ddr-timer": 0,
  "double-dmg-timer": 1,
  "fire-immunity": 0,
  "fire-damage-mod": 0,
  "prayer-renewal-timer": 0,
  "teleblock-timer": 0,
  "special-amount": 100,
  "entered-gwd-room": false,
  "gwd-altar-delay": 0,
  "gwd-killcount": [
    0,
    0,
    0,
    0
  ],
  "effigy": 0,
  "summon-npc": 1312,
  "summon-death": -1,
  "process-farming": false,
  "clanchat": "Help",
  "autocast": false,
  "autocast-spell": -1,
  "dfs-charges": 0,
  "coins-gambled": 0,
  "slayer-master": "MEDIUM_SLAYER",
  "slayer-task": "NO_TASK",
  "prev-slayer-task": "DRAGONITE",
  "task-amount": 0,
  "task-streak": 86,
  "duo-partner": "null",
  "double-slay-xp": false,
  "recoil-deg": 0,
  "blowpipe-deg": 0,
  "brawlers-deg": [
    0,
    0,
    0,
    0,
    0,
    0,
    0,
    0,
    0,
    0,
    0
  ],
  "ancient-deg": [
    0,
    0,
    0,
    0,
    0,
    0,
    0,
    0,
    0,
    0,
    0,
    0,
    0,
    0,
    0
  ],
  "killed-players": [],
  "killed-gods": [
    false,
    false,
    false,
    false,
    false
  ],
  "vod-brother": [
    [
      9029,
      0
    ],
    [
      9028,
      0
    ],
    [
      9030,
      0
    ]
  ],
  "vod-killcount": 0,
  "hov-killcount": 0,
  "barrows-brother": [
    [
      2030,
      0
    ],
    [
      2029,
      0
    ],
    [
      2028,
      0
    ],
    [
      2027,
      0
    ],
    [
      2026,
      0
    ],
    [
      2025,
      0
    ]
  ],
  "random-coffin": 0,
  "barrows-killcount": 0,
  "nomad": [
    false,
    false
  ],
  "recipe-for-disaster": [
    false,
    false,
    false,
    false,
    false,
    false,
    false,
    false,
    false
  ],
  "recipe-for-disaster-wave": 0,
  "clue-progress": 0,
  "dung-items-bound": [
    0,
    0,
    0,
    0,
    0
  ],
  "collection-data": [
    {
      "npcId": 9837,
      "item": 995,
      "amount": 109
    },
    {
      "npcId": 9837,
      "item": 2023,
      "amount": 10
    },
    {
      "npcId": 9837,
      "item": 19988,
      "amount": 2
    },
    {
      "npcId": 9837,
      "item": 20400,
      "amount": 1
    },
    {
      "npcId": 9027,
      "item": 995,
      "amount": 222
    },
    {
      "npcId": 9027,
      "item": 2023,
      "amount": 23
    },
    {
      "npcId": 9027,
      "item": 19988,
      "amount": 1
    },
    {
      "npcId": 9835,
      "item": 995,
      "amount": 333
    },
    {
      "npcId": 9835,
      "item": 2023,
      "amount": 34
    },
    {
      "npcId": 9835,
      "item": 19989,
      "amount": 1
    },
    {
      "npcId": 9835,
      "item": 19992,
      "amount": 1
    },
    {
      "npcId": 9911,
      "item": 995,
      "amount": 460
    },
    {
      "npcId": 9911,
      "item": 2023,
      "amount": 61
    },
    {
      "npcId": 9911,
      "item": 19985,
      "amount": 1
    },
    {
      "npcId": 9911,
      "item": 19992,
      "amount": 2
    },
    {
      "npcId": 9911,
      "item": 19986,
      "amount": 2
    },
    {
      "npcId": 9911,
      "item": 19989,
      "amount": 1
    },
    {
      "npcId": 9922,
      "item": 995,
      "amount": 577
    },
    {
      "npcId": 9922,
      "item": 2023,
      "amount": 78
    },
    {
      "npcId": 9922,
      "item": 19984,
      "amount": 4
    },
    {
      "npcId": 9922,
      "item": 19989,
      "amount": 2
    },
    {
      "npcId": 9922,
      "item": 19991,
      "amount": 4
    },
    {
      "npcId": 9922,
      "item": 19985,
      "amount": 3
    },
    {
      "npcId": 9922,
      "item": 19986,
      "amount": 2
    },
    {
      "npcId": 9922,
      "item": 19988,
      "amount": 2
    },
    {
      "npcId": 9922,
      "item": 20400,
      "amount": 1
    },
    {
      "npcId": 587,
      "item": 23058,
      "amount": 14
    },
    {
      "npcId": 587,
      "item": 23020,
      "amount": 10
    },
    {
      "npcId": 9838,
      "item": 995,
      "amount": 816
    },
    {
      "npcId": 9838,
      "item": 2023,
      "amount": 217
    },
    {
      "npcId": 9838,
      "item": 20088,
      "amount": 2
    },
    {
      "npcId": 9838,
      "item": 20089,
      "amount": 3
    },
    {
      "npcId": 9838,
      "item": 14487,
      "amount": 7
    },
    {
      "npcId": 9838,
      "item": 20092,
      "amount": 5
    },
    {
      "npcId": 9838,
      "item": 20091,
      "amount": 2
    },
    {
      "npcId": 9838,
      "item": 20093,
      "amount": 2
    },
    {
      "npcId": 9845,
      "item": 995,
      "amount": 915
    },
    {
      "npcId": 9845,
      "item": 2023,
      "amount": 216
    },
    {
      "npcId": 9845,
      "item": 20089,
      "amount": 4
    },
    {
      "npcId": 9845,
      "item": 20092,
      "amount": 6
    },
    {
      "npcId": 9845,
      "item": 20088,
      "amount": 6
    },
    {
      "npcId": 9845,
      "item": 20087,
      "amount": 4
    },
    {
      "npcId": 8013,
      "item": 10946,
      "amount": 11
    },
    {
      "npcId": 8013,
      "item": 23020,
      "amount": 9
    },
    {
      "npcId": 9845,
      "item": 20086,
      "amount": 3
    },
    {
      "npcId": 9906,
      "item": 995,
      "amount": 1124991
    },
    {
      "npcId": 9906,
      "item": 2023,
      "amount": 38
    },
    {
      "npcId": 9910,
      "item": 995,
      "amount": 1010
    },
    {
      "npcId": 9910,
      "item": 2023,
      "amount": 212
    },
    {
      "npcId": 9910,
      "item": 20092,
      "amount": 3
    },
    {
      "npcId": 9910,
      "item": 20088,
      "amount": 3
    },
    {
      "npcId": 9910,
      "item": 20086,
      "amount": 4
    },
    {
      "npcId": 9910,
      "item": 20089,
      "amount": 7
    },
    {
      "npcId": 9910,
      "item": 20091,
      "amount": 5
    },
    {
      "npcId": 9910,
      "item": 20087,
      "amount": 4
    },
    {
      "npcId": 9807,
      "item": 995,
      "amount": 1105
    },
    {
      "npcId": 9807,
      "item": 2023,
      "amount": 207
    },
    {
      "npcId": 9807,
      "item": 20089,
      "amount": 6
    },
    {
      "npcId": 9807,
      "item": 20087,
      "amount": 2
    },
    {
      "npcId": 9807,
      "item": 20091,
      "amount": 1
    },
    {
      "npcId": 9807,
      "item": 20088,
      "amount": 4
    },
    {
      "npcId": 9807,
      "item": 20092,
      "amount": 3
    },
    {
      "npcId": 9807,
      "item": 20086,
      "amount": 5
    },
    {
      "npcId": 6692,
      "item": 995,
      "amount": 1161
    },
    {
      "npcId": 6692,
      "item": 2023,
      "amount": 162
    },
    {
      "npcId": 6692,
      "item": 17999,
      "amount": 2
    },
    {
      "npcId": 6692,
      "item": 18003,
      "amount": 3
    },
    {
      "npcId": 6692,
      "item": 18001,
      "amount": 4
    },
    {
      "npcId": 6692,
      "item": 18009,
      "amount": 1
    },
    {
      "npcId": 6692,
      "item": 18005,
      "amount": 6
    },
    {
      "npcId": 6692,
      "item": 18011,
      "amount": 2
    },
    {
      "npcId": 9028,
      "item": 995,
      "amount": 1502
    },
    {
      "npcId": 9028,
      "item": 2023,
      "amount": 3
    },
    {
      "npcId": 8014,
      "item": 995,
      "amount": 3412
    },
    {
      "npcId": 8014,
      "item": 2023,
      "amount": 1409
    },
    {
      "npcId": 8014,
      "item": 23050,
      "amount": 5
    },
    {
      "npcId": 9030,
      "item": 995,
      "amount": 1693
    },
    {
      "npcId": 9030,
      "item": 2023,
      "amount": 194
    },
    {
      "npcId": 9030,
      "item": 23035,
      "amount": 3
    },
    {
      "npcId": 9030,
      "item": 23037,
      "amount": 1
    },
    {
      "npcId": 9030,
      "item": 23039,
      "amount": 1
    },
    {
      "npcId": 9030,
      "item": 23036,
      "amount": 1
    },
    {
      "npcId": 9030,
      "item": 23034,
      "amount": 1
    },
    {
      "npcId": 8014,
      "item": 23051,
      "amount": 7
    },
    {
      "npcId": 8014,
      "item": 23055,
      "amount": 7
    },
    {
      "npcId": 8014,
      "item": 23054,
      "amount": 7
    },
    {
      "npcId": 8014,
      "item": 23056,
      "amount": 4
    },
    {
      "npcId": 8014,
      "item": 23052,
      "amount": 4
    },
    {
      "npcId": 8003,
      "item": 995,
      "amount": 4472
    },
    {
      "npcId": 8003,
      "item": 2023,
      "amount": 1467
    },
    {
      "npcId": 8003,
      "item": 4367,
      "amount": 4
    },
    {
      "npcId": 8003,
      "item": 19135,
      "amount": 2
    },
    {
      "npcId": 8003,
      "item": 20593,
      "amount": 7
    },
    {
      "npcId": 8003,
      "item": 19892,
      "amount": 3
    },
    {
      "npcId": 8003,
      "item": 8334,
      "amount": 10
    },
    {
      "npcId": 8003,
      "item": 20592,
      "amount": 2
    },
    {
      "npcId": 202,
      "item": 995,
      "amount": 4201
    },
    {
      "npcId": 202,
      "item": 2023,
      "amount": 201
    },
    {
      "npcId": 9807,
      "item": 14487,
      "amount": 4
    },
    {
      "npcId": 9807,
      "item": 20093,
      "amount": 1
    },
    {
      "npcId": 9838,
      "item": 20086,
      "amount": 2
    },
    {
      "npcId": 9838,
      "item": 20087,
      "amount": 4
    },
    {
      "npcId": 9910,
      "item": 20093,
      "amount": 2
    },
    {
      "npcId": 9845,
      "item": 14487,
      "amount": 4
    },
    {
      "npcId": 9845,
      "item": 20091,
      "amount": 1
    },
    {
      "npcId": 9845,
      "item": 20093,
      "amount": 3
    },
    {
      "npcId": 202,
      "item": 18683,
      "amount": 1
    },
    {
      "npcId": 202,
      "item": 13306,
      "amount": 1
    },
    {
      "npcId": 202,
      "item": 13301,
      "amount": 1
    },
    {
      "npcId": 202,
      "item": 13300,
      "amount": 1
    },
    {
      "npcId": 9904,
      "item": 995,
      "amount": 2984616
    },
    {
      "npcId": 9904,
      "item": 2023,
      "amount": 43
    },
    {
      "npcId": 9907,
      "item": 10946,
      "amount": 2
    },
    {
      "npcId": 9907,
      "item": 2023,
      "amount": 101
    },
    {
      "npcId": 811,
      "item": 995,
      "amount": 5327
    },
    {
      "npcId": 811,
      "item": 2023,
      "amount": 327
    },
    {
      "npcId": 811,
      "item": 21063,
      "amount": 1
    },
    {
      "npcId": 811,
      "item": 21064,
      "amount": 2
    },
    {
      "npcId": 811,
      "item": 21066,
      "amount": 1
    },
    {
      "npcId": 9815,
      "item": 995,
      "amount": 6207
    },
    {
      "npcId": 9815,
      "item": 2023,
      "amount": 206
    },
    {
      "npcId": 9815,
      "item": 21036,
      "amount": 1
    },
    {
      "npcId": 9026,
      "item": 995,
      "amount": 11533
    },
    {
      "npcId": 9026,
      "item": 2023,
      "amount": 540
    },
    {
      "npcId": 3831,
      "item": 995,
      "amount": 9482
    },
    {
      "npcId": 3831,
      "item": 2023,
      "amount": 481
    },
    {
      "npcId": 3831,
      "item": 14377,
      "amount": 3
    },
    {
      "npcId": 9817,
      "item": 995,
      "amount": 7170
    },
    {
      "npcId": 9817,
      "item": 2023,
      "amount": 168
    },
    {
      "npcId": 9817,
      "item": 23135,
      "amount": 2
    },
    {
      "npcId": 9025,
      "item": 995,
      "amount": 10405
    },
    {
      "npcId": 9025,
      "item": 2023,
      "amount": 408
    },
    {
      "npcId": 9025,
      "item": 8819,
      "amount": 1
    },
    {
      "npcId": 9815,
      "item": 21039,
      "amount": 1
    },
    {
      "npcId": 3313,
      "item": 995,
      "amount": 14501
    },
    {
      "npcId": 3313,
      "item": 2023,
      "amount": 495
    },
    {
      "npcId": 9836,
      "item": 995,
      "amount": 12486
    },
    {
      "npcId": 9836,
      "item": 2023,
      "amount": 487
    },
    {
      "npcId": 9920,
      "item": 995,
      "amount": 8269
    },
    {
      "npcId": 9920,
      "item": 2023,
      "amount": 273
    },
    {
      "npcId": 9025,
      "item": 8818,
      "amount": 1
    },
    {
      "npcId": 92,
      "item": 995,
      "amount": 13493
    },
    {
      "npcId": 92,
      "item": 2023,
      "amount": 496
    },
    {
      "npcId": 9817,
      "item": 23134,
      "amount": 1
    },
    {
      "npcId": 9815,
      "item": 21037,
      "amount": 1
    },
    {
      "npcId": 8003,
      "item": 8335,
      "amount": 3
    },
    {
      "npcId": 8003,
      "item": 11140,
      "amount": 5
    },
    {
      "npcId": 9918,
      "item": 995,
      "amount": 22355
    },
    {
      "npcId": 9918,
      "item": 2023,
      "amount": 1359
    },
    {
      "npcId": 1906,
      "item": 995,
      "amount": 16608
    },
    {
      "npcId": 1906,
      "item": 2023,
      "amount": 610
    },
    {
      "npcId": 9914,
      "item": 995,
      "amount": 24460
    },
    {
      "npcId": 9914,
      "item": 2023,
      "amount": 1471
    },
    {
      "npcId": 8008,
      "item": 995,
      "amount": 15568
    },
    {
      "npcId": 8008,
      "item": 2023,
      "amount": 560
    },
    {
      "npcId": 1906,
      "item": 8809,
      "amount": 1
    },
    {
      "npcId": 9915,
      "item": 995,
      "amount": 17735
    },
    {
      "npcId": 9915,
      "item": 2023,
      "amount": 729
    },
    {
      "npcId": 9839,
      "item": 995,
      "amount": 26650
    },
    {
      "npcId": 3014,
      "item": 995,
      "amount": 34383
    },
    {
      "npcId": 9806,
      "item": 995,
      "amount": 27294
    },
    {
      "npcId": 1746,
      "item": 995,
      "amount": 30923
    },
    {
      "npcId": 9816,
      "item": 995,
      "amount": 27754
    },
    {
      "npcId": 3013,
      "item": 995,
      "amount": 33340
    },
    {
      "npcId": 9817,
      "item": 23136,
      "amount": 1
    },
    {
      "npcId": 9920,
      "item": 14913,
      "amount": 1
    },
    {
      "npcId": 9920,
      "item": 14912,
      "amount": 1
    },
    {
      "npcId": 3831,
      "item": 14732,
      "amount": 1
    },
    {
      "npcId": 3831,
      "item": 12864,
      "amount": 1
    },
    {
      "npcId": 9025,
      "item": 8820,
      "amount": 2
    },
    {
      "npcId": 9026,
      "item": 23145,
      "amount": 1
    },
    {
      "npcId": 9026,
      "item": 23146,
      "amount": 1
    },
    {
      "npcId": 9026,
      "item": 23144,
      "amount": 1
    },
    {
      "npcId": 9836,
      "item": 12614,
      "amount": 3
    },
    {
      "npcId": 92,
      "item": 17710,
      "amount": 2
    },
    {
      "npcId": 92,
      "item": 5428,
      "amount": 2
    },
    {
      "npcId": 3313,
      "item": 21045,
      "amount": 1
    },
    {
      "npcId": 3313,
      "item": 21046,
      "amount": 1
    },
    {
      "npcId": 3313,
      "item": 21047,
      "amount": 1
    },
    {
      "npcId": 8008,
      "item": 8805,
      "amount": 4
    },
    {
      "npcId": 1906,
      "item": 8806,
      "amount": 2
    },
    {
      "npcId": 9915,
      "item": 14051,
      "amount": 1
    },
    {
      "npcId": 9915,
      "item": 14053,
      "amount": 2
    },
    {
      "npcId": 2342,
      "item": 995,
      "amount": 18639
    },
    {
      "npcId": 2342,
      "item": 2023,
      "amount": 642
    },
    {
      "npcId": 2342,
      "item": 11002,
      "amount": 2
    },
    {
      "npcId": 2342,
      "item": 11003,
      "amount": 2
    },
    {
      "npcId": 9024,
      "item": 995,
      "amount": 19851
    },
    {
      "npcId": 9024,
      "item": 2023,
      "amount": 855
    },
    {
      "npcId": 9024,
      "item": 11181,
      "amount": 1
    },
    {
      "npcId": 9024,
      "item": 11179,
      "amount": 2
    },
    {
      "npcId": 9024,
      "item": 11184,
      "amount": 1
    },
    {
      "npcId": 9916,
      "item": 995,
      "amount": 20856
    },
    {
      "npcId": 9916,
      "item": 2023,
      "amount": 856
    },
    {
      "npcId": 9916,
      "item": 23093,
      "amount": 2
    },
    {
      "npcId": 9916,
      "item": 23094,
      "amount": 1
    },
    {
      "npcId": 9918,
      "item": 21029,
      "amount": 1
    },
    {
      "npcId": 9918,
      "item": 21030,
      "amount": 3
    },
    {
      "npcId": 9919,
      "item": 995,
      "amount": 23061
    },
    {
      "npcId": 9919,
      "item": 2023,
      "amount": 1064
    },
    {
      "npcId": 9919,
      "item": 12994,
      "amount": 1
    },
    {
      "npcId": 9919,
      "item": 15888,
      "amount": 1
    },
    {
      "npcId": 9919,
      "item": 15924,
      "amount": 1
    },
    {
      "npcId": 9919,
      "item": 16023,
      "amount": 1
    },
    {
      "npcId": 9919,
      "item": 15935,
      "amount": 1
    },
    {
      "npcId": 9914,
      "item": 17596,
      "amount": 1
    },
    {
      "npcId": 9914,
      "item": 22125,
      "amount": 1
    },
    {
      "npcId": 9914,
      "item": 22122,
      "amount": 1
    },
    {
      "npcId": 9914,
      "item": 12610,
      "amount": 1
    },
    {
      "npcId": 9903,
      "item": 995,
      "amount": 28864
    },
    {
      "npcId": 587,
      "item": 17542,
      "amount": 4
    },
    {
      "npcId": 8010,
      "item": 995,
      "amount": 36012
    },
    {
      "npcId": 9918,
      "item": 21028,
      "amount": 1
    },
    {
      "npcId": 9918,
      "item": 17391,
      "amount": 1
    },
    {
      "npcId": 9908,
      "item": 10946,
      "amount": 2
    },
    {
      "npcId": 9908,
      "item": 2023,
      "amount": 300
    },
    {
      "npcId": 9903,
      "item": 23068,
      "amount": 1
    },
    {
      "npcId": 3010,
      "item": 995,
      "amount": 63298
    },
    {
      "npcId": 9017,
      "item": 995,
      "amount": 97325
    },
    {
      "npcId": 9017,
      "item": 15646,
      "amount": 1
    },
    {
      "npcId": 9017,
      "item": 15645,
      "amount": 1
    },
    {
      "npcId": 9839,
      "item": 21022,
      "amount": 1
    },
    {
      "npcId": 8002,
      "item": 995,
      "amount": 117327
    },
    {
      "npcId": 8002,
      "item": 14018,
      "amount": 1
    },
    {
      "npcId": 8002,
      "item": 19160,
      "amount": 1
    },
    {
      "npcId": 3010,
      "item": 8813,
      "amount": 1
    },
    {
      "npcId": 3014,
      "item": 22137,
      "amount": 1
    },
    {
      "npcId": 8010,
      "item": 19918,
      "amount": 1
    },
    {
      "npcId": 3016,
      "item": 995,
      "amount": 141337
    },
    {
      "npcId": 4972,
      "item": 995,
      "amount": 145231
    },
    {
      "npcId": 4972,
      "item": 14200,
      "amount": 1
    },
    {
      "npcId": 9012,
      "item": 995,
      "amount": 149329
    },
    {
      "npcId": 3019,
      "item": 995,
      "amount": 152886
    }
  ],
  "holy-prayers-unlocked": [
    false,
    false,
    false,
    false,
    true,
    true
  ],
  "rune-ess": 0,
  "pure-ess": 0,
  "has-bank-pin": false,
  "last-pin-attempt": 0,
  "invalid-pin-attempts": 0,
  "bank-pin": [
    0,
    0,
    0,
    0
  ],
  "appearance": [
    0,
    0,
    18,
    26,
    33,
    36,
    42,
    11,
    0,
    15,
    0,
    0,
    0
  ],
  "agility-obj": [
    false,
    false,
    false,
    false,
    false,
    false,
    false
  ],
  "skills": {
    "level": [
      120,
      120,
      120,
      1200,
      120,
      1200,
      120,
      1,
      100,
      85,
      1,
      1,
      120,
      1,
      99,
      63,
      99,
      85,
      108,
      1,
      99,
      100,
      1,
      1,
      1
    ],
    "maxLevel": [
      120,
      120,
      120,
      1200,
      120,
      1200,
      120,
      1,
      100,
      85,
      1,
      1,
      120,
      1,
      99,
      63,
      99,
      85,
      108,
      1,
      99,
      100,
      1,
      1,
      1
    ],
    "experience": [
      296573472,
      106981620,
      134574186,
      2000000000,
      2000000000,
      155053967,
      2000000000,
      0,
      15467424,
      3443690,
      0,
      0,
      439199752,
      0,
      14278470,
      370194,
      13393200,
      3462696,
      33704160,
      0,
      13815672,
      15853758,
      0,
      0,
      0
    ]
  },
  "inventory": [
    {
      "id": 995,
      "amount": 1997479080,
      "slot": 0,
      "bonus": {
        "effect": "NOTHING",
        "rarity": "COMMON",
        "bonus": 0
      }
    },
    {
      "id": 10835,
      "amount": 345491422,
      "slot": 0,
      "bonus": {
        "effect": "NOTHING",
        "rarity": "COMMON",
        "bonus": 0
      }
    },
    {
      "id": 23126,
      "amount": 1,
      "slot": 0,
      "bonus": null
    },
    {
      "id": 2023,
      "amount": 16373,
      "slot": 0,
      "bonus": {
        "effect": "NOTHING",
        "rarity": "COMMON",
        "bonus": 0
      }
    },
    {
      "id": 23178,
      "amount": 1,
      "slot": 0,
      "bonus": {
        "effect": "NOTHING",
        "rarity": "COMMON",
        "bonus": 0
      }
    },
    {
      "id": 21814,
      "amount": 46,
      "slot": 0,
      "bonus": {
        "effect": "NOTHING",
        "rarity": "COMMON",
        "bonus": 0
      }
    },
    {
      "id": 21815,
      "amount": 41,
      "slot": 0,
      "bonus": {
        "effect": "NOTHING",
        "rarity": "COMMON",
        "bonus": 0
      }
    },
    {
      "id": 21816,
      "amount": 150,
      "slot": 0,
      "bonus": {
        "effect": "NOTHING",
        "rarity": "COMMON",
        "bonus": 0
      }
    },
    {
      "id": 8788,
      "amount": 1,
      "slot": 0,
      "bonus": {
        "effect": "NOTHING",
        "rarity": "COMMON",
        "bonus": 0
      }
    },
    {
      "id": 8788,
      "amount": 1,
      "slot": 0,
      "bonus": {
        "effect": "NOTHING",
        "rarity": "COMMON",
        "bonus": 0
      }
    },
    {
      "id": 8788,
      "amount": 1,
      "slot": 0,
      "bonus": {
        "effect": "NOTHING",
        "rarity": "COMMON",
        "bonus": 0
      }
    },
    {
      "id": 15355,
      "amount": 1,
      "slot": 0,
      "bonus": {
        "effect": "NOTHING",
        "rarity": "COMMON",
        "bonus": 0
      }
    },
    {
      "id": 17542,
      "amount": 1,
      "slot": 0,
      "bonus": {
        "effect": "NOTHING",
        "rarity": "COMMON",
        "bonus": 0
      }
    },
    {
      "id": 4151,
      "amount": 1,
      "slot": 0,
      "bonus": {
        "effect": "NOTHING",
        "rarity": "COMMON",
        "bonus": 0
      }
    },
    {
      "id": 13727,
      "amount": 145,
      "slot": 0,
      "bonus": {
        "effect": "NOTHING",
        "rarity": "COMMON",
        "bonus": 0
      }
    },
    {
      "id": 15358,
      "amount": 1,
      "slot": 0,
      "bonus": {
        "effect": "NOTHING",
        "rarity": "COMMON",
        "bonus": 0
      }
    },
    {
      "id": 15357,
      "amount": 1,
      "slot": 0,
      "bonus": {
        "effect": "NOTHING",
        "rarity": "COMMON",
        "bonus": 0
      }
    },
    {
      "id": 11137,
      "amount": 5,
      "slot": 0,
      "bonus": {
        "effect": "NOTHING",
        "rarity": "COMMON",
        "bonus": 0
      }
    },
    {
      "id": 14200,
      "amount": 1,
      "slot": 0,
      "bonus": {
        "effect": "TRIPLE_KILLS",
        "rarity": "MYTHIC",
        "bonus": 1
      }
    },
    {
      "id": 15359,
      "amount": 1,
      "slot": 0,
      "bonus": {
        "effect": "NOTHING",
        "rarity": "COMMON",
        "bonus": 0
      }
    },
    {
      "id": -1,
      "amount": 0,
      "slot": 0,
      "bonus": {
        "effect": "NOTHING",
        "rarity": "COMMON",
        "bonus": 0
      }
    },
    {
      "id": -1,
      "amount": 0,
      "slot": 0,
      "bonus": {
        "effect": "NOTHING",
        "rarity": "COMMON",
        "bonus": 0
      }
    },
    {
      "id": -1,
      "amount": 0,
      "slot": 0,
      "bonus": {
        "effect": "NOTHING",
        "rarity": "COMMON",
        "bonus": 0
      }
    },
    {
      "id": -1,
      "amount": 0,
      "slot": 0,
      "bonus": {
        "effect": "NOTHING",
        "rarity": "COMMON",
        "bonus": 0
      }
    },
    {
      "id": -1,
      "amount": 0,
      "slot": 0,
      "bonus": {
        "effect": "NOTHING",
        "rarity": "COMMON",
        "bonus": 0
      }
    },
    {
      "id": -1,
      "amount": 0,
      "slot": 0,
      "bonus": {
        "effect": "NOTHING",
        "rarity": "COMMON",
        "bonus": 0
      }
    },
    {
      "id": -1,
      "amount": 0,
      "slot": 0,
      "bonus": {
        "effect": "NOTHING",
        "rarity": "COMMON",
        "bonus": 0
      }
    },
    {
      "id": 14444,
      "amount": 1,
      "slot": 0,
      "bonus": {
        "effect": "DOUBLE_KILLS",
        "rarity": "LEGENDARY",
        "bonus": 1
      }
    }
  ],
  "equipment": [
    {
      "id": 14440,
      "amount": 1,
      "slot": 0,
      "bonus": {
        "effect": "DROP_RATE_HIGH",
        "rarity": "MYTHIC",
        "bonus": 96
      }
    },
    {
      "id": 22109,
      "amount": 1,
      "slot": 0,
      "bonus": {
        "effect": "RANGE_DAMAGE",
        "rarity": "UNCOMMON",
        "bonus": 1
      }
    },
    {
      "id": 4489,
      "amount": 1,
      "slot": 0,
      "bonus": {
        "effect": "DROP_RATE_HIGH",
        "rarity": "MYTHIC",
        "bonus": 98
      }
    },
    {
      "id": 12843,
      "amount": 1,
      "slot": 0,
      "bonus": {
        "effect": "AOE_EFFECT",
        "rarity": "MYTHIC",
        "bonus": 2
      }
    },
    {
      "id": 14446,
      "amount": 1,
      "slot": 0,
      "bonus": {
        "effect": "RANGE_DAMAGE",
        "rarity": "UNCOMMON",
        "bonus": 1
      }
    },
    {
      "id": 15008,
      "amount": 1,
      "slot": 0,
      "bonus": {
        "effect": "DOUBLE_CASH",
        "rarity": "LEGENDARY",
        "bonus": 1
      }
    },
    {
      "id": 15450,
      "amount": 1,
      "slot": 0,
      "bonus": {
        "effect": "DROP_RATE_HIGH",
        "rarity": "MYTHIC",
        "bonus": 97
      }
    },
    {
      "id": 14438,
      "amount": 1,
      "slot": 0,
      "bonus": {
        "effect": "TRIPLE_KILLS",
        "rarity": "MYTHIC",
        "bonus": 2
      }
    },
    {
      "id": 17391,
      "amount": 1,
      "slot": 0,
      "bonus": {
        "effect": "NOTHING",
        "rarity": "COMMON",
        "bonus": 0
      }
    },
    {
      "id": 12864,
      "amount": 1,
      "slot": 0,
      "bonus": {
        "effect": "ALL_DAMAGE_LOW",
        "rarity": "RARE",
        "bonus": 1
      }
    },
    {
      "id": 22141,
      "amount": 1,
      "slot": 0,
      "bonus": {
        "effect": "TRIPLE_KILLS",
        "rarity": "MYTHIC",
        "bonus": 2
      }
    },
    {
      "id": -1,
      "amount": 0,
      "slot": 0,
      "bonus": {
        "effect": "NOTHING",
        "rarity": "COMMON",
        "bonus": 0
      }
    },
    {
      "id": 5521,
      "amount": 1,
      "slot": 0,
      "bonus": {
        "effect": "NOTHING",
        "rarity": "COMMON",
        "bonus": 0
      }
    },
    {
      "id": 23049,
      "amount": 1,
      "slot": 0,
      "bonus": {
        "effect": "NOTHING",
        "rarity": "COMMON",
        "bonus": 0
      }
    },
    {
      "id": -1,
      "amount": 0,
      "slot": 0,
      "bonus": {
        "effect": "NOTHING",
        "rarity": "COMMON",
        "bonus": 0
      }
    }
  ],
  "secondary-equipment": [
    {
      "id": -1,
      "amount": 0,
      "slot": 0,
      "bonus": {
        "effect": "NOTHING",
        "rarity": "COMMON",
        "bonus": 0
      }
    },
    {
      "id": -1,
      "amount": 0,
      "slot": 0,
      "bonus": {
        "effect": "NOTHING",
        "rarity": "COMMON",
        "bonus": 0
      }
    },
    {
      "id": -1,
      "amount": 0,
      "slot": 0,
      "bonus": {
        "effect": "NOTHING",
        "rarity": "COMMON",
        "bonus": 0
      }
    },
    {
      "id": -1,
      "amount": 0,
      "slot": 0,
      "bonus": {
        "effect": "NOTHING",
        "rarity": "COMMON",
        "bonus": 0
      }
    },
    {
      "id": -1,
      "amount": 0,
      "slot": 0,
      "bonus": {
        "effect": "NOTHING",
        "rarity": "COMMON",
        "bonus": 0
      }
    },
    {
      "id": -1,
      "amount": 0,
      "slot": 0,
      "bonus": {
        "effect": "NOTHING",
        "rarity": "COMMON",
        "bonus": 0
      }
    },
    {
      "id": -1,
      "amount": 0,
      "slot": 0,
      "bonus": {
        "effect": "NOTHING",
        "rarity": "COMMON",
        "bonus": 0
      }
    },
    {
      "id": -1,
      "amount": 0,
      "slot": 0,
      "bonus": {
        "effect": "NOTHING",
        "rarity": "COMMON",
        "bonus": 0
      }
    },
    {
      "id": -1,
      "amount": 0,
      "slot": 0,
      "bonus": {
        "effect": "NOTHING",
        "rarity": "COMMON",
        "bonus": 0
      }
    },
    {
      "id": -1,
      "amount": 0,
      "slot": 0,
      "bonus": {
        "effect": "NOTHING",
        "rarity": "COMMON",
        "bonus": 0
      }
    },
    {
      "id": -1,
      "amount": 0,
      "slot": 0,
      "bonus": {
        "effect": "NOTHING",
        "rarity": "COMMON",
        "bonus": 0
      }
    },
    {
      "id": -1,
      "amount": 0,
      "slot": 0,
      "bonus": {
        "effect": "NOTHING",
        "rarity": "COMMON",
        "bonus": 0
      }
    },
    {
      "id": -1,
      "amount": 0,
      "slot": 0,
      "bonus": {
        "effect": "NOTHING",
        "rarity": "COMMON",
        "bonus": 0
      }
    },
    {
      "id": -1,
      "amount": 0,
      "slot": 0,
      "bonus": {
        "effect": "NOTHING",
        "rarity": "COMMON",
        "bonus": 0
      }
    },
    {
      "id": -1,
      "amount": 0,
      "slot": 0,
      "bonus": {
        "effect": "NOTHING",
        "rarity": "COMMON",
        "bonus": 0
      }
    }
  ],
  "preset-equipment": [
    {
      "id": -1,
      "amount": 0,
      "slot": 0,
      "bonus": {
        "effect": "NOTHING",
        "rarity": "COMMON",
        "bonus": 0
      }
    },
    {
      "id": -1,
      "amount": 0,
      "slot": 0,
      "bonus": {
        "effect": "NOTHING",
        "rarity": "COMMON",
        "bonus": 0
      }
    },
    {
      "id": -1,
      "amount": 0,
      "slot": 0,
      "bonus": {
        "effect": "NOTHING",
        "rarity": "COMMON",
        "bonus": 0
      }
    },
    {
      "id": -1,
      "amount": 0,
      "slot": 0,
      "bonus": {
        "effect": "NOTHING",
        "rarity": "COMMON",
        "bonus": 0
      }
    },
    {
      "id": -1,
      "amount": 0,
      "slot": 0,
      "bonus": {
        "effect": "NOTHING",
        "rarity": "COMMON",
        "bonus": 0
      }
    },
    {
      "id": -1,
      "amount": 0,
      "slot": 0,
      "bonus": {
        "effect": "NOTHING",
        "rarity": "COMMON",
        "bonus": 0
      }
    },
    {
      "id": -1,
      "amount": 0,
      "slot": 0,
      "bonus": {
        "effect": "NOTHING",
        "rarity": "COMMON",
        "bonus": 0
      }
    },
    {
      "id": -1,
      "amount": 0,
      "slot": 0,
      "bonus": {
        "effect": "NOTHING",
        "rarity": "COMMON",
        "bonus": 0
      }
    },
    {
      "id": -1,
      "amount": 0,
      "slot": 0,
      "bonus": {
        "effect": "NOTHING",
        "rarity": "COMMON",
        "bonus": 0
      }
    },
    {
      "id": -1,
      "amount": 0,
      "slot": 0,
      "bonus": {
        "effect": "NOTHING",
        "rarity": "COMMON",
        "bonus": 0
      }
    },
    {
      "id": -1,
      "amount": 0,
      "slot": 0,
      "bonus": {
        "effect": "NOTHING",
        "rarity": "COMMON",
        "bonus": 0
      }
    },
    {
      "id": -1,
      "amount": 0,
      "slot": 0,
      "bonus": {
        "effect": "NOTHING",
        "rarity": "COMMON",
        "bonus": 0
      }
    },
    {
      "id": -1,
      "amount": 0,
      "slot": 0,
      "bonus": {
        "effect": "NOTHING",
        "rarity": "COMMON",
        "bonus": 0
      }
    },
    {
      "id": -1,
      "amount": 0,
      "slot": 0,
      "bonus": {
        "effect": "NOTHING",
        "rarity": "COMMON",
        "bonus": 0
      }
    },
    {
      "id": -1,
      "amount": 0,
      "slot": 0,
      "bonus": {
        "effect": "NOTHING",
        "rarity": "COMMON",
        "bonus": 0
      }
    }
  ],
  "offences": [],
  "bank-0": [
    {
      "id": 995,
      "amount": 0,
      "slot": 0,
      "bonus": {
        "effect": "NOTHING",
        "rarity": "COMMON",
        "bonus": 0
      }
    },
    {
      "id": 10835,
      "amount": 0,
      "slot": 0,
      "bonus": {
        "effect": "NOTHING",
        "rarity": "COMMON",
        "bonus": 0
      }
    },
    {
      "id": 23057,
      "amount": 0,
      "slot": 0,
      "bonus": {
        "effect": "NOTHING",
        "rarity": "COMMON",
        "bonus": 0
      }
    },
    {
      "id": 23058,
      "amount": 1,
      "slot": 0,
      "bonus": {
        "effect": "NOTHING",
        "rarity": "COMMON",
        "bonus": 0
      }
    },
    {
      "id": 10946,
      "amount": 5,
      "slot": 0,
      "bonus": {
        "effect": "NOTHING",
        "rarity": "COMMON",
        "bonus": 0
      }
    },
    {
      "id": 23020,
      "amount": 3,
      "slot": 0,
      "bonus": {
        "effect": "NOTHING",
        "rarity": "COMMON",
        "bonus": 0
      }
    },
    {
      "id": 2023,
      "amount": 0,
      "slot": 0,
      "bonus": {
        "effect": "NOTHING",
        "rarity": "COMMON",
        "bonus": 0
      }
    },
    {
      "id": 5023,
      "amount": 0,
      "slot": 0,
      "bonus": {
        "effect": "NOTHING",
        "rarity": "COMMON",
        "bonus": 0
      }
    },
    {
      "id": 15250,
      "amount": 9,
      "slot": 0,
      "bonus": {
        "effect": "NOTHING",
        "rarity": "COMMON",
        "bonus": 0
      }
    },
    {
      "id": 20503,
      "amount": 36,
      "slot": 0,
      "bonus": {
        "effect": "NOTHING",
        "rarity": "COMMON",
        "bonus": 0
      }
    },
    {
      "id": 3024,
      "amount": 88,
      "slot": 0,
      "bonus": {
        "effect": "NOTHING",
        "rarity": "COMMON",
        "bonus": 0
      }
    },
    {
      "id": 17817,
      "amount": 99,
      "slot": 0,
      "bonus": {
        "effect": "NOTHING",
        "rarity": "COMMON",
        "bonus": 0
      }
    },
    {
      "id": 8788,
      "amount": 0,
      "slot": 0,
      "bonus": {
        "effect": "NOTHING",
        "rarity": "COMMON",
        "bonus": 0
      }
    },
    {
      "id": 13727,
      "amount": 645,
      "slot": 0,
      "bonus": {
        "effect": "NOTHING",
        "rarity": "COMMON",
        "bonus": 0
      }
    },
    {
      "id": 23126,
      "amount": 1,
      "slot": 0,
      "bonus": {
        "effect": "NOTHING",
        "rarity": "COMMON",
        "bonus": 0
      }
    },
    {
      "id": 23123,
      "amount": 2,
      "slot": 0,
      "bonus": {
        "effect": "NOTHING",
        "rarity": "COMMON",
        "bonus": 0
      }
    },
    {
      "id": 13650,
      "amount": 11000,
      "slot": 0,
      "bonus": {
        "effect": "NOTHING",
        "rarity": "COMMON",
        "bonus": 0
      }
    },
    {
      "id": 12843,
      "amount": 0,
      "slot": 0,
      "bonus": {
        "effect": "AOE_EFFECT",
        "rarity": "MYTHIC",
        "bonus": 2
      }
    },
    {
      "id": 14446,
      "amount": 0,
      "slot": 0,
      "bonus": {
        "effect": "RANGE_DAMAGE",
        "rarity": "UNCOMMON",
        "bonus": 1
      }
    },
    {
      "id": 14438,
      "amount": 0,
      "slot": 0,
      "bonus": {
        "effect": "TRIPLE_KILLS",
        "rarity": "MYTHIC",
        "bonus": 2
      }
    },
    {
      "id": 14440,
      "amount": 0,
      "slot": 0,
      "bonus": {
        "effect": "DOUBLE_KILLS",
        "rarity": "LEGENDARY",
        "bonus": 2
      }
    },
    {
      "id": 5521,
      "amount": 0,
      "slot": 0,
      "bonus": {
        "effect": "NOTHING",
        "rarity": "COMMON",
        "bonus": 0
      }
    },
    {
      "id": 14444,
      "amount": 0,
      "slot": 0,
      "bonus": {
        "effect": "DOUBLE_KILLS",
        "rarity": "LEGENDARY",
        "bonus": 1
      }
    },
    {
      "id": 4073,
      "amount": 0,
      "slot": 0,
      "bonus": {
        "effect": "NOTHING",
        "rarity": "COMMON",
        "bonus": 0
      }
    },
    {
      "id": 17391,
      "amount": 0,
      "slot": 0,
      "bonus": {
        "effect": "NOTHING",
        "rarity": "COMMON",
        "bonus": 0
      }
    },
    {
      "id": 15008,
      "amount": 0,
      "slot": 0,
      "bonus": {
        "effect": "NOTHING",
        "rarity": "COMMON",
        "bonus": 0
      }
    },
    {
      "id": 4489,
      "amount": 0,
      "slot": 0,
      "bonus": {
        "effect": "NOTHING",
        "rarity": "COMMON",
        "bonus": 0
      }
    },
    {
      "id": 15008,
      "amount": 0,
      "slot": 0,
      "bonus": {
        "effect": "DOUBLE_CASH",
        "rarity": "LEGENDARY",
        "bonus": 1
      }
    },
    {
      "id": 11137,
      "amount": 149,
      "slot": 0,
      "bonus": {
        "effect": "NOTHING",
        "rarity": "COMMON",
        "bonus": 0
      }
    }
  ],
  "bank-1": [
    {
      "id": 15358,
      "amount": 2,
      "slot": 0,
      "bonus": {
        "effect": "NOTHING",
        "rarity": "COMMON",
        "bonus": 0
      }
    },
    {
      "id": 15355,
      "amount": 2,
      "slot": 0,
      "bonus": {
        "effect": "NOTHING",
        "rarity": "COMMON",
        "bonus": 0
      }
    },
    {
      "id": 23174,
      "amount": 3,
      "slot": 0,
      "bonus": {
        "effect": "NOTHING",
        "rarity": "COMMON",
        "bonus": 0
      }
    },
    {
      "id": 23178,
      "amount": 0,
      "slot": 0,
      "bonus": {
        "effect": "NOTHING",
        "rarity": "COMMON",
        "bonus": 0
      }
    },
    {
      "id": 2380,
      "amount": 5,
      "slot": 0,
      "bonus": {
        "effect": "NOTHING",
        "rarity": "COMMON",
        "bonus": 0
      }
    },
    {
      "id": 2382,
      "amount": 6,
      "slot": 0,
      "bonus": {
        "effect": "NOTHING",
        "rarity": "COMMON",
        "bonus": 0
      }
    },
    {
      "id": 2381,
      "amount": 10,
      "slot": 0,
      "bonus": {
        "effect": "NOTHING",
        "rarity": "COMMON",
        "bonus": 0
      }
    },
    {
      "id": 21816,
      "amount": 0,
      "slot": 0,
      "bonus": {
        "effect": "NOTHING",
        "rarity": "COMMON",
        "bonus": 0
      }
    },
    {
      "id": 21815,
      "amount": 0,
      "slot": 0,
      "bonus": {
        "effect": "NOTHING",
        "rarity": "COMMON",
        "bonus": 0
      }
    },
    {
      "id": 21814,
      "amount": 0,
      "slot": 0,
      "bonus": {
        "effect": "NOTHING",
        "rarity": "COMMON",
        "bonus": 0
      }
    },
    {
      "id": 9084,
      "amount": 2,
      "slot": 0,
      "bonus": {
        "effect": "NOTHING",
        "rarity": "COMMON",
        "bonus": 0
      }
    },
    {
      "id": 1027,
      "amount": 1,
      "slot": 0,
      "bonus": {
        "effect": "NOTHING",
        "rarity": "COMMON",
        "bonus": 0
      }
    },
    {
      "id": 17546,
      "amount": 2,
      "slot": 0,
      "bonus": {
        "effect": "NOTHING",
        "rarity": "COMMON",
        "bonus": 0
      }
    },
    {
      "id": 17544,
      "amount": 4,
      "slot": 0,
      "bonus": {
        "effect": "NOTHING",
        "rarity": "COMMON",
        "bonus": 0
      }
    },
    {
      "id": 3086,
      "amount": 3,
      "slot": 0,
      "bonus": {
        "effect": "NOTHING",
        "rarity": "COMMON",
        "bonus": 0
      }
    },
    {
      "id": 3092,
      "amount": 0,
      "slot": 0,
      "bonus": {
        "effect": "NOTHING",
        "rarity": "COMMON",
        "bonus": 0
      }
    },
    {
      "id": 1033,
      "amount": 1,
      "slot": 0,
      "bonus": {
        "effect": "NOTHING",
        "rarity": "COMMON",
        "bonus": 0
      }
    },
    {
      "id": 3094,
      "amount": 1,
      "slot": 0,
      "bonus": {
        "effect": "NOTHING",
        "rarity": "COMMON",
        "bonus": 0
      }
    },
    {
      "id": 3088,
      "amount": 2,
      "slot": 0,
      "bonus": {
        "effect": "NOTHING",
        "rarity": "COMMON",
        "bonus": 0
      }
    },
    {
      "id": 17542,
      "amount": 7,
      "slot": 0,
      "bonus": {
        "effect": "NOTHING",
        "rarity": "COMMON",
        "bonus": 0
      }
    },
    {
      "id": 6953,
      "amount": 1,
      "slot": 0,
      "bonus": {
        "effect": "NOTHING",
        "rarity": "COMMON",
        "bonus": 0
      }
    },
    {
      "id": 945,
      "amount": 2,
      "slot": 0,
      "bonus": {
        "effect": "NOTHING",
        "rarity": "COMMON",
        "bonus": 0
      }
    },
    {
      "id": 1015,
      "amount": 1,
      "slot": 0,
      "bonus": {
        "effect": "NOTHING",
        "rarity": "COMMON",
        "bonus": 0
      }
    },
    {
      "id": 1011,
      "amount": 1,
      "slot": 0,
      "bonus": {
        "effect": "NOTHING",
        "rarity": "COMMON",
        "bonus": 0
      }
    },
    {
      "id": 1021,
      "amount": 2,
      "slot": 0,
      "bonus": {
        "effect": "NOTHING",
        "rarity": "COMMON",
        "bonus": 0
      }
    },
    {
      "id": 942,
      "amount": 3,
      "slot": 0,
      "bonus": {
        "effect": "NOTHING",
        "rarity": "COMMON",
        "bonus": 0
      }
    },
    {
      "id": 1005,
      "amount": 4,
      "slot": 0,
      "bonus": {
        "effect": "NOTHING",
        "rarity": "COMMON",
        "bonus": 0
      }
    },
    {
      "id": 943,
      "amount": 3,
      "slot": 0,
      "bonus": {
        "effect": "NOTHING",
        "rarity": "COMMON",
        "bonus": 0
      }
    },
    {
      "id": 732,
      "amount": 1,
      "slot": 0,
      "bonus": {
        "effect": "NOTHING",
        "rarity": "COMMON",
        "bonus": 0
      }
    },
    {
      "id": 1007,
      "amount": 1,
      "slot": 0,
      "bonus": {
        "effect": "NOTHING",
        "rarity": "COMMON",
        "bonus": 0
      }
    },
    {
      "id": 777,
      "amount": 69,
      "slot": 0,
      "bonus": {
        "effect": "NOTHING",
        "rarity": "COMMON",
        "bonus": 0
      }
    },
    {
      "id": 916,
      "amount": 4,
      "slot": 0,
      "bonus": {
        "effect": "NOTHING",
        "rarity": "COMMON",
        "bonus": 0
      }
    },
    {
      "id": 815,
      "amount": 4,
      "slot": 0,
      "bonus": {
        "effect": "NOTHING",
        "rarity": "COMMON",
        "bonus": 0
      }
    },
    {
      "id": 913,
      "amount": 7,
      "slot": 0,
      "bonus": {
        "effect": "NOTHING",
        "rarity": "COMMON",
        "bonus": 0
      }
    },
    {
      "id": 940,
      "amount": 1,
      "slot": 0,
      "bonus": {
        "effect": "NOTHING",
        "rarity": "COMMON",
        "bonus": 0
      }
    },
    {
      "id": 919,
      "amount": 1,
      "slot": 0,
      "bonus": {
        "effect": "NOTHING",
        "rarity": "COMMON",
        "bonus": 0
      }
    },
    {
      "id": 783,
      "amount": 5,
      "slot": 0,
      "bonus": {
        "effect": "NOTHING",
        "rarity": "COMMON",
        "bonus": 0
      }
    },
    {
      "id": 934,
      "amount": 3,
      "slot": 0,
      "bonus": {
        "effect": "NOTHING",
        "rarity": "COMMON",
        "bonus": 0
      }
    },
    {
      "id": 789,
      "amount": 6,
      "slot": 0,
      "bonus": {
        "effect": "NOTHING",
        "rarity": "COMMON",
        "bonus": 0
      }
    },
    {
      "id": 795,
      "amount": 1,
      "slot": 0,
      "bonus": {
        "effect": "NOTHING",
        "rarity": "COMMON",
        "bonus": 0
      }
    },
    {
      "id": 928,
      "amount": 1,
      "slot": 0,
      "bonus": {
        "effect": "NOTHING",
        "rarity": "COMMON",
        "bonus": 0
      }
    },
    {
      "id": 922,
      "amount": 1,
      "slot": 0,
      "bonus": {
        "effect": "NOTHING",
        "rarity": "COMMON",
        "bonus": 0
      }
    },
    {
      "id": 937,
      "amount": 1,
      "slot": 0,
      "bonus": {
        "effect": "NOTHING",
        "rarity": "COMMON",
        "bonus": 0
      }
    }
  ],
  "bank-2": [
    {
      "id": 11002,
      "amount": 0,
      "slot": 0,
      "bonus": {
        "effect": "ALL_DAMAGE_LOW",
        "rarity": "RARE",
        "bonus": 1
      }
    },
    {
      "id": 14053,
      "amount": 0,
      "slot": 0,
      "bonus": {
        "effect": "DROP_RATE_LOW",
        "rarity": "RARE",
        "bonus": 16
      }
    },
    {
      "id": 8820,
      "amount": 1,
      "slot": 0,
      "bonus": {
        "effect": "RANGE_DAMAGE",
        "rarity": "UNCOMMON",
        "bonus": 1
      }
    },
    {
      "id": 23146,
      "amount": 1,
      "slot": 0,
      "bonus": {
        "effect": "DROP_RATE_LOW",
        "rarity": "RARE",
        "bonus": 19
      }
    },
    {
      "id": 19888,
      "amount": 1,
      "slot": 0,
      "bonus": {
        "effect": "DROP_RATE_LOW",
        "rarity": "RARE",
        "bonus": 10
      }
    },
    {
      "id": 23144,
      "amount": 1,
      "slot": 0,
      "bonus": {
        "effect": "DROP_RATE_LOW",
        "rarity": "RARE",
        "bonus": 7
      }
    },
    {
      "id": 5428,
      "amount": 1,
      "slot": 0,
      "bonus": {
        "effect": "DOUBLE_KILLS",
        "rarity": "LEGENDARY",
        "bonus": 1
      }
    },
    {
      "id": 14377,
      "amount": 1,
      "slot": 0,
      "bonus": {
        "effect": "DOUBLE_DROP",
        "rarity": "RARE",
        "bonus": 10
      }
    },
    {
      "id": 19888,
      "amount": 1,
      "slot": 0,
      "bonus": {
        "effect": "NOTHING",
        "rarity": "COMMON",
        "bonus": 0
      }
    },
    {
      "id": 17596,
      "amount": 1,
      "slot": 0,
      "bonus": {
        "effect": "DOUBLE_DROP",
        "rarity": "RARE",
        "bonus": 14
      }
    },
    {
      "id": 23093,
      "amount": 1,
      "slot": 0,
      "bonus": {
        "effect": "DOUBLE_DROP",
        "rarity": "RARE",
        "bonus": 6
      }
    },
    {
      "id": 8805,
      "amount": 1,
      "slot": 0,
      "bonus": {
        "effect": "MAGIC_DAMAGE",
        "rarity": "UNCOMMON",
        "bonus": 1
      }
    },
    {
      "id": 15935,
      "amount": 1,
      "slot": 0,
      "bonus": {
        "effect": "DOUBLE_DROP",
        "rarity": "RARE",
        "bonus": 8
      }
    },
    {
      "id": 15924,
      "amount": 1,
      "slot": 0,
      "bonus": {
        "effect": "ALL_DAMAGE_LOW",
        "rarity": "RARE",
        "bonus": 1
      }
    },
    {
      "id": 15201,
      "amount": 1,
      "slot": 0,
      "bonus": {
        "effect": "NOTHING",
        "rarity": "COMMON",
        "bonus": 0
      }
    },
    {
      "id": 14311,
      "amount": 1,
      "slot": 0,
      "bonus": {
        "effect": "RANGE_DAMAGE",
        "rarity": "UNCOMMON",
        "bonus": 1
      }
    },
    {
      "id": 23054,
      "amount": 1,
      "slot": 0,
      "bonus": {
        "effect": "NOTHING",
        "rarity": "COMMON",
        "bonus": 0
      }
    },
    {
      "id": 8334,
      "amount": 2,
      "slot": 0,
      "bonus": {
        "effect": "ALL_DAMAGE_LOW",
        "rarity": "RARE",
        "bonus": 1
      }
    },
    {
      "id": 4367,
      "amount": 1,
      "slot": 0,
      "bonus": {
        "effect": "DOUBLE_DROP",
        "rarity": "RARE",
        "bonus": 15
      }
    },
    {
      "id": 8334,
      "amount": 1,
      "slot": 0,
      "bonus": {
        "effect": "DROP_RATE_LOW",
        "rarity": "RARE",
        "bonus": 6
      }
    },
    {
      "id": 4367,
      "amount": 1,
      "slot": 0,
      "bonus": {
        "effect": "NOTHING",
        "rarity": "COMMON",
        "bonus": 0
      }
    },
    {
      "id": 11140,
      "amount": 4,
      "slot": 0,
      "bonus": {
        "effect": "NOTHING",
        "rarity": "COMMON",
        "bonus": 0
      }
    },
    {
      "id": 4367,
      "amount": 1,
      "slot": 0,
      "bonus": {
        "effect": "ALL_DAMAGE_LOW",
        "rarity": "RARE",
        "bonus": 1
      }
    },
    {
      "id": 8335,
      "amount": 1,
      "slot": 0,
      "bonus": {
        "effect": "DOUBLE_DROP",
        "rarity": "RARE",
        "bonus": 20
      }
    },
    {
      "id": 20593,
      "amount": 1,
      "slot": 0,
      "bonus": {
        "effect": "RANGE_DAMAGE",
        "rarity": "UNCOMMON",
        "bonus": 1
      }
    },
    {
      "id": 8335,
      "amount": 1,
      "slot": 0,
      "bonus": {
        "effect": "NOTHING",
        "rarity": "COMMON",
        "bonus": 0
      }
    },
    {
      "id": 23055,
      "amount": 1,
      "slot": 0,
      "bonus": {
        "effect": "NOTHING",
        "rarity": "COMMON",
        "bonus": 0
      }
    },
    {
      "id": 8334,
      "amount": 3,
      "slot": 0,
      "bonus": {
        "effect": "NOTHING",
        "rarity": "COMMON",
        "bonus": 0
      }
    },
    {
      "id": 20592,
      "amount": 1,
      "slot": 0,
      "bonus": {
        "effect": "ALL_DAMAGE_LOW",
        "rarity": "RARE",
        "bonus": 1
      }
    },
    {
      "id": 20593,
      "amount": 1,
      "slot": 0,
      "bonus": {
        "effect": "NOTHING",
        "rarity": "COMMON",
        "bonus": 0
      }
    },
    {
      "id": 11003,
      "amount": 0,
      "slot": 0,
      "bonus": {
        "effect": "DROP_RATE_LOW",
        "rarity": "RARE",
        "bonus": 14
      }
    },
    {
      "id": 8813,
      "amount": 2,
      "slot": 0,
      "bonus": {
        "effect": "NOTHING",
        "rarity": "COMMON",
        "bonus": 0
      }
    },
    {
      "id": 12614,
      "amount": 2,
      "slot": 0,
      "bonus": {
        "effect": "NOTHING",
        "rarity": "COMMON",
        "bonus": 0
      }
    },
    {
      "id": 8809,
      "amount": 1,
      "slot": 0,
      "bonus": {
        "effect": "NOTHING",
        "rarity": "COMMON",
        "bonus": 0
      }
    },
    {
      "id": 18881,
      "amount": 1,
      "slot": 0,
      "bonus": {
        "effect": "TRIPLE_KILLS",
        "rarity": "MYTHIC",
        "bonus": 2
      }
    },
    {
      "id": 19886,
      "amount": 1,
      "slot": 0,
      "bonus": {
        "effect": "NOTHING",
        "rarity": "COMMON",
        "bonus": 0
      }
    },
    {
      "id": 21021,
      "amount": 1,
      "slot": 0,
      "bonus": {
        "effect": "DROP_RATE_LOW",
        "rarity": "RARE",
        "bonus": 11
      }
    },
    {
      "id": 17614,
      "amount": 1,
      "slot": 0,
      "bonus": {
        "effect": "NOTHING",
        "rarity": "COMMON",
        "bonus": 0
      }
    },
    {
      "id": 17698,
      "amount": 2,
      "slot": 0,
      "bonus": {
        "effect": "NOTHING",
        "rarity": "COMMON",
        "bonus": 0
      }
    },
    {
      "id": 20504,
      "amount": 1,
      "slot": 0,
      "bonus": {
        "effect": "NOTHING",
        "rarity": "COMMON",
        "bonus": 0
      }
    },
    {
      "id": 21023,
      "amount": 1,
      "slot": 0,
      "bonus": {
        "effect": "NOTHING",
        "rarity": "COMMON",
        "bonus": 0
      }
    },
    {
      "id": 21018,
      "amount": 1,
      "slot": 0,
      "bonus": {
        "effect": "NOTHING",
        "rarity": "COMMON",
        "bonus": 0
      }
    },
    {
      "id": 10947,
      "amount": 3,
      "slot": 0,
      "bonus": {
        "effect": "NOTHING",
        "rarity": "COMMON",
        "bonus": 0
      }
    },
    {
      "id": 8815,
      "amount": 1,
      "slot": 0,
      "bonus": {
        "effect": "NOTHING",
        "rarity": "COMMON",
        "bonus": 0
      }
    },
    {
      "id": 20504,
      "amount": 1,
      "slot": 0,
      "bonus": {
        "effect": "AOE_EFFECT_2x2",
        "rarity": "LEGENDARY",
        "bonus": 1
      }
    },
    {
      "id": 4032,
      "amount": 1,
      "slot": 0,
      "bonus": {
        "effect": "NOTHING",
        "rarity": "COMMON",
        "bonus": 0
      }
    },
    {
      "id": 4024,
      "amount": 1,
      "slot": 0,
      "bonus": {
        "effect": "NOTHING",
        "rarity": "COMMON",
        "bonus": 0
      }
    },
    {
      "id": 14194,
      "amount": 1,
      "slot": 0,
      "bonus": {
        "effect": "NOTHING",
        "rarity": "COMMON",
        "bonus": 0
      }
    },
    {
      "id": 14317,
      "amount": 1,
      "slot": 0,
      "bonus": {
        "effect": "RANGE_DAMAGE",
        "rarity": "UNCOMMON",
        "bonus": 1
      }
    },
    {
      "id": 21022,
      "amount": 1,
      "slot": 0,
      "bonus": {
        "effect": "NOTHING",
        "rarity": "COMMON",
        "bonus": 0
      }
    },
    {
      "id": 15645,
      "amount": 1,
      "slot": 0,
      "bonus": {
        "effect": "NOTHING",
        "rarity": "COMMON",
        "bonus": 0
      }
    },
    {
      "id": 15646,
      "amount": 1,
      "slot": 0,
      "bonus": {
        "effect": "NOTHING",
        "rarity": "COMMON",
        "bonus": 0
      }
    },
    {
      "id": 22137,
      "amount": 1,
      "slot": 0,
      "bonus": {
        "effect": "NOTHING",
        "rarity": "COMMON",
        "bonus": 0
      }
    },
    {
      "id": 19918,
      "amount": 1,
      "slot": 0,
      "bonus": {
        "effect": "NOTHING",
        "rarity": "COMMON",
        "bonus": 0
      }
    },
    {
      "id": 14018,
      "amount": 1,
      "slot": 0,
      "bonus": {
        "effect": "NOTHING",
        "rarity": "COMMON",
        "bonus": 0
      }
    },
    {
      "id": 19160,
      "amount": 1,
      "slot": 0,
      "bonus": {
        "effect": "DOUBLE_CASH",
        "rarity": "LEGENDARY",
        "bonus": 1
      }
    }
  ],
  "bank-3": [],
  "bank-4": [],
  "bank-5": [],
  "bank-6": [],
  "bank-7": [],
  "bank-8": [],
  "new-uim-bank": [],
  "ge-slots": [
    null,
    null,
    null,
    null,
    null,
    null
  ],
  "charm-imp": [
    0,
    0,
    0,
    0
  ],
  "friends": [
    26443,
    3216835316,
    35251280456477,
    242021909,
    80954497,
    2663888916628274,
    572840535542496,
    2921428848341359896,
    2921428891958708849,
    2934455596523623496,
    2934455596517438433,
    1601523379005389156,
    28340162400,
    46269502226,
    45670588246270900,
    36692111,
    395221966939561,
    373746850,
    2002204709453174422,
    36997887807
  ],
  "ignores": [],
  "loyalty-titles": [
    false,
    false,
    false,
    false,
    false,
    false,
    false,
    false,
    false,
    false,
    false,
    false
  ],
  "kills": [
    {
      "runningTotal": 327,
      "npcId": 811,
      "npcName": "Nagendra",
      "amount": 327,
      "boss": true
    },
    {
      "runningTotal": 201,
      "npcId": 202,
      "npcName": "Inferno",
      "amount": 201,
      "boss": true
    },
    {
      "runningTotal": 468,
      "npcId": 3831,
      "npcName": "Zernath",
      "amount": 468,
      "boss": true
    },
    {
      "runningTotal": 1,
      "npcId": 9906,
      "npcName": "Final Boss Veigar",
      "amount": 1,
      "boss": true
    },
    {
      "runningTotal": 1947,
      "npcId": 8014,
      "npcName": "Zinqrux",
      "amount": 1947,
      "boss": false
    },
    {
      "runningTotal": 3291,
      "npcId": 8003,
      "npcName": "Dr. Aberrant",
      "amount": 3291,
      "boss": false
    },
    {
      "runningTotal": 217,
      "npcId": 9838,
      "npcName": "Imperial Hound",
      "amount": 217,
      "boss": false
    },
    {
      "runningTotal": 216,
      "npcId": 9845,
      "npcName": "Imperial Scorpion",
      "amount": 216,
      "boss": false
    },
    {
      "runningTotal": 211,
      "npcId": 9910,
      "npcName": "Imperial Ranger",
      "amount": 211,
      "boss": false
    },
    {
      "runningTotal": 206,
      "npcId": 9807,
      "npcName": "Imperial Paladin",
      "amount": 206,
      "boss": false
    },
    {
      "runningTotal": 194,
      "npcId": 9030,
      "npcName": "Patience",
      "amount": 194,
      "boss": false
    },
    {
      "runningTotal": 162,
      "npcId": 6692,
      "npcName": "Revenant Wyvern",
      "amount": 162,
      "boss": false
    },
    {
      "runningTotal": 319,
      "npcId": 9815,
      "npcName": "Kol\u0027gal",
      "amount": 319,
      "boss": false
    },
    {
      "runningTotal": 78,
      "npcId": 9922,
      "npcName": "Blurite Centaur",
      "amount": 78,
      "boss": false
    },
    {
      "runningTotal": 61,
      "npcId": 9911,
      "npcName": "Blurite Werewolf",
      "amount": 61,
      "boss": false
    },
    {
      "runningTotal": 581,
      "npcId": 9026,
      "npcName": "Eragon",
      "amount": 581,
      "boss": false
    },
    {
      "runningTotal": 34,
      "npcId": 9835,
      "npcName": "Blurite Demon",
      "amount": 34,
      "boss": false
    },
    {
      "runningTotal": 23,
      "npcId": 9027,
      "npcName": "Blurite Orc",
      "amount": 23,
      "boss": false
    },
    {
      "runningTotal": 10,
      "npcId": 9837,
      "npcName": "Blurite Goblin",
      "amount": 10,
      "boss": false
    },
    {
      "runningTotal": 3,
      "npcId": 9028,
      "npcName": "Mystic",
      "amount": 3,
      "boss": false
    },
    {
      "runningTotal": 0,
      "npcId": 1265,
      "npcName": "Oracle Lion",
      "amount": 0,
      "boss": false
    },
    {
      "runningTotal": 300,
      "npcId": 9817,
      "npcName": "Yisdar",
      "amount": 300,
      "boss": false
    },
    {
      "runningTotal": 585,
      "npcId": 9025,
      "npcName": "Avalon",
      "amount": 585,
      "boss": false
    },
    {
      "runningTotal": 554,
      "npcId": 3313,
      "npcName": "Miscreation",
      "amount": 554,
      "boss": false
    },
    {
      "runningTotal": 528,
      "npcId": 9836,
      "npcName": "Doomwatcher",
      "amount": 528,
      "boss": false
    },
    {
      "runningTotal": 313,
      "npcId": 9920,
      "npcName": "Ig\u0027thaur",
      "amount": 313,
      "boss": false
    },
    {
      "runningTotal": 554,
      "npcId": 92,
      "npcName": "Maze Guardian",
      "amount": 554,
      "boss": false
    },
    {
      "runningTotal": 2417,
      "npcId": 9918,
      "npcName": "Broly",
      "amount": 2417,
      "boss": false
    },
    {
      "runningTotal": 588,
      "npcId": 1906,
      "npcName": "Zorbak",
      "amount": 588,
      "boss": false
    },
    {
      "runningTotal": 1427,
      "npcId": 9914,
      "npcName": "Sasuke",
      "amount": 1427,
      "boss": false
    },
    {
      "runningTotal": 552,
      "npcId": 8008,
      "npcName": "Avatar titan",
      "amount": 552,
      "boss": false
    },
    {
      "runningTotal": 712,
      "npcId": 9915,
      "npcName": "Death God",
      "amount": 712,
      "boss": false
    },
    {
      "runningTotal": 4408,
      "npcId": 9839,
      "npcName": "Mutant Hydra",
      "amount": 4408,
      "boss": false
    },
    {
      "runningTotal": 3547,
      "npcId": 3014,
      "npcName": "Lilinryss",
      "amount": 3547,
      "boss": false
    },
    {
      "runningTotal": 3294,
      "npcId": 9806,
      "npcName": "Gorvek",
      "amount": 3294,
      "boss": false
    },
    {
      "runningTotal": 2485,
      "npcId": 1746,
      "npcName": "Onyx Griffin",
      "amount": 2485,
      "boss": false
    },
    {
      "runningTotal": 2049,
      "npcId": 9816,
      "npcName": "Dragonite",
      "amount": 2049,
      "boss": false
    },
    {
      "runningTotal": 3616,
      "npcId": 3013,
      "npcName": "Ag\u0027thomoth",
      "amount": 3616,
      "boss": false
    },
    {
      "runningTotal": 624,
      "npcId": 2342,
      "npcName": "Emerald Slayer",
      "amount": 624,
      "boss": false
    },
    {
      "runningTotal": 832,
      "npcId": 9024,
      "npcName": "Golden Golem",
      "amount": 832,
      "boss": false
    },
    {
      "runningTotal": 832,
      "npcId": 9916,
      "npcName": "Luffy",
      "amount": 832,
      "boss": false
    },
    {
      "runningTotal": 1040,
      "npcId": 9919,
      "npcName": "Bowser",
      "amount": 1040,
      "boss": false
    },
    {
      "runningTotal": 244,
      "npcId": 810,
      "npcName": "Fire Champion",
      "amount": 244,
      "boss": false
    },
    {
      "runningTotal": 214,
      "npcId": 1308,
      "npcName": "Herbal Champion",
      "amount": 214,
      "boss": false
    },
    {
      "runningTotal": 209,
      "npcId": 1309,
      "npcName": "Water Champion",
      "amount": 209,
      "boss": false
    },
    {
      "runningTotal": 190,
      "npcId": 1310,
      "npcName": "Lightning Champion",
      "amount": 190,
      "boss": false
    },
    {
      "runningTotal": 44,
      "npcId": 1307,
      "npcName": "Boss Champion",
      "amount": 44,
      "boss": false
    },
    {
      "runningTotal": 2190,
      "npcId": 9903,
      "npcName": "Asmodeus",
      "amount": 2190,
      "boss": true
    },
    {
      "runningTotal": 5850,
      "npcId": 8010,
      "npcName": "Groudon",
      "amount": 5850,
      "boss": true
    },
    {
      "runningTotal": 3744,
      "npcId": 3010,
      "npcName": "Zeidan Grimm",
      "amount": 3744,
      "boss": false
    },
    {
      "runningTotal": 3720,
      "npcId": 9017,
      "npcName": "Sanctum Golem",
      "amount": 3720,
      "boss": true
    },
    {
      "runningTotal": 3723,
      "npcId": 8002,
      "npcName": "Malvek",
      "amount": 3723,
      "boss": false
    },
    {
      "runningTotal": 3744,
      "npcId": 3016,
      "npcName": "Varthramoth",
      "amount": 3744,
      "boss": false
    },
    {
      "runningTotal": 3477,
      "npcId": 4972,
      "npcName": "Tyrant Lord",
      "amount": 3477,
      "boss": false
    },
    {
      "runningTotal": 3732,
      "npcId": 9012,
      "npcName": "Lucifer",
      "amount": 3732,
      "boss": true
    },
    {
      "runningTotal": 2496,
      "npcId": 3019,
      "npcName": "Virtuoso",
      "amount": 2496,
      "boss": false
    }
  ],
  "drops": [
    {
      "item": 995,
      "amount": 247043441,
      "rareDrop": false
    },
    {
      "item": 2023,
      "amount": 1917,
      "rareDrop": false
    },
    {
      "item": 19988,
      "amount": 5,
      "rareDrop": false
    },
    {
      "item": 20400,
      "amount": 2,
      "rareDrop": false
    },
    {
      "item": 19989,
      "amount": 4,
      "rareDrop": false
    },
    {
      "item": 19992,
      "amount": 3,
      "rareDrop": false
    },
    {
      "item": 19985,
      "amount": 4,
      "rareDrop": false
    },
    {
      "item": 19986,
      "amount": 4,
      "rareDrop": false
    },
    {
      "item": 19984,
      "amount": 4,
      "rareDrop": false
    },
    {
      "item": 19991,
      "amount": 4,
      "rareDrop": false
    },
    {
      "item": 23058,
      "amount": 3,
      "rareDrop": false
    },
    {
      "item": 23020,
      "amount": 13,
      "rareDrop": false
    },
    {
      "item": 20093,
      "amount": 1,
      "rareDrop": false
    },
    {
      "item": 20089,
      "amount": 2,
      "rareDrop": false
    },
    {
      "item": 20092,
      "amount": 3,
      "rareDrop": false
    },
    {
      "item": 20088,
      "amount": 6,
      "rareDrop": false
    },
    {
      "item": 10946,
      "amount": 5,
      "rareDrop": false
    },
    {
      "item": 20086,
      "amount": 4,
      "rareDrop": false
    },
    {
      "item": 20087,
      "amount": 1,
      "rareDrop": false
    },
    {
      "item": 18003,
      "amount": 1,
      "rareDrop": false
    },
    {
      "item": 18005,
      "amount": 1,
      "rareDrop": false
    },
    {
      "item": 18001,
      "amount": 1,
      "rareDrop": false
    },
    {
      "item": 23050,
      "amount": 1,
      "rareDrop": false
    },
    {
      "item": 23035,
      "amount": 1,
      "rareDrop": false
    },
    {
      "item": 23052,
      "amount": 1,
      "rareDrop": false
    },
    {
      "item": 23135,
      "amount": 2,
      "rareDrop": false
    },
    {
      "item": 5428,
      "amount": 2,
      "rareDrop": false
    },
    {
      "item": 8805,
      "amount": 2,
      "rareDrop": false
    }
  ],
  "achievements-completion": [],
  "achievements-progress": [
    0,
    0,
    0,
    0,
    0,
    0,
    0,
    0,
    0,
    0,
    0,
    0,
    0,
    0,
    0,
    0,
    0,
    0,
    0,
    0,
    0,
    0,
    0,
    0,
    0,
    0,
    0,
    0,
    0,
    0,
    0,
    0,
    0,
    0,
    0,
    0,
    0,
    0,
    0,
    0,
    0,
    0,
    0,
    0,
    0,
    0,
    0,
    0,
    0,
    0,
    0,
    0,
    0
  ],
  "fri13may16": false,
  "spiritdebug": false,
  "reffered": false,
  "indung": false,
  "toggledglobalmessages": false,
  "flying": false,
  "canfly": false,
  "ghostwalking": false,
  "canghostwalk": false,
  "barrowschests": 0,
  "cluesteps": 0,
  "difficulty": "MODERN",
  "secondary-equipment-slots-unlocked": [
    false,
    false,
    false,
    false,
    false,
    false,
    false,
    false,
    false,
    false,
    false,
    false,
    false,
    false,
    false
  ],
  "hween2016": [
    false,
    false,
    false,
    false,
    false,
    false,
    false
  ],
  "donehween2016": false,
  "christmas2016": 0,
  "newYear2017": 0,
  "easter2017": 0,
  "hcimdunginventory": [
    {
      "id": -1,
      "amount": 0,
      "slot": 0,
      "bonus": {
        "effect": "NOTHING",
        "rarity": "COMMON",
        "bonus": 0
      }
    },
    {
      "id": -1,
      "amount": 0,
      "slot": 0,
      "bonus": {
        "effect": "NOTHING",
        "rarity": "COMMON",
        "bonus": 0
      }
    },
    {
      "id": -1,
      "amount": 0,
      "slot": 0,
      "bonus": {
        "effect": "NOTHING",
        "rarity": "COMMON",
        "bonus": 0
      }
    },
    {
      "id": -1,
      "amount": 0,
      "slot": 0,
      "bonus": {
        "effect": "NOTHING",
        "rarity": "COMMON",
        "bonus": 0
      }
    },
    {
      "id": -1,
      "amount": 0,
      "slot": 0,
      "bonus": {
        "effect": "NOTHING",
        "rarity": "COMMON",
        "bonus": 0
      }
    },
    {
      "id": -1,
      "amount": 0,
      "slot": 0,
      "bonus": {
        "effect": "NOTHING",
        "rarity": "COMMON",
        "bonus": 0
      }
    },
    {
      "id": -1,
      "amount": 0,
      "slot": 0,
      "bonus": {
        "effect": "NOTHING",
        "rarity": "COMMON",
        "bonus": 0
      }
    },
    {
      "id": -1,
      "amount": 0,
      "slot": 0,
      "bonus": {
        "effect": "NOTHING",
        "rarity": "COMMON",
        "bonus": 0
      }
    },
    {
      "id": -1,
      "amount": 0,
      "slot": 0,
      "bonus": {
        "effect": "NOTHING",
        "rarity": "COMMON",
        "bonus": 0
      }
    },
    {
      "id": -1,
      "amount": 0,
      "slot": 0,
      "bonus": {
        "effect": "NOTHING",
        "rarity": "COMMON",
        "bonus": 0
      }
    },
    {
      "id": -1,
      "amount": 0,
      "slot": 0,
      "bonus": {
        "effect": "NOTHING",
        "rarity": "COMMON",
        "bonus": 0
      }
    },
    {
      "id": -1,
      "amount": 0,
      "slot": 0,
      "bonus": {
        "effect": "NOTHING",
        "rarity": "COMMON",
        "bonus": 0
      }
    },
    {
      "id": -1,
      "amount": 0,
      "slot": 0,
      "bonus": {
        "effect": "NOTHING",
        "rarity": "COMMON",
        "bonus": 0
      }
    },
    {
      "id": -1,
      "amount": 0,
      "slot": 0,
      "bonus": {
        "effect": "NOTHING",
        "rarity": "COMMON",
        "bonus": 0
      }
    },
    {
      "id": -1,
      "amount": 0,
      "slot": 0,
      "bonus": {
        "effect": "NOTHING",
        "rarity": "COMMON",
        "bonus": 0
      }
    },
    {
      "id": -1,
      "amount": 0,
      "slot": 0,
      "bonus": {
        "effect": "NOTHING",
        "rarity": "COMMON",
        "bonus": 0
      }
    },
    {
      "id": -1,
      "amount": 0,
      "slot": 0,
      "bonus": {
        "effect": "NOTHING",
        "rarity": "COMMON",
        "bonus": 0
      }
    },
    {
      "id": -1,
      "amount": 0,
      "slot": 0,
      "bonus": {
        "effect": "NOTHING",
        "rarity": "COMMON",
        "bonus": 0
      }
    },
    {
      "id": -1,
      "amount": 0,
      "slot": 0,
      "bonus": {
        "effect": "NOTHING",
        "rarity": "COMMON",
        "bonus": 0
      }
    },
    {
      "id": -1,
      "amount": 0,
      "slot": 0,
      "bonus": {
        "effect": "NOTHING",
        "rarity": "COMMON",
        "bonus": 0
      }
    },
    {
      "id": -1,
      "amount": 0,
      "slot": 0,
      "bonus": {
        "effect": "NOTHING",
        "rarity": "COMMON",
        "bonus": 0
      }
    },
    {
      "id": -1,
      "amount": 0,
      "slot": 0,
      "bonus": {
        "effect": "NOTHING",
        "rarity": "COMMON",
        "bonus": 0
      }
    },
    {
      "id": -1,
      "amount": 0,
      "slot": 0,
      "bonus": {
        "effect": "NOTHING",
        "rarity": "COMMON",
        "bonus": 0
      }
    },
    {
      "id": -1,
      "amount": 0,
      "slot": 0,
      "bonus": {
        "effect": "NOTHING",
        "rarity": "COMMON",
        "bonus": 0
      }
    },
    {
      "id": -1,
      "amount": 0,
      "slot": 0,
      "bonus": {
        "effect": "NOTHING",
        "rarity": "COMMON",
        "bonus": 0
      }
    },
    {
      "id": -1,
      "amount": 0,
      "slot": 0,
      "bonus": {
        "effect": "NOTHING",
        "rarity": "COMMON",
        "bonus": 0
      }
    },
    {
      "id": -1,
      "amount": 0,
      "slot": 0,
      "bonus": {
        "effect": "NOTHING",
        "rarity": "COMMON",
        "bonus": 0
      }
    },
    {
      "id": -1,
      "amount": 0,
      "slot": 0,
      "bonus": {
        "effect": "NOTHING",
        "rarity": "COMMON",
        "bonus": 0
      }
    }
  ],
  "hcimdungequipment": [
    {
      "id": -1,
      "amount": 0,
      "slot": 0,
      "bonus": {
        "effect": "NOTHING",
        "rarity": "COMMON",
        "bonus": 0
      }
    },
    {
      "id": -1,
      "amount": 0,
      "slot": 0,
      "bonus": {
        "effect": "NOTHING",
        "rarity": "COMMON",
        "bonus": 0
      }
    },
    {
      "id": -1,
      "amount": 0,
      "slot": 0,
      "bonus": {
        "effect": "NOTHING",
        "rarity": "COMMON",
        "bonus": 0
      }
    },
    {
      "id": -1,
      "amount": 0,
      "slot": 0,
      "bonus": {
        "effect": "NOTHING",
        "rarity": "COMMON",
        "bonus": 0
      }
    },
    {
      "id": -1,
      "amount": 0,
      "slot": 0,
      "bonus": {
        "effect": "NOTHING",
        "rarity": "COMMON",
        "bonus": 0
      }
    },
    {
      "id": -1,
      "amount": 0,
      "slot": 0,
      "bonus": {
        "effect": "NOTHING",
        "rarity": "COMMON",
        "bonus": 0
      }
    },
    {
      "id": -1,
      "amount": 0,
      "slot": 0,
      "bonus": {
        "effect": "NOTHING",
        "rarity": "COMMON",
        "bonus": 0
      }
    },
    {
      "id": -1,
      "amount": 0,
      "slot": 0,
      "bonus": {
        "effect": "NOTHING",
        "rarity": "COMMON",
        "bonus": 0
      }
    },
    {
      "id": -1,
      "amount": 0,
      "slot": 0,
      "bonus": {
        "effect": "NOTHING",
        "rarity": "COMMON",
        "bonus": 0
      }
    },
    {
      "id": -1,
      "amount": 0,
      "slot": 0,
      "bonus": {
        "effect": "NOTHING",
        "rarity": "COMMON",
        "bonus": 0
      }
    },
    {
      "id": -1,
      "amount": 0,
      "slot": 0,
      "bonus": {
        "effect": "NOTHING",
        "rarity": "COMMON",
        "bonus": 0
      }
    },
    {
      "id": -1,
      "amount": 0,
      "slot": 0,
      "bonus": {
        "effect": "NOTHING",
        "rarity": "COMMON",
        "bonus": 0
      }
    },
    {
      "id": -1,
      "amount": 0,
      "slot": 0,
      "bonus": {
        "effect": "NOTHING",
        "rarity": "COMMON",
        "bonus": 0
      }
    },
    {
      "id": -1,
      "amount": 0,
      "slot": 0,
      "bonus": {
        "effect": "NOTHING",
        "rarity": "COMMON",
        "bonus": 0
      }
    },
    {
      "id": -1,
      "amount": 0,
      "slot": 0,
      "bonus": {
        "effect": "NOTHING",
        "rarity": "COMMON",
        "bonus": 0
      }
    },
    {
      "id": -1,
      "amount": 0,
      "slot": 0,
      "bonus": {
        "effect": "NOTHING",
        "rarity": "COMMON",
        "bonus": 0
      }
    },
    {
      "id": -1,
      "amount": 0,
      "slot": 0,
      "bonus": {
        "effect": "NOTHING",
        "rarity": "COMMON",
        "bonus": 0
      }
    },
    {
      "id": -1,
      "amount": 0,
      "slot": 0,
      "bonus": {
        "effect": "NOTHING",
        "rarity": "COMMON",
        "bonus": 0
      }
    },
    {
      "id": -1,
      "amount": 0,
      "slot": 0,
      "bonus": {
        "effect": "NOTHING",
        "rarity": "COMMON",
        "bonus": 0
      }
    },
    {
      "id": -1,
      "amount": 0,
      "slot": 0,
      "bonus": {
        "effect": "NOTHING",
        "rarity": "COMMON",
        "bonus": 0
      }
    },
    {
      "id": -1,
      "amount": 0,
      "slot": 0,
      "bonus": {
        "effect": "NOTHING",
        "rarity": "COMMON",
        "bonus": 0
      }
    },
    {
      "id": -1,
      "amount": 0,
      "slot": 0,
      "bonus": {
        "effect": "NOTHING",
        "rarity": "COMMON",
        "bonus": 0
      }
    },
    {
      "id": -1,
      "amount": 0,
      "slot": 0,
      "bonus": {
        "effect": "NOTHING",
        "rarity": "COMMON",
        "bonus": 0
      }
    },
    {
      "id": -1,
      "amount": 0,
      "slot": 0,
      "bonus": {
        "effect": "NOTHING",
        "rarity": "COMMON",
        "bonus": 0
      }
    },
    {
      "id": -1,
      "amount": 0,
      "slot": 0,
      "bonus": {
        "effect": "NOTHING",
        "rarity": "COMMON",
        "bonus": 0
      }
    },
    {
      "id": -1,
      "amount": 0,
      "slot": 0,
      "bonus": {
        "effect": "NOTHING",
        "rarity": "COMMON",
        "bonus": 0
      }
    },
    {
      "id": -1,
      "amount": 0,
      "slot": 0,
      "bonus": {
        "effect": "NOTHING",
        "rarity": "COMMON",
        "bonus": 0
      }
    },
    {
      "id": -1,
      "amount": 0,
      "slot": 0,
      "bonus": {
        "effect": "NOTHING",
        "rarity": "COMMON",
        "bonus": 0
      }
    }
  ],
  "bonecrusheffect": true,
  "p-tps": [
    0,
    0,
    0,
    0
  ],
  "yell-tit": "null",
  "afkstall1": 0,
  "afkstall2": 0,
  "afkstall3": 0,
  "achievements-points": 0,
  "achievements-amount": [
    [
      0,
      6,
      3,
      0,
      100,
      250,
      250,
      201,
      327,
      20,
      206,
      167,
      262,
      400,
      398,
      88,
      5000,
      20,
      0,
      0,
      0,
      0,
      0,
      0,
      0,
      0,
      0,
      0,
      0,
      0,
      0,
      0,
      0,
      0,
      0,
      0,
      0,
      0,
      0,
      0,
      0,
      0,
      0,
      0,
      0,
      0,
      0,
      0,
      0,
      0,
      0,
      0,
      0,
      0,
      0,
      0,
      0,
      0,
      0,
      0,
      0,
      0,
      0,
      0,
      0,
      0,
      0,
      0,
      0,
      0,
      0,
      0,
      0,
      0,
      0,
      0,
      0,
      0,
      0,
      0,
      0,
      0,
      0,
      0,
      0,
      0,
      0,
      0,
      0,
      0,
      0,
      0,
      0,
      0,
      0,
      0,
      0,
      0,
      0,
      0
    ],
    [
      0,
      6,
      474,
      485,
      485,
      552,
      588,
      712,
      624,
      50,
      832,
      832,
      1329,
      1040,
      1427,
      88,
      10000,
      0,
      0,
      0,
      0,
      0,
      0,
      0,
      0,
      0,
      0,
      0,
      0,
      0,
      0,
      0,
      0,
      0,
      0,
      0,
      0,
      0,
      0,
      0,
      0,
      0,
      0,
      0,
      0,
      0,
      0,
      0,
      0,
      0,
      0,
      0,
      0,
      0,
      0,
      0,
      0,
      0,
      0,
      0,
      0,
      0,
      0,
      0,
      0,
      0,
      0,
      0,
      0,
      0,
      0,
      0,
      0,
      0,
      0,
      0,
      0,
      0,
      0,
      0,
      0,
      0,
      0,
      0,
      0,
      0,
      0,
      0,
      0,
      0,
      0,
      0,
      0,
      0,
      0,
      0,
      0,
      0,
      0,
      0
    ],
    [
      0,
      6,
      1240,
      1584,
      1216,
      737,
      844,
      1241,
      885,
      101,
      1248,
      1268,
      1309,
      975,
      1248,
      1159,
      88,
      25000,
      0,
      0,
      0,
      0,
      0,
      0,
      0,
      0,
      0,
      0,
      0,
      0,
      0,
      0,
      0,
      0,
      0,
      0,
      0,
      0,
      0,
      0,
      0,
      0,
      0,
      0,
      0,
      0,
      0,
      0,
      0,
      0,
      0,
      0,
      0,
      0,
      0,
      0,
      0,
      0,
      0,
      0,
      0,
      0,
      0,
      0,
      0,
      0,
      0,
      0,
      0,
      0,
      0,
      0,
      0,
      0,
      0,
      0,
      0,
      0,
      0,
      0,
      0,
      0,
      0,
      0,
      0,
      0,
      0,
      0,
      0,
      0,
      0,
      0,
      0,
      0,
      0,
      0,
      0,
      0,
      0,
      0
    ],
    [
      0,
      0,
      0,
      0,
      0,
      0,
      0,
      0,
      0,
      0,
      0,
      0,
      0,
      0,
      0,
      0,
      0,
      0,
      0,
      0,
      0,
      0,
      0,
      0,
      0,
      0,
      0,
      0,
      0,
      0,
      0,
      0,
      0,
      0,
      0,
      0,
      0,
      0,
      0,
      0,
      0,
      0,
      0,
      0,
      0,
      0,
      0,
      0,
      0,
      0,
      0,
      0,
      0,
      0,
      0,
      0,
      0,
      0,
      0,
      0,
      0,
      0,
      0,
      0,
      0,
      0,
      0,
      0,
      0,
      0,
      0,
      0,
      0,
      0,
      0,
      0,
      0,
      0,
      0,
      0,
      0,
      0,
      0,
      0,
      0,
      0,
      0,
      0,
      0,
      0,
      0,
      0,
      0,
      0,
      0,
      0,
      0,
      0,
      0,
      0
    ]
  ],
  "achievements-completed": [
    [
      false,
      false,
      false,
      false,
      true,
      true,
      true,
      false,
      false,
      true,
      false,
      false,
      false,
      true,
      false,
      false,
      true,
      false,
      false,
      false,
      false,
      false,
      false,
      false,
      false,
      false,
      false,
      false,
      false,
      false,
      false,
      false,
      false,
      false,
      false,
      false,
      false,
      false,
      false,
      false,
      false,
      false,
      false,
      false,
      false,
      false,
      false,
      false,
      false,
      false,
      false,
      false,
      false,
      false,
      false,
      false,
      false,
      false,
      false,
      false,
      false,
      false,
      false,
      false,
      false,
      false,
      false,
      false,
      false,
      false,
      false,
      false,
      false,
      false,
      false,
      false,
      false,
      false,
      false,
      false,
      false,
      false,
      false,
      false,
      false,
      false,
      false,
      false,
      false,
      false,
      false,
      false,
      false,
      false,
      false,
      false,
      false,
      false,
      false,
      false
    ],
    [
      false,
      false,
      false,
      false,
      false,
      false,
      false,
      false,
      false,
      true,
      false,
      false,
      false,
      false,
      false,
      false,
      true,
      false,
      false,
      false,
      false,
      false,
      false,
      false,
      false,
      false,
      false,
      false,
      false,
      false,
      false,
      false,
      false,
      false,
      false,
      false,
      false,
      false,
      false,
      false,
      false,
      false,
      false,
      false,
      false,
      false,
      false,
      false,
      false,
      false,
      false,
      false,
      false,
      false,
      false,
      false,
      false,
      false,
      false,
      false,
      false,
      false,
      false,
      false,
      false,
      false,
      false,
      false,
      false,
      false,
      false,
      false,
      false,
      false,
      false,
      false,
      false,
      false,
      false,
      false,
      false,
      false,
      false,
      false,
      false,
      false,
      false,
      false,
      false,
      false,
      false,
      false,
      false,
      false,
      false,
      false,
      false,
      false,
      false,
      false
    ],
    [
      false,
      false,
      false,
      false,
      false,
      false,
      false,
      false,
      false,
      false,
      false,
      false,
      false,
      false,
      false,
      false,
      false,
      true,
      false,
      false,
      false,
      false,
      false,
      false,
      false,
      false,
      false,
      false,
      false,
      false,
      false,
      false,
      false,
      false,
      false,
      false,
      false,
      false,
      false,
      false,
      false,
      false,
      false,
      false,
      false,
      false,
      false,
      false,
      false,
      false,
      false,
      false,
      false,
      false,
      false,
      false,
      false,
      false,
      false,
      false,
      false,
      false,
      false,
      false,
      false,
      false,
      false,
      false,
      false,
      false,
      false,
      false,
      false,
      false,
      false,
      false,
      false,
      false,
      false,
      false,
      false,
      false,
      false,
      false,
      false,
      false,
      false,
      false,
      false,
      false,
      false,
      false,
      false,
      false,
      false,
      false,
      false,
      false,
      false,
      false
    ],
    [
      false,
      false,
      false,
      false,
      false,
      false,
      false,
      false,
      false,
      false,
      false,
      false,
      false,
      false,
      false,
      false,
      false,
      false,
      false,
      false,
      false,
      false,
      false,
      false,
      false,
      false,
      false,
      false,
      false,
      false,
      false,
      false,
      false,
      false,
      false,
      false,
      false,
      false,
      false,
      false,
      false,
      false,
      false,
      false,
      false,
      false,
      false,
      false,
      false,
      false,
      false,
      false,
      false,
      false,
      false,
      false,
      false,
      false,
      false,
      false,
      false,
      false,
      false,
      false,
      false,
      false,
      false,
      false,
      false,
      false,
      false,
      false,
      false,
      false,
      false,
      false,
      false,
      false,
      false,
      false,
      false,
      false,
      false,
      false,
      false,
      false,
      false,
      false,
      false,
      false,
      false,
      false,
      false,
      false,
      false,
      false,
      false,
      false,
      false,
      false
    ]
  ],
  "achievements-daily": 423,
  "progression-zones": [
    10,
    23,
    34,
    61,
    78
  ],
  "zones-complete": [
    true,
    true,
    true,
    true,
    true
  ],
  "gamble-banned": false,
  "lucifers-unlocked": false,
  "dark-supremes-unlocked": false,
  "currency-pouch": {
    "upgradeTokens": 0,
    "pvmTickets": 0,
    "afkTickets": 0,
    "slayerTickets": 0,
    "voteScrolls": 0,
    "petFragments": 0,
    "instanceTokens": 0,
    "goldCharms": 0,
    "greenCharms": 0,
    "crimsonCharms": 0,
    "blueCharms": 0
  },
  "lastTGloveIndex": -1,
  "group-ironman-locked": false,
  "lastInstanceNpc": 3020,
  "daily-task": {},
  "collectionlog-rewards": {
    "6692": {
      "canClaim": true,
      "hasClaimed": true
    },
    "2342": {
      "canClaim": false,
      "hasClaimed": false
    },
    "811": {
      "canClaim": false,
      "hasClaimed": false
    },
    "9903": {
      "canClaim": false,
      "hasClaimed": false
    },
    "9904": {
      "canClaim": false,
      "hasClaimed": false
    },
    "9906": {
      "canClaim": false,
      "hasClaimed": false
    },
    "9907": {
      "canClaim": false,
      "hasClaimed": false
    },
    "9012": {
      "canClaim": false,
      "hasClaimed": false
    },
    "9908": {
      "canClaim": false,
      "hasClaimed": false
    },
    "9910": {
      "canClaim": false,
      "hasClaimed": false
    },
    "9911": {
      "canClaim": false,
      "hasClaimed": false
    },
    "9017": {
      "canClaim": false,
      "hasClaimed": false
    },
    "9914": {
      "canClaim": false,
      "hasClaimed": false
    },
    "9915": {
      "canClaim": false,
      "hasClaimed": false
    },
    "9916": {
      "canClaim": false,
      "hasClaimed": false
    },
    "9918": {
      "canClaim": true,
      "hasClaimed": false
    },
    "9919": {
      "canClaim": false,
      "hasClaimed": false
    },
    "9024": {
      "canClaim": false,
      "hasClaimed": false
    },
    "9920": {
      "canClaim": false,
      "hasClaimed": false
    },
    "9025": {
      "canClaim": false,
      "hasClaimed": false
    },
    "8002": {
      "canClaim": false,
      "hasClaimed": false
    },
    "3010": {
      "canClaim": false,
      "hasClaimed": false
    },
    "9026": {
      "canClaim": true,
      "hasClaimed": false
    },
    "9922": {
      "canClaim": false,
      "hasClaimed": false
    },
    "8003": {
      "canClaim": false,
      "hasClaimed": false
    },
    "9027": {
      "canClaim": false,
      "hasClaimed": false
    },
    "9028": {
      "canClaim": false,
      "hasClaimed": false
    },
    "3013": {
      "canClaim": false,
      "hasClaimed": false
    },
    "3014": {
      "canClaim": false,
      "hasClaimed": false
    },
    "9030": {
      "canClaim": false,
      "hasClaimed": false
    },
    "3016": {
      "canClaim": false,
      "hasClaimed": false
    },
    "8008": {
      "canClaim": false,
      "hasClaimed": false
    },
    "8010": {
      "canClaim": false,
      "hasClaimed": false
    },
    "202": {
      "canClaim": false,
      "hasClaimed": false
    },
    "3019": {
      "canClaim": false,
      "hasClaimed": false
    },
    "587": {
      "canClaim": false,
      "hasClaimed": false
    },
    "8013": {
      "canClaim": false,
      "hasClaimed": false
    },
    "9806": {
      "canClaim": false,
      "hasClaimed": false
    },
    "8014": {
      "canClaim": true,
      "hasClaimed": true
    },
    "9807": {
      "canClaim": true,
      "hasClaimed": false
    },
    "1746": {
      "canClaim": false,
      "hasClaimed": false
    },
    "9815": {
      "canClaim": false,
      "hasClaimed": false
    },
    "9816": {
      "canClaim": false,
      "hasClaimed": false
    },
    "9817": {
      "canClaim": false,
      "hasClaimed": false
    },
    "92": {
      "canClaim": false,
      "hasClaimed": false
    },
    "9835": {
      "canClaim": false,
      "hasClaimed": false
    },
    "4972": {
      "canClaim": false,
      "hasClaimed": false
    },
    "9836": {
      "canClaim": false,
      "hasClaimed": false
    },
    "9837": {
      "canClaim": false,
      "hasClaimed": false
    },
    "9838": {
      "canClaim": true,
      "hasClaimed": false
    },
    "9839": {
      "canClaim": false,
      "hasClaimed": false
    },
    "3313": {
      "canClaim": false,
      "hasClaimed": false
    },
    "1906": {
      "canClaim": false,
      "hasClaimed": false
    },
    "9845": {
      "canClaim": true,
      "hasClaimed": false
    },
    "3831": {
      "canClaim": false,
      "hasClaimed": false
    }
  },
  "daily-skips": 3,
  "dailies-done": 3,
  "daily-task-info": "Your daily task is: @red@Complete 5 Medium slayer tasks. @bla@Progress: @red@5/5@bla@.",
  "level-notifications": true,
  "dailies-received-times": [
    1684666053126,
    1684658950305,
    1684664243520
  ],
  "favorite-teleports": [],
  "obtained-pets": [
    "EZKEL_NOJAD_PET",
    "FAZULA_PET"
  ],
  "battlepass-xp": 0,
  "battlepass-premium": false,
  "mini-me-equipment": [
    null,
    null,
    null,
    null,
    null,
    null,
    null,
    null,
    null,
    null,
    null,
    null,
    null,
    null
  ],
  "drystreak": {
    "1307": 24,
    "1308": 118,
    "1309": 118,
    "1310": 107,
    "6692": 6,
    "2342": 72,
    "810": 134,
    "811": 7,
    "9903": 648,
    "9904": 0,
    "9906": 1,
    "9907": 0,
    "9012": 1244,
    "9908": 0,
    "9910": 1,
    "9911": 0,
    "9017": 371,
    "9914": 227,
    "9915": 112,
    "9916": 142,
    "9918": 59,
    "9919": 86,
    "9024": 25,
    "9920": 42,
    "9025": 20,
    "8002": 240,
    "3010": 337,
    "9026": 104,
    "9922": 8,
    "8003": 41,
    "9027": 4,
    "9028": 3,
    "3013": 1268,
    "3014": 516,
    "9030": 3,
    "3016": 1248,
    "8008": 177,
    "8010": 177,
    "202": 51,
    "3019": 832,
    "587": 0,
    "8013": 0,
    "9806": 1216,
    "8014": 46,
    "9807": 4,
    "1746": 885,
    "9815": 0,
    "9816": 737,
    "9817": 5,
    "92": 99,
    "9835": 15,
    "4972": 126,
    "9836": 94,
    "9837": 3,
    "9838": 8,
    "9839": 584,
    "3313": 100,
    "1906": 164,
    "9845": 3,
    "3831": 53
  },
  "boost": 0,
  "slot-level": 0,
  "sp-season": 2,
  "sp-premium": true,
  "sp-level": 42,
  "sp-exp": 258100,
  "sp-rewards": [
    true,
    true,
    true,
    true,
    true,
    true,
    true,
    true,
    true,
    true,
    true,
    true,
    true,
    true,
    true,
    true,
    true,
    true,
    true,
    true,
    true,
    true,
    true,
    true,
    true,
    true,
    true,
    true,
    true,
    true,
    true,
    true,
    true,
    true,
    true,
    true,
    true,
    true,
    true,
    true,
    true,
    true,
    false,
    false,
    false,
    false,
    false,
    false,
    false,
    true,
    true,
    true,
    true,
    true,
    true,
    true,
    true,
    true,
    true,
    true,
    true,
    true,
    true,
    true,
    true,
    true,
    true,
    true,
    true,
    true,
    true,
    true,
    true,
    true,
    true,
    true,
    true,
    true,
    true,
    true,
    true,
    true,
    true,
    true,
    true,
    true,
    true,
    true,
    true,
    true,
    true,
    false,
    false,
    false,
    false,
    false,
    false,
    false
  ],
  "p-settings": {
    "is-locked": false,
    "drop-message-personal": false,
    "hidden-players": false,
    "pass-change": false,
    "security-lock": true,
    "drop-messages": true
  },
  "forge-tier": 0,
  "forge-progress": 0,
  "lastloggedinday": "2023-05-24",
  "attendanceprogress": {}
}