{
  "shop": [
    {
      "id": 1033,
      "amount": 1,
      "maxAmount": 1,
      "price": 1000000,
      "effect": "NOTHING",
      "bonus": 0
    },
    {
      "id": 23120,
      "amount": 2,
      "maxAmount": 2,
      "price": 600000,
      "effect": "NOTHING",
      "bonus": 0
    },
    null,
    null,
    null,
    null,
    null,
    null,
    null,
    null,
    null,
    null,
    null,
    null,
    null,
    null,
    null,
    null,
    null,
    null,
    null,
    null,
    null,
    null,
    null,
    null,
    null,
    null,
    null,
    null,
    null,
    null
  ],
  "earnings": 0
}