{
  "shop": [
    {
      "id": 19482,
      "amount": 3,
      "maxAmount": 3,
      "price": 50000,
      "effect": "NOTHING",
      "bonus": 0
    },
    {
      "id": 17698,
      "amount": 1,
      "maxAmount": 1,
      "price": 500000,
      "effect": "ALL_DAMAGE_LOW",
      "bonus": 1
    },
    {
      "id": 20095,
      "amount": 1,
      "maxAmount": 1,
      "price": 10000000,
      "effect": "TRIPLE_KILLS",
      "bonus": 1
    },
    {
      "id": 15645,
      "amount": 1,
      "maxAmount": 1,
      "price": 700000,
      "effect": "ALL_DAMAGE_HIGH",
      "bonus": 3
    },
    {
      "id": 19481,
      "amount": 1,
      "maxAmount": 1,
      "price": 100000,
      "effect": "NOTHING",
      "bonus": 0
    },
    {
      "id": 22135,
      "amount": 1,
      "maxAmount": 1,
      "price": 400000,
      "effect": "DOUBLE_KILLS",
      "bonus": 2
    },
    {
      "id": 14178,
      "amount": 1,
      "maxAmount": 1,
      "price": 2000000,
      "effect": "DOUBLE_CASH",
      "bonus": 2
    },
    {
      "id": 17391,
      "amount": 1,
      "maxAmount": 1,
      "price": 500000,
      "effect": "DOUBLE_CASH",
      "bonus": 2
    },
    null,
    null,
    null,
    null,
    null,
    null,
    null,
    null,
    null,
    null,
    null,
    null,
    null,
    null,
    null,
    null,
    null,
    null,
    null,
    null,
    null,
    null,
    null,
    null
  ],
  "earnings": 13500000
}