{
  "shop": [
    {
      "id": 17544,
      "amount": 2,
      "maxAmount": 2,
      "price": 3900000,
      "effect": "NOTHING",
      "bonus": 0
    },
    {
      "id": 13774,
      "amount": 1,
      "maxAmount": 1,
      "price": 7950000,
      "effect": "NOTHING",
      "bonus": 0
    },
    {
      "id": 9482,
      "amount": 1,
      "maxAmount": 1,
      "price": 1950000,
      "effect": "NOTHING",
      "bonus": 0
    },
    {
      "id": 4069,
      "amount": 1,
      "maxAmount": 1,
      "price": 6500000,
      "effect": "NOTHING",
      "bonus": 0
    },
    {
      "id": 3473,
      "amount": 1,
      "maxAmount": 1,
      "price": 6500000,
      "effect": "NOTHING",
      "bonus": 0
    },
    {
      "id": 20602,
      "amount": 2,
      "maxAmount": 3,
      "price": 1000000,
      "effect": "NOTHING",
      "bonus": 0
    },
    {
      "id": 8410,
      "amount": 2,
      "maxAmount": 2,
      "price": 3950000,
      "effect": "NOTHING",
      "bonus": 0
    },
    null,
    null,
    null,
    null,
    null,
    null,
    null,
    null,
    null,
    null,
    null,
    null,
    null,
    null,
    null,
    null,
    null,
    null,
    null,
    null,
    null,
    null,
    null,
    null,
    null
  ],
  "earnings": 37470875
}