{
  "username": "Iron Man",
  "total-play-time": 0,
  "staff-rights": "CLERIC_DONATOR",
  "game-mode": "IRONMAN",
  "yellhexcolor": "ffffff",
  "position": {
    "x": 2222,
    "y": 3755,
    "z": 0
  },
  "online-status": "ON",
  "given-starter": true,
  "has-pin2": true,
  "saved-pin2": "2580",
  "donated": 87,
  "current-boss-task": 0,
  "current-boss-amount": 0,
  "global-rate": 0,
  "peng-rate": 0,
  "slayer-rate": 0,
  "has-completed-boss-task": false,
  "current-daily-task-id": "",
  "current-daily-task-amount": 0,
  "current-daily-task-x-pos": 0,
  "current-daily-task-y-pos": 0,
  "current-daily-task-z-pos": 0,
  "current-daily-task-reward": 0,
  "uim-bank": {},
  "dg-floor": 0,
  "dg-prestige": 0,
  "clue-task": "NO_TASK",
  "clue-kc": 0,
  "daysVoted": 0,
  "totalTimesClaimed": 0,
  "longestDaysVoted": 0,
  "timeUntilNextReward": 0,
  "lastVoted": "",
  "current-voting-streak": 0,
  "entriesCurrency": 0.0,
  "amount-donated-today": 77,
  "claimed-first": false,
  "claimed-second": false,
  "claimed-third": false,
  "last-donation": 0,
  "last-time-reset": 0,
  "is-secondary-equipment": false,
  "lastlogin": 1684792381951,
  "lastdailyclaim": 0,
  "lastvotetime": 0,
  "hasvotedtoday": false,
  "day1claimed": false,
  "day2claimed": false,
  "day3claimed": false,
  "day4claimed": false,
  "day5claimed": false,
  "day6claimed": false,
  "day7claimed": false,
  "minutes-bonus-exp": 81,
  "minutes-voting-dr": -1,
  "minutes-voting-dmg": 0,
  "total-gained-exp": 202757540,
  "barrows-points": 0,
  "donator-points": 75,
  "Skilling-points": 0,
  "prestige-points": 0,
  "achievement-points": 0,
  "dung-tokens": 0,
  "commendations": 0,
  "loyalty-points": 0,
  "total-loyalty-points": 0.0,
  "godmodetime": 0,
  "voting-points": 0,
  "tasks-completion": [
    false,
    false,
    false,
    true,
    true,
    false
  ],
  "tasks-progress": [
    999,
    0,
    0,
    0,
    0,
    0,
    0,
    0,
    0,
    0,
    0,
    0,
    0,
    0,
    0,
    0,
    0,
    0,
    0,
    0,
    0,
    0,
    0,
    0,
    0,
    0,
    0,
    0,
    0,
    0,
    0,
    0,
    0,
    0,
    0,
    0,
    0,
    0,
    0,
    0,
    0,
    0,
    0,
    0,
    0,
    0,
    0,
    0,
    0,
    0,
    0,
    0,
    0,
    0,
    0
  ],
  "total-prestiges": 0,
  "slayer-spree": 0,
  "npc-killcount": 2564,
  "spawn-killcount": 0,
  "lord-killcount": 0,
  "demon-killcount": 217,
  "dragon-killcount": 0,
  "beast-killcount": 0,
  "king-killcount": 0,
  "avatar-killcount": 0,
  "angel-killcount": 0,
  "lucien-killcount": 0,
  "hercules-killcount": 0,
  "satan-killcount": 209,
  "zeus-killcount": 0,
  "mini-lucifer-killcount": 0,
  "lucifer-killcount": 0,
  "event-points": 0,
  "boss-points": 0,
  "shilling-rate": 0,
  "slayer-points": 0,
  "pk-points": 0,
  "player-kills": 0,
  "player-killstreak": 0,
  "player-deaths": 0,
  "target-percentage": 0,
  "bh-rank": -1,
  "gender": "MALE",
  "spell-book": "NORMAL",
  "prayer-book": "CURSES",
  "running": true,
  "run-energy": 100,
  "music": false,
  "sounds": false,
  "auto-retaliate": true,
  "xp-locked": false,
  "veng-cast": false,
  "last-veng": 1682132117690,
  "fight-type": "STAFF_POUND",
  "sol-effect": 0,
  "skull-timer": 0,
  "fuse-combination-timer": 0,
  "fuse-item-selected": 0,
  "claimed-fuse-item": true,
  "fuse-in-progress": false,
  "accept-aid": false,
  "poison-damage": 0,
  "poison-immunity": 0,
  "overload-timer": 0,
  "aggro-timer": 0,
  "exp-timer": 0,
  "dr-timer": 0,
  "ddr-timer": 0,
  "dmg-timer": 0,
  "double-dr-timer": 0,
  "double-ddr-timer": 0,
  "double-dmg-timer": 0,
  "fire-immunity": 0,
  "fire-damage-mod": 0,
  "prayer-renewal-timer": 0,
  "teleblock-timer": 0,
  "special-amount": 100,
  "entered-gwd-room": false,
  "gwd-altar-delay": 0,
  "gwd-killcount": [
    0,
    0,
    0,
    0
  ],
  "effigy": 0,
  "summon-npc": -1,
  "summon-death": -1,
  "process-farming": false,
  "clanchat": "Help",
  "autocast": false,
  "autocast-spell": 71,
  "dfs-charges": 0,
  "coins-gambled": 0,
  "slayer-master": "EASY_SLAYER",
  "slayer-task": "NO_TASK",
  "prev-slayer-task": "NO_TASK",
  "task-amount": 0,
  "task-streak": 0,
  "duo-partner": "null",
  "double-slay-xp": false,
  "recoil-deg": 0,
  "blowpipe-deg": 0,
  "brawlers-deg": [
    0,
    0,
    0,
    0,
    0,
    0,
    0,
    0,
    0,
    0,
    0
  ],
  "ancient-deg": [
    0,
    0,
    0,
    0,
    0,
    0,
    0,
    0,
    0,
    0,
    0,
    0,
    0,
    0,
    0
  ],
  "killed-players": [],
  "killed-gods": [
    false,
    false,
    false,
    false,
    false
  ],
  "vod-brother": [
    [
      9029,
      0
    ],
    [
      9028,
      0
    ],
    [
      9030,
      0
    ]
  ],
  "vod-killcount": 0,
  "hov-killcount": 0,
  "barrows-brother": [
    [
      2030,
      0
    ],
    [
      2029,
      0
    ],
    [
      2028,
      0
    ],
    [
      2027,
      0
    ],
    [
      2026,
      0
    ],
    [
      2025,
      0
    ]
  ],
  "random-coffin": 0,
  "barrows-killcount": 0,
  "nomad": [
    false,
    false
  ],
  "recipe-for-disaster": [
    false,
    false,
    false,
    false,
    false,
    false,
    false,
    false,
    false
  ],
  "recipe-for-disaster-wave": 0,
  "clue-progress": 0,
  "dung-items-bound": [
    0,
    0,
    0,
    0,
    0
  ],
  "collection-data": [
    {
      "npcId": 9837,
      "item": 995,
      "amount": 110
    },
    {
      "npcId": 9837,
      "item": 2023,
      "amount": 10
    },
    {
      "npcId": 9027,
      "item": 995,
      "amount": 220
    },
    {
      "npcId": 9027,
      "item": 2023,
      "amount": 27
    },
    {
      "npcId": 9835,
      "item": 995,
      "amount": 334
    },
    {
      "npcId": 9835,
      "item": 2023,
      "amount": 37
    },
    {
      "npcId": 9911,
      "item": 995,
      "amount": 442
    },
    {
      "npcId": 9911,
      "item": 2023,
      "amount": 45
    },
    {
      "npcId": 9922,
      "item": 995,
      "amount": 554
    },
    {
      "npcId": 9922,
      "item": 2023,
      "amount": 55
    },
    {
      "npcId": 9838,
      "item": 995,
      "amount": 659
    },
    {
      "npcId": 9838,
      "item": 2023,
      "amount": 60
    },
    {
      "npcId": 9838,
      "item": 20089,
      "amount": 3
    },
    {
      "npcId": 9838,
      "item": 20088,
      "amount": 1
    },
    {
      "npcId": 9838,
      "item": 20087,
      "amount": 2
    },
    {
      "npcId": 9838,
      "item": 20092,
      "amount": 1
    },
    {
      "npcId": 9838,
      "item": 14487,
      "amount": 1
    },
    {
      "npcId": 9845,
      "item": 995,
      "amount": 769
    },
    {
      "npcId": 9845,
      "item": 2023,
      "amount": 71
    },
    {
      "npcId": 9845,
      "item": 20089,
      "amount": 1
    },
    {
      "npcId": 9845,
      "item": 14487,
      "amount": 1
    },
    {
      "npcId": 9845,
      "item": 20093,
      "amount": 2
    },
    {
      "npcId": 9845,
      "item": 20086,
      "amount": 2
    },
    {
      "npcId": 9845,
      "item": 20088,
      "amount": 1
    },
    {
      "npcId": 9845,
      "item": 20087,
      "amount": 1
    },
    {
      "npcId": 9845,
      "item": 20091,
      "amount": 1
    },
    {
      "npcId": 9910,
      "item": 995,
      "amount": 886
    },
    {
      "npcId": 9910,
      "item": 2023,
      "amount": 87
    },
    {
      "npcId": 9910,
      "item": 20087,
      "amount": 1
    },
    {
      "npcId": 9910,
      "item": 20088,
      "amount": 2
    },
    {
      "npcId": 9910,
      "item": 20086,
      "amount": 1
    },
    {
      "npcId": 9910,
      "item": 20093,
      "amount": 1
    },
    {
      "npcId": 9910,
      "item": 14487,
      "amount": 3
    },
    {
      "npcId": 9910,
      "item": 20089,
      "amount": 1
    },
    {
      "npcId": 9807,
      "item": 995,
      "amount": 998
    },
    {
      "npcId": 9807,
      "item": 2023,
      "amount": 99
    },
    {
      "npcId": 9807,
      "item": 20087,
      "amount": 1
    },
    {
      "npcId": 9807,
      "item": 14487,
      "amount": 2
    },
    {
      "npcId": 9807,
      "item": 20091,
      "amount": 3
    },
    {
      "npcId": 9807,
      "item": 20086,
      "amount": 2
    },
    {
      "npcId": 9807,
      "item": 20088,
      "amount": 2
    },
    {
      "npcId": 9807,
      "item": 20092,
      "amount": 2
    },
    {
      "npcId": 9807,
      "item": 20089,
      "amount": 2
    },
    {
      "npcId": 6692,
      "item": 995,
      "amount": 1066
    },
    {
      "npcId": 6692,
      "item": 2023,
      "amount": 66
    },
    {
      "npcId": 6692,
      "item": 18009,
      "amount": 2
    },
    {
      "npcId": 6692,
      "item": 17999,
      "amount": 1
    },
    {
      "npcId": 6692,
      "item": 18001,
      "amount": 1
    },
    {
      "npcId": 6692,
      "item": 18003,
      "amount": 1
    },
    {
      "npcId": 6692,
      "item": 18005,
      "amount": 1
    },
    {
      "npcId": 6692,
      "item": 18011,
      "amount": 1
    },
    {
      "npcId": 8014,
      "item": 995,
      "amount": 2216
    },
    {
      "npcId": 8014,
      "item": 2023,
      "amount": 218
    },
    {
      "npcId": 8014,
      "item": 23052,
      "amount": 1
    },
    {
      "npcId": 8014,
      "item": 23054,
      "amount": 1
    },
    {
      "npcId": 8014,
      "item": 23055,
      "amount": 1
    },
    {
      "npcId": 8013,
      "item": 10946,
      "amount": 5
    },
    {
      "npcId": 8013,
      "item": 23020,
      "amount": 3
    },
    {
      "npcId": 9906,
      "item": 995,
      "amount": 2474957
    },
    {
      "npcId": 9906,
      "item": 2023,
      "amount": 28
    },
    {
      "npcId": 9904,
      "item": 995,
      "amount": 4186167
    },
    {
      "npcId": 9904,
      "item": 2023,
      "amount": 42
    },
    {
      "npcId": 9907,
      "item": 10946,
      "amount": 2
    },
    {
      "npcId": 9907,
      "item": 2023,
      "amount": 101
    },
    {
      "npcId": 8014,
      "item": 23050,
      "amount": 1
    },
    {
      "npcId": 8003,
      "item": 995,
      "amount": 3260
    },
    {
      "npcId": 8003,
      "item": 2023,
      "amount": 261
    },
    {
      "npcId": 8003,
      "item": 8335,
      "amount": 2
    },
    {
      "npcId": 8003,
      "item": 19892,
      "amount": 1
    },
    {
      "npcId": 8003,
      "item": 8334,
      "amount": 2
    },
    {
      "npcId": 8003,
      "item": 20592,
      "amount": 1
    },
    {
      "npcId": 202,
      "item": 995,
      "amount": 4210
    },
    {
      "npcId": 202,
      "item": 2023,
      "amount": 214
    },
    {
      "npcId": 202,
      "item": 18683,
      "amount": 1
    },
    {
      "npcId": 202,
      "item": 13302,
      "amount": 1
    },
    {
      "npcId": 202,
      "item": 13300,
      "amount": 2
    },
    {
      "npcId": 811,
      "item": 995,
      "amount": 5057
    },
    {
      "npcId": 811,
      "item": 2023,
      "amount": 58
    }
  ],
  "holy-prayers-unlocked": [
    false,
    false,
    false,
    false,
    false,
    false
  ],
  "rune-ess": 0,
  "pure-ess": 0,
  "has-bank-pin": false,
  "last-pin-attempt": 0,
  "invalid-pin-attempts": 0,
  "bank-pin": [
    0,
    0,
    0,
    0
  ],
  "appearance": [
    0,
    0,
    18,
    26,
    33,
    36,
    42,
    10,
    0,
    0,
    0,
    0,
    0
  ],
  "agility-obj": [
    false,
    false,
    false,
    false,
    false,
    false,
    false
  ],
  "skills": {
    "level": [
      125,
      125,
      125,
      1200,
      125,
      0,
      125,
      1,
      1,
      1,
      1,
      1,
      95,
      1,
      1,
      1,
      1,
      1,
      1,
      1,
      1,
      1,
      1,
      1,
      1
    ],
    "maxLevel": [
      120,
      120,
      120,
      1200,
      1,
      1200,
      120,
      1,
      1,
      1,
      1,
      1,
      95,
      1,
      1,
      1,
      1,
      1,
      1,
      1,
      1,
      1,
      1,
      1,
      1
    ],
    "experience": [
      132623015,
      105137460,
      121556925,
      2000000000,
      0,
      126183936,
      2000000000,
      0,
      0,
      0,
      0,
      0,
      8866054,
      0,
      0,
      0,
      0,
      0,
      0,
      0,
      0,
      0,
      0,
      0,
      0
    ]
  },
  "inventory": [
    {
      "id": 995,
      "amount": 20068210,
      "slot": 0,
      "bonus": {
        "effect": "NOTHING",
        "rarity": "COMMON",
        "bonus": 0
      }
    },
    {
      "id": 10835,
      "amount": 2016477,
      "slot": 0,
      "bonus": {
        "effect": "NOTHING",
        "rarity": "COMMON",
        "bonus": 0
      }
    },
    {
      "id": 21814,
      "amount": 30,
      "slot": 0,
      "bonus": {
        "effect": "NOTHING",
        "rarity": "COMMON",
        "bonus": 0
      }
    },
    {
      "id": 23122,
      "amount": 1,
      "slot": 0,
      "bonus": {
        "effect": "NOTHING",
        "rarity": "COMMON",
        "bonus": 0
      }
    },
    {
      "id": 2023,
      "amount": 266,
      "slot": 0,
      "bonus": {
        "effect": "NOTHING",
        "rarity": "COMMON",
        "bonus": 0
      }
    },
    {
      "id": 13302,
      "amount": 1,
      "slot": 0,
      "bonus": {
        "effect": "NOTHING",
        "rarity": "COMMON",
        "bonus": 0
      }
    },
    {
      "id": 13300,
      "amount": 1,
      "slot": 0,
      "bonus": {
        "effect": "DROP_RATE_LOW",
        "rarity": "RARE",
        "bonus": 8
      }
    },
    {
      "id": -1,
      "amount": 0,
      "slot": 0,
      "bonus": {
        "effect": "NOTHING",
        "rarity": "COMMON",
        "bonus": 0
      }
    },
    {
      "id": -1,
      "amount": 0,
      "slot": 0,
      "bonus": {
        "effect": "NOTHING",
        "rarity": "COMMON",
        "bonus": 0
      }
    },
    {
      "id": -1,
      "amount": 0,
      "slot": 0,
      "bonus": {
        "effect": "NOTHING",
        "rarity": "COMMON",
        "bonus": 0
      }
    },
    {
      "id": -1,
      "amount": 0,
      "slot": 0,
      "bonus": {
        "effect": "NOTHING",
        "rarity": "COMMON",
        "bonus": 0
      }
    },
    {
      "id": -1,
      "amount": 0,
      "slot": 0,
      "bonus": {
        "effect": "NOTHING",
        "rarity": "COMMON",
        "bonus": 0
      }
    },
    {
      "id": -1,
      "amount": 0,
      "slot": 0,
      "bonus": {
        "effect": "NOTHING",
        "rarity": "COMMON",
        "bonus": 0
      }
    },
    {
      "id": -1,
      "amount": 0,
      "slot": 0,
      "bonus": {
        "effect": "NOTHING",
        "rarity": "COMMON",
        "bonus": 0
      }
    },
    {
      "id": -1,
      "amount": 0,
      "slot": 0,
      "bonus": {
        "effect": "NOTHING",
        "rarity": "COMMON",
        "bonus": 0
      }
    },
    {
      "id": -1,
      "amount": 0,
      "slot": 0,
      "bonus": {
        "effect": "NOTHING",
        "rarity": "COMMON",
        "bonus": 0
      }
    },
    {
      "id": -1,
      "amount": 0,
      "slot": 0,
      "bonus": {
        "effect": "NOTHING",
        "rarity": "COMMON",
        "bonus": 0
      }
    },
    {
      "id": -1,
      "amount": 0,
      "slot": 0,
      "bonus": {
        "effect": "NOTHING",
        "rarity": "COMMON",
        "bonus": 0
      }
    },
    {
      "id": -1,
      "amount": 0,
      "slot": 0,
      "bonus": {
        "effect": "NOTHING",
        "rarity": "COMMON",
        "bonus": 0
      }
    },
    {
      "id": -1,
      "amount": 0,
      "slot": 0,
      "bonus": {
        "effect": "NOTHING",
        "rarity": "COMMON",
        "bonus": 0
      }
    },
    {
      "id": -1,
      "amount": 0,
      "slot": 0,
      "bonus": {
        "effect": "NOTHING",
        "rarity": "COMMON",
        "bonus": 0
      }
    },
    {
      "id": -1,
      "amount": 0,
      "slot": 0,
      "bonus": {
        "effect": "NOTHING",
        "rarity": "COMMON",
        "bonus": 0
      }
    },
    {
      "id": -1,
      "amount": 0,
      "slot": 0,
      "bonus": {
        "effect": "NOTHING",
        "rarity": "COMMON",
        "bonus": 0
      }
    },
    {
      "id": -1,
      "amount": 0,
      "slot": 0,
      "bonus": {
        "effect": "NOTHING",
        "rarity": "COMMON",
        "bonus": 0
      }
    },
    {
      "id": -1,
      "amount": 0,
      "slot": 0,
      "bonus": {
        "effect": "NOTHING",
        "rarity": "COMMON",
        "bonus": 0
      }
    },
    {
      "id": -1,
      "amount": 0,
      "slot": 0,
      "bonus": {
        "effect": "NOTHING",
        "rarity": "COMMON",
        "bonus": 0
      }
    },
    {
      "id": -1,
      "amount": 0,
      "slot": 0,
      "bonus": {
        "effect": "NOTHING",
        "rarity": "COMMON",
        "bonus": 0
      }
    },
    {
      "id": -1,
      "amount": 0,
      "slot": 0,
      "bonus": {
        "effect": "NOTHING",
        "rarity": "COMMON",
        "bonus": 0
      }
    }
  ],
  "equipment": [
    {
      "id": 21028,
      "amount": 1,
      "slot": 0,
      "bonus": {
        "effect": "ALL_DAMAGE_LOW",
        "rarity": "RARE",
        "bonus": 1
      }
    },
    {
      "id": 18683,
      "amount": 1,
      "slot": 0,
      "bonus": {
        "effect": "RANGE_DAMAGE",
        "rarity": "UNCOMMON",
        "bonus": 1
      }
    },
    {
      "id": 19886,
      "amount": 1,
      "slot": 0,
      "bonus": {
        "effect": "NOTHING",
        "rarity": "COMMON",
        "bonus": 0
      }
    },
    {
      "id": 18629,
      "amount": 1,
      "slot": 0,
      "bonus": {
        "effect": "DOUBLE_DROP",
        "rarity": "RARE",
        "bonus": 20
      }
    },
    {
      "id": 16021,
      "amount": 1,
      "slot": 0,
      "bonus": {
        "effect": "ALL_DAMAGE_MEDIUM",
        "rarity": "LEGENDARY",
        "bonus": 2
      }
    },
    {
      "id": 19914,
      "amount": 1,
      "slot": 0,
      "bonus": {
        "effect": "NOTHING",
        "rarity": "COMMON",
        "bonus": 0
      }
    },
    {
      "id": 22120,
      "amount": 1,
      "slot": 0,
      "bonus": {
        "effect": "NOTHING",
        "rarity": "COMMON",
        "bonus": 0
      }
    },
    {
      "id": 4686,
      "amount": 1,
      "slot": 0,
      "bonus": {
        "effect": "NOTHING",
        "rarity": "COMMON",
        "bonus": 0
      }
    },
    {
      "id": -1,
      "amount": 0,
      "slot": 0,
      "bonus": {
        "effect": "NOTHING",
        "rarity": "COMMON",
        "bonus": 0
      }
    },
    {
      "id": 14913,
      "amount": 1,
      "slot": 0,
      "bonus": {
        "effect": "DROP_RATE_LOW",
        "rarity": "RARE",
        "bonus": 19
      }
    },
    {
      "id": 8334,
      "amount": 1,
      "slot": 0,
      "bonus": {
        "effect": "DOUBLE_DROP",
        "rarity": "RARE",
        "bonus": 8
      }
    },
    {
      "id": -1,
      "amount": 0,
      "slot": 0,
      "bonus": {
        "effect": "NOTHING",
        "rarity": "COMMON",
        "bonus": 0
      }
    },
    {
      "id": 8335,
      "amount": 1,
      "slot": 0,
      "bonus": {
        "effect": "NOTHING",
        "rarity": "COMMON",
        "bonus": 0
      }
    },
    {
      "id": -1,
      "amount": 0,
      "slot": 0,
      "bonus": {
        "effect": "NOTHING",
        "rarity": "COMMON",
        "bonus": 0
      }
    },
    {
      "id": -1,
      "amount": 0,
      "slot": 0,
      "bonus": {
        "effect": "NOTHING",
        "rarity": "COMMON",
        "bonus": 0
      }
    }
  ],
  "secondary-equipment": [
    {
      "id": -1,
      "amount": 0,
      "slot": 0,
      "bonus": {
        "effect": "NOTHING",
        "rarity": "COMMON",
        "bonus": 0
      }
    },
    {
      "id": -1,
      "amount": 0,
      "slot": 0,
      "bonus": {
        "effect": "NOTHING",
        "rarity": "COMMON",
        "bonus": 0
      }
    },
    {
      "id": -1,
      "amount": 0,
      "slot": 0,
      "bonus": {
        "effect": "NOTHING",
        "rarity": "COMMON",
        "bonus": 0
      }
    },
    {
      "id": -1,
      "amount": 0,
      "slot": 0,
      "bonus": {
        "effect": "NOTHING",
        "rarity": "COMMON",
        "bonus": 0
      }
    },
    {
      "id": -1,
      "amount": 0,
      "slot": 0,
      "bonus": {
        "effect": "NOTHING",
        "rarity": "COMMON",
        "bonus": 0
      }
    },
    {
      "id": -1,
      "amount": 0,
      "slot": 0,
      "bonus": {
        "effect": "NOTHING",
        "rarity": "COMMON",
        "bonus": 0
      }
    },
    {
      "id": -1,
      "amount": 0,
      "slot": 0,
      "bonus": {
        "effect": "NOTHING",
        "rarity": "COMMON",
        "bonus": 0
      }
    },
    {
      "id": -1,
      "amount": 0,
      "slot": 0,
      "bonus": {
        "effect": "NOTHING",
        "rarity": "COMMON",
        "bonus": 0
      }
    },
    {
      "id": -1,
      "amount": 0,
      "slot": 0,
      "bonus": {
        "effect": "NOTHING",
        "rarity": "COMMON",
        "bonus": 0
      }
    },
    {
      "id": -1,
      "amount": 0,
      "slot": 0,
      "bonus": {
        "effect": "NOTHING",
        "rarity": "COMMON",
        "bonus": 0
      }
    },
    {
      "id": -1,
      "amount": 0,
      "slot": 0,
      "bonus": {
        "effect": "NOTHING",
        "rarity": "COMMON",
        "bonus": 0
      }
    },
    {
      "id": -1,
      "amount": 0,
      "slot": 0,
      "bonus": {
        "effect": "NOTHING",
        "rarity": "COMMON",
        "bonus": 0
      }
    },
    {
      "id": -1,
      "amount": 0,
      "slot": 0,
      "bonus": {
        "effect": "NOTHING",
        "rarity": "COMMON",
        "bonus": 0
      }
    },
    {
      "id": -1,
      "amount": 0,
      "slot": 0,
      "bonus": {
        "effect": "NOTHING",
        "rarity": "COMMON",
        "bonus": 0
      }
    },
    {
      "id": -1,
      "amount": 0,
      "slot": 0,
      "bonus": {
        "effect": "NOTHING",
        "rarity": "COMMON",
        "bonus": 0
      }
    }
  ],
  "preset-equipment": [
    {
      "id": -1,
      "amount": 0,
      "slot": 0,
      "bonus": {
        "effect": "NOTHING",
        "rarity": "COMMON",
        "bonus": 0
      }
    },
    {
      "id": -1,
      "amount": 0,
      "slot": 0,
      "bonus": {
        "effect": "NOTHING",
        "rarity": "COMMON",
        "bonus": 0
      }
    },
    {
      "id": -1,
      "amount": 0,
      "slot": 0,
      "bonus": {
        "effect": "NOTHING",
        "rarity": "COMMON",
        "bonus": 0
      }
    },
    {
      "id": -1,
      "amount": 0,
      "slot": 0,
      "bonus": {
        "effect": "NOTHING",
        "rarity": "COMMON",
        "bonus": 0
      }
    },
    {
      "id": -1,
      "amount": 0,
      "slot": 0,
      "bonus": {
        "effect": "NOTHING",
        "rarity": "COMMON",
        "bonus": 0
      }
    },
    {
      "id": -1,
      "amount": 0,
      "slot": 0,
      "bonus": {
        "effect": "NOTHING",
        "rarity": "COMMON",
        "bonus": 0
      }
    },
    {
      "id": -1,
      "amount": 0,
      "slot": 0,
      "bonus": {
        "effect": "NOTHING",
        "rarity": "COMMON",
        "bonus": 0
      }
    },
    {
      "id": -1,
      "amount": 0,
      "slot": 0,
      "bonus": {
        "effect": "NOTHING",
        "rarity": "COMMON",
        "bonus": 0
      }
    },
    {
      "id": -1,
      "amount": 0,
      "slot": 0,
      "bonus": {
        "effect": "NOTHING",
        "rarity": "COMMON",
        "bonus": 0
      }
    },
    {
      "id": -1,
      "amount": 0,
      "slot": 0,
      "bonus": {
        "effect": "NOTHING",
        "rarity": "COMMON",
        "bonus": 0
      }
    },
    {
      "id": -1,
      "amount": 0,
      "slot": 0,
      "bonus": {
        "effect": "NOTHING",
        "rarity": "COMMON",
        "bonus": 0
      }
    },
    {
      "id": -1,
      "amount": 0,
      "slot": 0,
      "bonus": {
        "effect": "NOTHING",
        "rarity": "COMMON",
        "bonus": 0
      }
    },
    {
      "id": -1,
      "amount": 0,
      "slot": 0,
      "bonus": {
        "effect": "NOTHING",
        "rarity": "COMMON",
        "bonus": 0
      }
    },
    {
      "id": -1,
      "amount": 0,
      "slot": 0,
      "bonus": {
        "effect": "NOTHING",
        "rarity": "COMMON",
        "bonus": 0
      }
    },
    {
      "id": -1,
      "amount": 0,
      "slot": 0,
      "bonus": {
        "effect": "NOTHING",
        "rarity": "COMMON",
        "bonus": 0
      }
    }
  ],
  "offences": [],
  "bank-0": [
    {
      "id": 2380,
      "amount": 2,
      "slot": 0,
      "bonus": {
        "effect": "NOTHING",
        "rarity": "COMMON",
        "bonus": 0
      }
    },
    {
      "id": 2381,
      "amount": 8,
      "slot": 0,
      "bonus": {
        "effect": "NOTHING",
        "rarity": "COMMON",
        "bonus": 0
      }
    },
    {
      "id": 8788,
      "amount": 1,
      "slot": 0,
      "bonus": {
        "effect": "NOTHING",
        "rarity": "COMMON",
        "bonus": 0
      }
    },
    {
      "id": 11137,
      "amount": 47,
      "slot": 0,
      "bonus": {
        "effect": "NOTHING",
        "rarity": "COMMON",
        "bonus": 0
      }
    },
    {
      "id": 2734,
      "amount": 5,
      "slot": 0,
      "bonus": {
        "effect": "NOTHING",
        "rarity": "COMMON",
        "bonus": 0
      }
    }
  ],
  "bank-1": [
    {
      "id": 10835,
      "amount": 275,
      "slot": 0,
      "bonus": {
        "effect": "NOTHING",
        "rarity": "COMMON",
        "bonus": 0
      }
    },
    {
      "id": 995,
      "amount": 5026274,
      "slot": 0,
      "bonus": {
        "effect": "NOTHING",
        "rarity": "COMMON",
        "bonus": 0
      }
    },
    {
      "id": 20503,
      "amount": 5,
      "slot": 0,
      "bonus": {
        "effect": "NOTHING",
        "rarity": "COMMON",
        "bonus": 0
      }
    },
    {
      "id": 5023,
      "amount": 2340,
      "slot": 0,
      "bonus": {
        "effect": "NOTHING",
        "rarity": "COMMON",
        "bonus": 0
      }
    },
    {
      "id": 15359,
      "amount": 1,
      "slot": 0,
      "bonus": {
        "effect": "NOTHING",
        "rarity": "COMMON",
        "bonus": 0
      }
    },
    {
      "id": 15358,
      "amount": 1,
      "slot": 0,
      "bonus": {
        "effect": "NOTHING",
        "rarity": "COMMON",
        "bonus": 0
      }
    },
    {
      "id": 23020,
      "amount": 8,
      "slot": 0,
      "bonus": {
        "effect": "NOTHING",
        "rarity": "COMMON",
        "bonus": 0
      }
    },
    {
      "id": 15355,
      "amount": 1,
      "slot": 0,
      "bonus": {
        "effect": "NOTHING",
        "rarity": "COMMON",
        "bonus": 0
      }
    }
  ],
  "bank-2": [
    {
      "id": 703,
      "amount": 1,
      "slot": 0,
      "bonus": {
        "effect": "NOTHING",
        "rarity": "COMMON",
        "bonus": 0
      }
    },
    {
      "id": 705,
      "amount": 1,
      "slot": 0,
      "bonus": {
        "effect": "NOTHING",
        "rarity": "COMMON",
        "bonus": 0
      }
    },
    {
      "id": 704,
      "amount": 1,
      "slot": 0,
      "bonus": {
        "effect": "NOTHING",
        "rarity": "COMMON",
        "bonus": 0
      }
    },
    {
      "id": 19945,
      "amount": 1,
      "slot": 0,
      "bonus": {
        "effect": "NOTHING",
        "rarity": "COMMON",
        "bonus": 0
      }
    },
    {
      "id": 19946,
      "amount": 1,
      "slot": 0,
      "bonus": {
        "effect": "NOTHING",
        "rarity": "COMMON",
        "bonus": 0
      }
    },
    {
      "id": 19944,
      "amount": 1,
      "slot": 0,
      "bonus": {
        "effect": "NOTHING",
        "rarity": "COMMON",
        "bonus": 0
      }
    },
    {
      "id": 20089,
      "amount": 2,
      "slot": 0,
      "bonus": {
        "effect": "NOTHING",
        "rarity": "COMMON",
        "bonus": 0
      }
    },
    {
      "id": 20086,
      "amount": 1,
      "slot": 0,
      "bonus": {
        "effect": "NOTHING",
        "rarity": "COMMON",
        "bonus": 0
      }
    },
    {
      "id": 20087,
      "amount": 1,
      "slot": 0,
      "bonus": {
        "effect": "NOTHING",
        "rarity": "COMMON",
        "bonus": 0
      }
    },
    {
      "id": 20088,
      "amount": 1,
      "slot": 0,
      "bonus": {
        "effect": "NOTHING",
        "rarity": "COMMON",
        "bonus": 0
      }
    },
    {
      "id": 18009,
      "amount": 2,
      "slot": 0,
      "bonus": {
        "effect": "NOTHING",
        "rarity": "COMMON",
        "bonus": 0
      }
    },
    {
      "id": 17999,
      "amount": 1,
      "slot": 0,
      "bonus": {
        "effect": "NOTHING",
        "rarity": "COMMON",
        "bonus": 0
      }
    },
    {
      "id": 18003,
      "amount": 1,
      "slot": 0,
      "bonus": {
        "effect": "NOTHING",
        "rarity": "COMMON",
        "bonus": 0
      }
    },
    {
      "id": 20592,
      "amount": 1,
      "slot": 0,
      "bonus": {
        "effect": "NOTHING",
        "rarity": "COMMON",
        "bonus": 0
      }
    },
    {
      "id": 14914,
      "amount": 1,
      "slot": 0,
      "bonus": {
        "effect": "RANGE_DAMAGE",
        "rarity": "UNCOMMON",
        "bonus": 1
      }
    },
    {
      "id": 23054,
      "amount": 0,
      "slot": 0,
      "bonus": {
        "effect": "NOTHING",
        "rarity": "COMMON",
        "bonus": 0
      }
    },
    {
      "id": 8334,
      "amount": 1,
      "slot": 0,
      "bonus": {
        "effect": "NOTHING",
        "rarity": "COMMON",
        "bonus": 0
      }
    },
    {
      "id": 18001,
      "amount": 1,
      "slot": 0,
      "bonus": {
        "effect": "NOTHING",
        "rarity": "COMMON",
        "bonus": 0
      }
    },
    {
      "id": 15924,
      "amount": 1,
      "slot": 0,
      "bonus": {
        "effect": "NOTHING",
        "rarity": "COMMON",
        "bonus": 0
      }
    },
    {
      "id": 8808,
      "amount": 0,
      "slot": 0,
      "bonus": {
        "effect": "NOTHING",
        "rarity": "COMMON",
        "bonus": 0
      }
    }
  ],
  "bank-3": [
    {
      "id": 18636,
      "amount": 1,
      "slot": 0,
      "bonus": {
        "effect": "DROP_RATE_LOW",
        "rarity": "RARE",
        "bonus": 13
      }
    },
    {
      "id": 22083,
      "amount": 1,
      "slot": 0,
      "bonus": {
        "effect": "NOTHING",
        "rarity": "COMMON",
        "bonus": 0
      }
    },
    {
      "id": 22092,
      "amount": 1,
      "slot": 0,
      "bonus": {
        "effect": "NOTHING",
        "rarity": "COMMON",
        "bonus": 0
      }
    },
    {
      "id": 22174,
      "amount": 4,
      "slot": 0,
      "bonus": {
        "effect": "NOTHING",
        "rarity": "COMMON",
        "bonus": 0
      }
    },
    {
      "id": 22084,
      "amount": 1,
      "slot": 0,
      "bonus": {
        "effect": "NOTHING",
        "rarity": "COMMON",
        "bonus": 0
      }
    },
    {
      "id": 18636,
      "amount": 1,
      "slot": 0,
      "bonus": {
        "effect": "DOUBLE_DROP",
        "rarity": "RARE",
        "bonus": 16
      }
    },
    {
      "id": 14484,
      "amount": 1,
      "slot": 0,
      "bonus": {
        "effect": "NOTHING",
        "rarity": "COMMON",
        "bonus": 0
      }
    }
  ],
  "bank-4": [
    {
      "id": 19886,
      "amount": 1,
      "slot": 0,
      "bonus": {
        "effect": "NOTHING",
        "rarity": "COMMON",
        "bonus": 0
      }
    },
    {
      "id": 23091,
      "amount": 1,
      "slot": 0,
      "bonus": {
        "effect": "NOTHING",
        "rarity": "COMMON",
        "bonus": 0
      }
    },
    {
      "id": 20400,
      "amount": 1,
      "slot": 0,
      "bonus": {
        "effect": "NOTHING",
        "rarity": "COMMON",
        "bonus": 0
      }
    },
    {
      "id": 23089,
      "amount": 1,
      "slot": 0,
      "bonus": {
        "effect": "NOTHING",
        "rarity": "COMMON",
        "bonus": 0
      }
    },
    {
      "id": 8335,
      "amount": 1,
      "slot": 0,
      "bonus": {
        "effect": "NOTHING",
        "rarity": "COMMON",
        "bonus": 0
      }
    },
    {
      "id": 18005,
      "amount": 1,
      "slot": 0,
      "bonus": {
        "effect": "NOTHING",
        "rarity": "COMMON",
        "bonus": 0
      }
    }
  ],
  "bank-5": [
    {
      "id": 2023,
      "amount": 680,
      "slot": 0,
      "bonus": {
        "effect": "NOTHING",
        "rarity": "COMMON",
        "bonus": 0
      }
    },
    {
      "id": 3024,
      "amount": 10098,
      "slot": 0,
      "bonus": {
        "effect": "NOTHING",
        "rarity": "COMMON",
        "bonus": 0
      }
    },
    {
      "id": 17817,
      "amount": 100,
      "slot": 0,
      "bonus": {
        "effect": "NOTHING",
        "rarity": "COMMON",
        "bonus": 0
      }
    }
  ],
  "bank-6": [
    {
      "id": 795,
      "amount": 1,
      "slot": 0,
      "bonus": {
        "effect": "NOTHING",
        "rarity": "COMMON",
        "bonus": 0
      }
    },
    {
      "id": 815,
      "amount": 2,
      "slot": 0,
      "bonus": {
        "effect": "NOTHING",
        "rarity": "COMMON",
        "bonus": 0
      }
    },
    {
      "id": 777,
      "amount": 1,
      "slot": 0,
      "bonus": {
        "effect": "NOTHING",
        "rarity": "COMMON",
        "bonus": 0
      }
    },
    {
      "id": 943,
      "amount": 2,
      "slot": 0,
      "bonus": {
        "effect": "NOTHING",
        "rarity": "COMMON",
        "bonus": 0
      }
    },
    {
      "id": 919,
      "amount": 2,
      "slot": 0,
      "bonus": {
        "effect": "NOTHING",
        "rarity": "COMMON",
        "bonus": 0
      }
    },
    {
      "id": 942,
      "amount": 1,
      "slot": 0,
      "bonus": {
        "effect": "NOTHING",
        "rarity": "COMMON",
        "bonus": 0
      }
    },
    {
      "id": 1005,
      "amount": 1,
      "slot": 0,
      "bonus": {
        "effect": "NOTHING",
        "rarity": "COMMON",
        "bonus": 0
      }
    },
    {
      "id": 937,
      "amount": 1,
      "slot": 0,
      "bonus": {
        "effect": "NOTHING",
        "rarity": "COMMON",
        "bonus": 0
      }
    },
    {
      "id": 922,
      "amount": 1,
      "slot": 0,
      "bonus": {
        "effect": "NOTHING",
        "rarity": "COMMON",
        "bonus": 0
      }
    },
    {
      "id": 945,
      "amount": 1,
      "slot": 0,
      "bonus": {
        "effect": "NOTHING",
        "rarity": "COMMON",
        "bonus": 0
      }
    }
  ],
  "bank-7": [
    {
      "id": 1027,
      "amount": 2,
      "slot": 0,
      "bonus": {
        "effect": "NOTHING",
        "rarity": "COMMON",
        "bonus": 0
      }
    },
    {
      "id": 3090,
      "amount": 1,
      "slot": 0,
      "bonus": {
        "effect": "NOTHING",
        "rarity": "COMMON",
        "bonus": 0
      }
    },
    {
      "id": 23122,
      "amount": 1,
      "slot": 0,
      "bonus": {
        "effect": "NOTHING",
        "rarity": "COMMON",
        "bonus": 0
      }
    }
  ],
  "bank-8": [],
  "new-uim-bank": [],
  "ge-slots": [
    null,
    null,
    null,
    null,
    null,
    null
  ],
  "charm-imp": [
    0,
    0,
    0,
    0
  ],
  "friends": [
    44966858039604686,
    61611246936,
    812715198416060
  ],
  "ignores": [],
  "loyalty-titles": [
    false,
    false,
    false,
    false,
    false,
    false,
    false,
    false,
    false,
    false,
    false,
    false
  ],
  "kills": [
    {
      "runningTotal": 0,
      "npcId": 1265,
      "npcName": "Oracle Lion",
      "amount": 0,
      "boss": false
    },
    {
      "runningTotal": 10,
      "npcId": 9837,
      "npcName": "Blurite Goblin",
      "amount": 10,
      "boss": false
    },
    {
      "runningTotal": 21,
      "npcId": 9027,
      "npcName": "Blurite Orc",
      "amount": 21,
      "boss": false
    },
    {
      "runningTotal": 33,
      "npcId": 9835,
      "npcName": "Blurite Demon",
      "amount": 33,
      "boss": false
    },
    {
      "runningTotal": 41,
      "npcId": 9911,
      "npcName": "Blurite Werewolf",
      "amount": 41,
      "boss": false
    },
    {
      "runningTotal": 52,
      "npcId": 9922,
      "npcName": "Blurite Centaur",
      "amount": 52,
      "boss": false
    },
    {
      "runningTotal": 60,
      "npcId": 9838,
      "npcName": "Imperial Hound",
      "amount": 60,
      "boss": false
    },
    {
      "runningTotal": 70,
      "npcId": 9845,
      "npcName": "Imperial Scorpion",
      "amount": 70,
      "boss": false
    },
    {
      "runningTotal": 87,
      "npcId": 9910,
      "npcName": "Imperial Ranger",
      "amount": 87,
      "boss": false
    },
    {
      "runningTotal": 99,
      "npcId": 9807,
      "npcName": "Imperial Paladin",
      "amount": 99,
      "boss": false
    },
    {
      "runningTotal": 66,
      "npcId": 6692,
      "npcName": "Revenant Wyvern",
      "amount": 66,
      "boss": false
    },
    {
      "runningTotal": 217,
      "npcId": 8014,
      "npcName": "Zinqrux",
      "amount": 217,
      "boss": false
    },
    {
      "runningTotal": 259,
      "npcId": 8003,
      "npcName": "Dr. Aberrant",
      "amount": 259,
      "boss": false
    },
    {
      "runningTotal": 209,
      "npcId": 202,
      "npcName": "Inferno",
      "amount": 209,
      "boss": true
    },
    {
      "runningTotal": 58,
      "npcId": 811,
      "npcName": "Nagendra",
      "amount": 58,
      "boss": true
    }
  ],
  "drops": [
    {
      "item": 995,
      "amount": 7404319,
      "rareDrop": false
    },
    {
      "item": 2023,
      "amount": 934,
      "rareDrop": false
    },
    {
      "item": 20088,
      "amount": 3,
      "rareDrop": false
    },
    {
      "item": 20087,
      "amount": 3,
      "rareDrop": false
    },
    {
      "item": 20089,
      "amount": 2,
      "rareDrop": false
    },
    {
      "item": 14487,
      "amount": 4,
      "rareDrop": false
    },
    {
      "item": 20086,
      "amount": 2,
      "rareDrop": false
    },
    {
      "item": 20091,
      "amount": 1,
      "rareDrop": false
    },
    {
      "item": 20092,
      "amount": 1,
      "rareDrop": false
    },
    {
      "item": 18011,
      "amount": 1,
      "rareDrop": false
    },
    {
      "item": 23055,
      "amount": 1,
      "rareDrop": false
    },
    {
      "item": 10946,
      "amount": 6,
      "rareDrop": false
    },
    {
      "item": 23020,
      "amount": 3,
      "rareDrop": false
    }
  ],
  "achievements-completion": [],
  "achievements-progress": [
    0,
    0,
    0,
    0,
    0,
    0,
    0,
    0,
    0,
    0,
    0,
    0,
    0,
    0,
    0,
    0,
    0,
    0,
    0,
    0,
    0,
    0,
    0,
    0,
    0,
    0,
    0,
    0,
    0,
    0,
    0,
    0,
    0,
    0,
    0,
    0,
    0,
    0,
    0,
    0,
    0,
    0,
    0,
    0,
    0,
    0,
    0,
    0,
    0,
    0,
    0,
    0,
    0
  ],
  "fri13may16": false,
  "spiritdebug": false,
  "reffered": false,
  "indung": false,
  "toggledglobalmessages": false,
  "flying": false,
  "canfly": false,
  "ghostwalking": false,
  "canghostwalk": false,
  "barrowschests": 0,
  "cluesteps": 0,
  "difficulty": "MODERN",
  "secondary-equipment-slots-unlocked": [
    false,
    false,
    false,
    false,
    false,
    false,
    false,
    false,
    false,
    false,
    false,
    false,
    false,
    false,
    false
  ],
  "hween2016": [
    false,
    false,
    false,
    false,
    false,
    false,
    false
  ],
  "donehween2016": false,
  "christmas2016": 0,
  "newYear2017": 0,
  "easter2017": 0,
  "hcimdunginventory": [
    {
      "id": -1,
      "amount": 0,
      "slot": 0,
      "bonus": {
        "effect": "NOTHING",
        "rarity": "COMMON",
        "bonus": 0
      }
    },
    {
      "id": -1,
      "amount": 0,
      "slot": 0,
      "bonus": {
        "effect": "NOTHING",
        "rarity": "COMMON",
        "bonus": 0
      }
    },
    {
      "id": -1,
      "amount": 0,
      "slot": 0,
      "bonus": {
        "effect": "NOTHING",
        "rarity": "COMMON",
        "bonus": 0
      }
    },
    {
      "id": -1,
      "amount": 0,
      "slot": 0,
      "bonus": {
        "effect": "NOTHING",
        "rarity": "COMMON",
        "bonus": 0
      }
    },
    {
      "id": -1,
      "amount": 0,
      "slot": 0,
      "bonus": {
        "effect": "NOTHING",
        "rarity": "COMMON",
        "bonus": 0
      }
    },
    {
      "id": -1,
      "amount": 0,
      "slot": 0,
      "bonus": {
        "effect": "NOTHING",
        "rarity": "COMMON",
        "bonus": 0
      }
    },
    {
      "id": -1,
      "amount": 0,
      "slot": 0,
      "bonus": {
        "effect": "NOTHING",
        "rarity": "COMMON",
        "bonus": 0
      }
    },
    {
      "id": -1,
      "amount": 0,
      "slot": 0,
      "bonus": {
        "effect": "NOTHING",
        "rarity": "COMMON",
        "bonus": 0
      }
    },
    {
      "id": -1,
      "amount": 0,
      "slot": 0,
      "bonus": {
        "effect": "NOTHING",
        "rarity": "COMMON",
        "bonus": 0
      }
    },
    {
      "id": -1,
      "amount": 0,
      "slot": 0,
      "bonus": {
        "effect": "NOTHING",
        "rarity": "COMMON",
        "bonus": 0
      }
    },
    {
      "id": -1,
      "amount": 0,
      "slot": 0,
      "bonus": {
        "effect": "NOTHING",
        "rarity": "COMMON",
        "bonus": 0
      }
    },
    {
      "id": -1,
      "amount": 0,
      "slot": 0,
      "bonus": {
        "effect": "NOTHING",
        "rarity": "COMMON",
        "bonus": 0
      }
    },
    {
      "id": -1,
      "amount": 0,
      "slot": 0,
      "bonus": {
        "effect": "NOTHING",
        "rarity": "COMMON",
        "bonus": 0
      }
    },
    {
      "id": -1,
      "amount": 0,
      "slot": 0,
      "bonus": {
        "effect": "NOTHING",
        "rarity": "COMMON",
        "bonus": 0
      }
    },
    {
      "id": -1,
      "amount": 0,
      "slot": 0,
      "bonus": {
        "effect": "NOTHING",
        "rarity": "COMMON",
        "bonus": 0
      }
    },
    {
      "id": -1,
      "amount": 0,
      "slot": 0,
      "bonus": {
        "effect": "NOTHING",
        "rarity": "COMMON",
        "bonus": 0
      }
    },
    {
      "id": -1,
      "amount": 0,
      "slot": 0,
      "bonus": {
        "effect": "NOTHING",
        "rarity": "COMMON",
        "bonus": 0
      }
    },
    {
      "id": -1,
      "amount": 0,
      "slot": 0,
      "bonus": {
        "effect": "NOTHING",
        "rarity": "COMMON",
        "bonus": 0
      }
    },
    {
      "id": -1,
      "amount": 0,
      "slot": 0,
      "bonus": {
        "effect": "NOTHING",
        "rarity": "COMMON",
        "bonus": 0
      }
    },
    {
      "id": -1,
      "amount": 0,
      "slot": 0,
      "bonus": {
        "effect": "NOTHING",
        "rarity": "COMMON",
        "bonus": 0
      }
    },
    {
      "id": -1,
      "amount": 0,
      "slot": 0,
      "bonus": {
        "effect": "NOTHING",
        "rarity": "COMMON",
        "bonus": 0
      }
    },
    {
      "id": -1,
      "amount": 0,
      "slot": 0,
      "bonus": {
        "effect": "NOTHING",
        "rarity": "COMMON",
        "bonus": 0
      }
    },
    {
      "id": -1,
      "amount": 0,
      "slot": 0,
      "bonus": {
        "effect": "NOTHING",
        "rarity": "COMMON",
        "bonus": 0
      }
    },
    {
      "id": -1,
      "amount": 0,
      "slot": 0,
      "bonus": {
        "effect": "NOTHING",
        "rarity": "COMMON",
        "bonus": 0
      }
    },
    {
      "id": -1,
      "amount": 0,
      "slot": 0,
      "bonus": {
        "effect": "NOTHING",
        "rarity": "COMMON",
        "bonus": 0
      }
    },
    {
      "id": -1,
      "amount": 0,
      "slot": 0,
      "bonus": {
        "effect": "NOTHING",
        "rarity": "COMMON",
        "bonus": 0
      }
    },
    {
      "id": -1,
      "amount": 0,
      "slot": 0,
      "bonus": {
        "effect": "NOTHING",
        "rarity": "COMMON",
        "bonus": 0
      }
    },
    {
      "id": -1,
      "amount": 0,
      "slot": 0,
      "bonus": {
        "effect": "NOTHING",
        "rarity": "COMMON",
        "bonus": 0
      }
    }
  ],
  "hcimdungequipment": [
    {
      "id": -1,
      "amount": 0,
      "slot": 0,
      "bonus": {
        "effect": "NOTHING",
        "rarity": "COMMON",
        "bonus": 0
      }
    },
    {
      "id": -1,
      "amount": 0,
      "slot": 0,
      "bonus": {
        "effect": "NOTHING",
        "rarity": "COMMON",
        "bonus": 0
      }
    },
    {
      "id": -1,
      "amount": 0,
      "slot": 0,
      "bonus": {
        "effect": "NOTHING",
        "rarity": "COMMON",
        "bonus": 0
      }
    },
    {
      "id": -1,
      "amount": 0,
      "slot": 0,
      "bonus": {
        "effect": "NOTHING",
        "rarity": "COMMON",
        "bonus": 0
      }
    },
    {
      "id": -1,
      "amount": 0,
      "slot": 0,
      "bonus": {
        "effect": "NOTHING",
        "rarity": "COMMON",
        "bonus": 0
      }
    },
    {
      "id": -1,
      "amount": 0,
      "slot": 0,
      "bonus": {
        "effect": "NOTHING",
        "rarity": "COMMON",
        "bonus": 0
      }
    },
    {
      "id": -1,
      "amount": 0,
      "slot": 0,
      "bonus": {
        "effect": "NOTHING",
        "rarity": "COMMON",
        "bonus": 0
      }
    },
    {
      "id": -1,
      "amount": 0,
      "slot": 0,
      "bonus": {
        "effect": "NOTHING",
        "rarity": "COMMON",
        "bonus": 0
      }
    },
    {
      "id": -1,
      "amount": 0,
      "slot": 0,
      "bonus": {
        "effect": "NOTHING",
        "rarity": "COMMON",
        "bonus": 0
      }
    },
    {
      "id": -1,
      "amount": 0,
      "slot": 0,
      "bonus": {
        "effect": "NOTHING",
        "rarity": "COMMON",
        "bonus": 0
      }
    },
    {
      "id": -1,
      "amount": 0,
      "slot": 0,
      "bonus": {
        "effect": "NOTHING",
        "rarity": "COMMON",
        "bonus": 0
      }
    },
    {
      "id": -1,
      "amount": 0,
      "slot": 0,
      "bonus": {
        "effect": "NOTHING",
        "rarity": "COMMON",
        "bonus": 0
      }
    },
    {
      "id": -1,
      "amount": 0,
      "slot": 0,
      "bonus": {
        "effect": "NOTHING",
        "rarity": "COMMON",
        "bonus": 0
      }
    },
    {
      "id": -1,
      "amount": 0,
      "slot": 0,
      "bonus": {
        "effect": "NOTHING",
        "rarity": "COMMON",
        "bonus": 0
      }
    },
    {
      "id": -1,
      "amount": 0,
      "slot": 0,
      "bonus": {
        "effect": "NOTHING",
        "rarity": "COMMON",
        "bonus": 0
      }
    },
    {
      "id": -1,
      "amount": 0,
      "slot": 0,
      "bonus": {
        "effect": "NOTHING",
        "rarity": "COMMON",
        "bonus": 0
      }
    },
    {
      "id": -1,
      "amount": 0,
      "slot": 0,
      "bonus": {
        "effect": "NOTHING",
        "rarity": "COMMON",
        "bonus": 0
      }
    },
    {
      "id": -1,
      "amount": 0,
      "slot": 0,
      "bonus": {
        "effect": "NOTHING",
        "rarity": "COMMON",
        "bonus": 0
      }
    },
    {
      "id": -1,
      "amount": 0,
      "slot": 0,
      "bonus": {
        "effect": "NOTHING",
        "rarity": "COMMON",
        "bonus": 0
      }
    },
    {
      "id": -1,
      "amount": 0,
      "slot": 0,
      "bonus": {
        "effect": "NOTHING",
        "rarity": "COMMON",
        "bonus": 0
      }
    },
    {
      "id": -1,
      "amount": 0,
      "slot": 0,
      "bonus": {
        "effect": "NOTHING",
        "rarity": "COMMON",
        "bonus": 0
      }
    },
    {
      "id": -1,
      "amount": 0,
      "slot": 0,
      "bonus": {
        "effect": "NOTHING",
        "rarity": "COMMON",
        "bonus": 0
      }
    },
    {
      "id": -1,
      "amount": 0,
      "slot": 0,
      "bonus": {
        "effect": "NOTHING",
        "rarity": "COMMON",
        "bonus": 0
      }
    },
    {
      "id": -1,
      "amount": 0,
      "slot": 0,
      "bonus": {
        "effect": "NOTHING",
        "rarity": "COMMON",
        "bonus": 0
      }
    },
    {
      "id": -1,
      "amount": 0,
      "slot": 0,
      "bonus": {
        "effect": "NOTHING",
        "rarity": "COMMON",
        "bonus": 0
      }
    },
    {
      "id": -1,
      "amount": 0,
      "slot": 0,
      "bonus": {
        "effect": "NOTHING",
        "rarity": "COMMON",
        "bonus": 0
      }
    },
    {
      "id": -1,
      "amount": 0,
      "slot": 0,
      "bonus": {
        "effect": "NOTHING",
        "rarity": "COMMON",
        "bonus": 0
      }
    },
    {
      "id": -1,
      "amount": 0,
      "slot": 0,
      "bonus": {
        "effect": "NOTHING",
        "rarity": "COMMON",
        "bonus": 0
      }
    }
  ],
  "bonecrusheffect": true,
  "p-tps": [
    0,
    0,
    0,
    0
  ],
  "yell-tit": "null",
  "afkstall1": 0,
  "afkstall2": 0,
  "afkstall3": 0,
  "achievements-points": 0,
  "achievements-amount": [
    [
      0,
      6,
      0,
      0,
      0,
      217,
      250,
      209,
      58,
      0,
      0,
      0,
      0,
      0,
      0,
      100,
      1282,
      9,
      0,
      0,
      0,
      0,
      0,
      0,
      0,
      0,
      0,
      0,
      0,
      0,
      0,
      0,
      0,
      0,
      0,
      0,
      0,
      0,
      0,
      0,
      0,
      0,
      0,
      0,
      0,
      0,
      0,
      0,
      0,
      0,
      0,
      0,
      0,
      0,
      0,
      0,
      0,
      0,
      0,
      0,
      0,
      0,
      0,
      0,
      0,
      0,
      0,
      0,
      0,
      0,
      0,
      0,
      0,
      0,
      0,
      0,
      0,
      0,
      0,
      0,
      0,
      0,
      0,
      0,
      0,
      0,
      0,
      0,
      0,
      0,
      0,
      0,
      0,
      0,
      0,
      0,
      0,
      0,
      0,
      0
    ],
    [
      0,
      6,
      0,
      0,
      0,
      0,
      0,
      0,
      0,
      0,
      0,
      0,
      0,
      0,
      0,
      151,
      1282,
      0,
      0,
      0,
      0,
      0,
      0,
      0,
      0,
      0,
      0,
      0,
      0,
      0,
      0,
      0,
      0,
      0,
      0,
      0,
      0,
      0,
      0,
      0,
      0,
      0,
      0,
      0,
      0,
      0,
      0,
      0,
      0,
      0,
      0,
      0,
      0,
      0,
      0,
      0,
      0,
      0,
      0,
      0,
      0,
      0,
      0,
      0,
      0,
      0,
      0,
      0,
      0,
      0,
      0,
      0,
      0,
      0,
      0,
      0,
      0,
      0,
      0,
      0,
      0,
      0,
      0,
      0,
      0,
      0,
      0,
      0,
      0,
      0,
      0,
      0,
      0,
      0,
      0,
      0,
      0,
      0,
      0,
      0
    ],
    [
      0,
      6,
      0,
      0,
      0,
      0,
      0,
      0,
      0,
      0,
      0,
      0,
      0,
      0,
      0,
      0,
      151,
      1282,
      0,
      0,
      0,
      0,
      0,
      0,
      0,
      0,
      0,
      0,
      0,
      0,
      0,
      0,
      0,
      0,
      0,
      0,
      0,
      0,
      0,
      0,
      0,
      0,
      0,
      0,
      0,
      0,
      0,
      0,
      0,
      0,
      0,
      0,
      0,
      0,
      0,
      0,
      0,
      0,
      0,
      0,
      0,
      0,
      0,
      0,
      0,
      0,
      0,
      0,
      0,
      0,
      0,
      0,
      0,
      0,
      0,
      0,
      0,
      0,
      0,
      0,
      0,
      0,
      0,
      0,
      0,
      0,
      0,
      0,
      0,
      0,
      0,
      0,
      0,
      0,
      0,
      0,
      0,
      0,
      0,
      0
    ],
    [
      0,
      0,
      0,
      0,
      0,
      0,
      0,
      0,
      0,
      0,
      0,
      0,
      0,
      0,
      0,
      0,
      0,
      0,
      0,
      0,
      0,
      0,
      0,
      0,
      0,
      0,
      0,
      0,
      0,
      0,
      0,
      0,
      0,
      0,
      0,
      0,
      0,
      0,
      0,
      0,
      0,
      0,
      0,
      0,
      0,
      0,
      0,
      0,
      0,
      0,
      0,
      0,
      0,
      0,
      0,
      0,
      0,
      0,
      0,
      0,
      0,
      0,
      0,
      0,
      0,
      0,
      0,
      0,
      0,
      0,
      0,
      0,
      0,
      0,
      0,
      0,
      0,
      0,
      0,
      0,
      0,
      0,
      0,
      0,
      0,
      0,
      0,
      0,
      0,
      0,
      0,
      0,
      0,
      0,
      0,
      0,
      0,
      0,
      0,
      0
    ]
  ],
  "achievements-completed": [
    [
      false,
      false,
      false,
      false,
      false,
      false,
      true,
      false,
      false,
      false,
      false,
      false,
      false,
      false,
      false,
      true,
      false,
      false,
      false,
      false,
      false,
      false,
      false,
      false,
      false,
      false,
      false,
      false,
      false,
      false,
      false,
      false,
      false,
      false,
      false,
      false,
      false,
      false,
      false,
      false,
      false,
      false,
      false,
      false,
      false,
      false,
      false,
      false,
      false,
      false,
      false,
      false,
      false,
      false,
      false,
      false,
      false,
      false,
      false,
      false,
      false,
      false,
      false,
      false,
      false,
      false,
      false,
      false,
      false,
      false,
      false,
      false,
      false,
      false,
      false,
      false,
      false,
      false,
      false,
      false,
      false,
      false,
      false,
      false,
      false,
      false,
      false,
      false,
      false,
      false,
      false,
      false,
      false,
      false,
      false,
      false,
      false,
      false,
      false,
      false
    ],
    [
      false,
      false,
      false,
      false,
      false,
      false,
      false,
      false,
      false,
      false,
      false,
      false,
      false,
      false,
      false,
      false,
      false,
      false,
      false,
      false,
      false,
      false,
      false,
      false,
      false,
      false,
      false,
      false,
      false,
      false,
      false,
      false,
      false,
      false,
      false,
      false,
      false,
      false,
      false,
      false,
      false,
      false,
      false,
      false,
      false,
      false,
      false,
      false,
      false,
      false,
      false,
      false,
      false,
      false,
      false,
      false,
      false,
      false,
      false,
      false,
      false,
      false,
      false,
      false,
      false,
      false,
      false,
      false,
      false,
      false,
      false,
      false,
      false,
      false,
      false,
      false,
      false,
      false,
      false,
      false,
      false,
      false,
      false,
      false,
      false,
      false,
      false,
      false,
      false,
      false,
      false,
      false,
      false,
      false,
      false,
      false,
      false,
      false,
      false,
      false
    ],
    [
      false,
      false,
      false,
      false,
      false,
      false,
      false,
      false,
      false,
      false,
      false,
      false,
      false,
      false,
      false,
      false,
      false,
      false,
      false,
      false,
      false,
      false,
      false,
      false,
      false,
      false,
      false,
      false,
      false,
      false,
      false,
      false,
      false,
      false,
      false,
      false,
      false,
      false,
      false,
      false,
      false,
      false,
      false,
      false,
      false,
      false,
      false,
      false,
      false,
      false,
      false,
      false,
      false,
      false,
      false,
      false,
      false,
      false,
      false,
      false,
      false,
      false,
      false,
      false,
      false,
      false,
      false,
      false,
      false,
      false,
      false,
      false,
      false,
      false,
      false,
      false,
      false,
      false,
      false,
      false,
      false,
      false,
      false,
      false,
      false,
      false,
      false,
      false,
      false,
      false,
      false,
      false,
      false,
      false,
      false,
      false,
      false,
      false,
      false,
      false
    ],
    [
      false,
      false,
      false,
      false,
      false,
      false,
      false,
      false,
      false,
      false,
      false,
      false,
      false,
      false,
      false,
      false,
      false,
      false,
      false,
      false,
      false,
      false,
      false,
      false,
      false,
      false,
      false,
      false,
      false,
      false,
      false,
      false,
      false,
      false,
      false,
      false,
      false,
      false,
      false,
      false,
      false,
      false,
      false,
      false,
      false,
      false,
      false,
      false,
      false,
      false,
      false,
      false,
      false,
      false,
      false,
      false,
      false,
      false,
      false,
      false,
      false,
      false,
      false,
      false,
      false,
      false,
      false,
      false,
      false,
      false,
      false,
      false,
      false,
      false,
      false,
      false,
      false,
      false,
      false,
      false,
      false,
      false,
      false,
      false,
      false,
      false,
      false,
      false,
      false,
      false,
      false,
      false,
      false,
      false,
      false,
      false,
      false,
      false,
      false,
      false
    ]
  ],
  "achievements-daily": 422,
  "progression-zones": [
    10,
    21,
    33,
    41,
    52
  ],
  "zones-complete": [
    true,
    true,
    true,
    true,
    true
  ],
  "gamble-banned": false,
  "lucifers-unlocked": false,
  "dark-supremes-unlocked": false,
  "currency-pouch": {
    "upgradeTokens": 0,
    "pvmTickets": 0,
    "afkTickets": 0,
    "slayerTickets": 0,
    "voteScrolls": 0,
    "petFragments": 0,
    "instanceTokens": 0,
    "goldCharms": 0,
    "greenCharms": 0,
    "crimsonCharms": 0,
    "blueCharms": 0
  },
  "lastTGloveIndex": -1,
  "group-ironman-locked": false,
  "lastInstanceNpc": -1,
  "daily-task": {},
  "collectionlog-rewards": {
    "9922": {
      "canClaim": false,
      "hasClaimed": false
    },
    "8003": {
      "canClaim": false,
      "hasClaimed": false
    },
    "9027": {
      "canClaim": false,
      "hasClaimed": false
    },
    "6692": {
      "canClaim": true,
      "hasClaimed": true
    },
    "202": {
      "canClaim": false,
      "hasClaimed": false
    },
    "811": {
      "canClaim": false,
      "hasClaimed": false
    },
    "9835": {
      "canClaim": false,
      "hasClaimed": false
    },
    "8013": {
      "canClaim": false,
      "hasClaimed": false
    },
    "9837": {
      "canClaim": false,
      "hasClaimed": false
    },
    "8014": {
      "canClaim": false,
      "hasClaimed": false
    },
    "9838": {
      "canClaim": false,
      "hasClaimed": false
    },
    "9807": {
      "canClaim": false,
      "hasClaimed": false
    },
    "9904": {
      "canClaim": false,
      "hasClaimed": false
    },
    "9906": {
      "canClaim": false,
      "hasClaimed": false
    },
    "9907": {
      "canClaim": false,
      "hasClaimed": false
    },
    "9845": {
      "canClaim": false,
      "hasClaimed": false
    },
    "9910": {
      "canClaim": false,
      "hasClaimed": false
    },
    "9911": {
      "canClaim": false,
      "hasClaimed": false
    }
  },
  "daily-skips": 3,
  "dailies-done": 0,
  "daily-task-info": "",
  "level-notifications": true,
  "dailies-received-times": [
    -1,
    -1,
    -1
  ],
  "favorite-teleports": [],
  "obtained-pets": [],
  "battlepass-xp": 0,
  "battlepass-premium": false,
  "mini-me-equipment": [
    null,
    null,
    null,
    null,
    null,
    null,
    null,
    null,
    null,
    null,
    null,
    null,
    null,
    null
  ],
  "drystreak": {
    "9922": 52,
    "8003": 0,
    "9027": 21,
    "6692": 0,
    "202": 2,
    "811": 58,
    "9835": 33,
    "8013": 0,
    "9837": 10,
    "8014": 26,
    "9838": 2,
    "9807": 2,
    "9904": 0,
    "9906": 0,
    "9907": 0,
    "9845": 3,
    "9910": 1,
    "9911": 41
  },
  "boost": 0,
  "slot-level": 0,
  "sp-season": 2,
  "sp-premium": false,
  "sp-level": 15,
  "sp-exp": 488,
  "sp-rewards": [
    true,
    true,
    true,
    true,
    true,
    true,
    true,
    true,
    true,
    true,
    true,
    true,
    true,
    true,
    true,
    false,
    false,
    false,
    false,
    false,
    false,
    false,
    false,
    false,
    false,
    false,
    false,
    false,
    false,
    false,
    false,
    false,
    false,
    false,
    false,
    false,
    false,
    false,
    false,
    false,
    false,
    false,
    false,
    false,
    false,
    false,
    false,
    false,
    false,
    false,
    false,
    false,
    false,
    false,
    false,
    false,
    false,
    false,
    false,
    false,
    false,
    false,
    false,
    false,
    false,
    false,
    false,
    false,
    false,
    false,
    false,
    false,
    false,
    false,
    false,
    false,
    false,
    false,
    false,
    false,
    false,
    false,
    false,
    false,
    false,
    false,
    false,
    false,
    false,
    false,
    false,
    false,
    false,
    false,
    false,
    false,
    false,
    false
  ],
  "p-settings": {
    "hidden-players": false,
    "pass-change": true,
    "is-locked": false,
    "security-lock": true,
    "drop-messages": true,
    "drop-message-personal": false
  },
  "forge-tier": 0,
  "forge-progress": 0,
  "lastloggedinday": "2023-05-22",
  "attendanceprogress": {}
}