{
  "shop": [
    {
      "id": 19481,
      "amount": 70,
      "maxAmount": 73,
      "price": 20000,
      "effect": "NOTHING",
      "bonus": 0
    },
    {
      "id": 5020,
      "amount": 46440,
      "maxAmount": 46440,
      "price": 2000,
      "effect": "NOTHING",
      "bonus": 0
    },
    null,
    null,
    null,
    null,
    null,
    null,
    null,
    null,
    null,
    null,
    null,
    null,
    null,
    null,
    null,
    null,
    null,
    null,
    null,
    null,
    null,
    null,
    null,
    null,
    null,
    null,
    null,
    null,
    null,
    null
  ],
  "earnings": 200000
}