{
  "shop": [
    {
      "id": 19886,
      "amount": 1,
      "maxAmount": 1,
      "price": 1000000,
      "effect": "NOTHING",
      "bonus": 0
    },
    {
      "id": 23058,
      "amount": 1,
      "maxAmount": 1,
      "price": 11000000,
      "effect": "NOTHING",
      "bonus": 0
    },
    {
      "id": 8411,
      "amount": 1,
      "maxAmount": 1,
      "price": 5000000,
      "effect": "NOTHING",
      "bonus": 0
    },
    null,
    null,
    null,
    null,
    null,
    null,
    null,
    null,
    null,
    null,
    null,
    null,
    null,
    null,
    null,
    null,
    null,
    null,
    null,
    null,
    null,
    null,
    null,
    null,
    null,
    null,
    null,
    null,
    null
  ],
  "earnings": 14565000
}