{
  "shop": [
    {
      "id": 925,
      "amount": 1,
      "maxAmount": 1,
      "price": 70000,
      "effect": "NOTHING",
      "bonus": 0
    },
    {
      "id": 919,
      "amount": 1,
      "maxAmount": 1,
      "price": 70000,
      "effect": "NOTHING",
      "bonus": 0
    },
    {
      "id": 928,
      "amount": 1,
      "maxAmount": 1,
      "price": 70000,
      "effect": "NOTHING",
      "bonus": 0
    },
    {
      "id": 1007,
      "amount": 1,
      "maxAmount": 1,
      "price": 70000,
      "effect": "NOTHING",
      "bonus": 0
    },
    {
      "id": 777,
      "amount": 49,
      "maxAmount": 49,
      "price": 20000,
      "effect": "NOTHING",
      "bonus": 0
    },
    {
      "id": 23081,
      "amount": 2,
      "maxAmount": 2,
      "price": 100000,
      "effect": "NOTHING",
      "bonus": 0
    },
    {
      "id": 15647,
      "amount": 1,
      "maxAmount": 1,
      "price": 150000,
      "effect": "RANGE_DAMAGE",
      "bonus": 1
    },
    {
      "id": 22135,
      "amount": 4,
      "maxAmount": 6,
      "price": 200000,
      "effect": "RANGE_DAMAGE",
      "bonus": 1
    },
    {
      "id": 17618,
      "amount": 1,
      "maxAmount": 1,
      "price": 150000,
      "effect": "NOTHING",
      "bonus": 0
    },
    {
      "id": 1053,
      "amount": 1,
      "maxAmount": 1,
      "price": 5000000,
      "effect": "NOTHING",
      "bonus": 0
    },
    {
      "id": 14052,
      "amount": 1,
      "maxAmount": 1,
      "price": 50000,
      "effect": "DROP_RATE_LOW",
      "bonus": 12
    },
    {
      "id": 14050,
      "amount": 1,
      "maxAmount": 2,
      "price": 75000,
      "effect": "DROP_RATE_LOW",
      "bonus": 16
    },
    {
      "id": 6953,
      "amount": 1,
      "maxAmount": 1,
      "price": 2000000,
      "effect": "NOTHING",
      "bonus": 0
    },
    {
      "id": 8833,
      "amount": 1,
      "maxAmount": 1,
      "price": 400000,
      "effect": "NOTHING",
      "bonus": 0
    },
    {
      "id": 1055,
      "amount": 1,
      "maxAmount": 1,
      "price": 2000000,
      "effect": "NOTHING",
      "bonus": 0
    },
    {
      "id": 13736,
      "amount": 1,
      "maxAmount": 1,
      "price": 1000000,
      "effect": "NOTHING",
      "bonus": 0
    },
    {
      "id": 22036,
      "amount": 1,
      "maxAmount": 1,
      "price": 500000,
      "effect": "NOTHING",
      "bonus": 0
    },
    {
      "id": 22135,
      "amount": 1,
      "maxAmount": 1,
      "price": 100000,
      "effect": "ALL_DAMAGE_LOW",
      "bonus": 1
    },
    {
      "id": 15647,
      "amount": 1,
      "maxAmount": 1,
      "price": 200000,
      "effect": "DROP_RATE_LOW",
      "bonus": 20
    },
    {
      "id": 15646,
      "amount": 1,
      "maxAmount": 1,
      "price": 75000,
      "effect": "MAGIC_DAMAGE",
      "bonus": 1
    },
    {
      "id": 22135,
      "amount": 1,
      "maxAmount": 1,
      "price": 100000,
      "effect": "DROP_RATE_LOW",
      "bonus": 10
    },
    {
      "id": 15645,
      "amount": 1,
      "maxAmount": 1,
      "price": 100000,
      "effect": "DOUBLE_DROP",
      "bonus": 15
    },
    {
      "id": 23020,
      "amount": 10,
      "maxAmount": 10,
      "price": 200000,
      "effect": "NOTHING",
      "bonus": 0
    },
    null,
    null,
    null,
    null,
    null,
    null,
    null,
    null,
    null
  ],
  "earnings": 17500000
}