{
  "shop": [
    {
      "id": 732,
      "amount": 3,
      "maxAmount": 3,
      "price": 250000,
      "effect": "NOTHING",
      "bonus": 0
    },
    {
      "id": 20503,
      "amount": 35,
      "maxAmount": 35,
      "price": 3000000,
      "effect": "NOTHING",
      "bonus": 0
    },
    null,
    null,
    null,
    null,
    null,
    null,
    null,
    null,
    null,
    null,
    null,
    null,
    null,
    null,
    null,
    null,
    null,
    null,
    null,
    null,
    null,
    null,
    null,
    null,
    null,
    null,
    null,
    null,
    null,
    null
  ],
  "earnings": 0
}